ISO-10303-21;
HEADER;
/* Generated by software containing ST-Developer
 * from STEP Tools, Inc. (www.steptools.com) 
 */

FILE_DESCRIPTION(
/* description */ ('Unknown'),
/* implementation_level */ '2;1');

FILE_NAME(
/* name */ 'Support_Fusible.step',
/* time_stamp */ '2026-09-13T18:35:00+02:00',
/* author */ (''),
/* organization */ (''),
/* preprocessor_version */ 'ST-DEVELOPER v20.2',
/* originating_system */ 'Autodesk Translation Framework v15.15.0.0',
/* authorisation */ '');

FILE_SCHEMA (('AUTOMOTIVE_DESIGN { 1 0 10303 214 3 1 1 }'));
ENDSEC;

DATA;
#10=MECHANICAL_DESIGN_GEOMETRIC_PRESENTATION_REPRESENTATION('',(#13),#6966);
#11=SHAPE_REPRESENTATION_RELATIONSHIP('SRR','None',#6972,#12);
#12=ADVANCED_BREP_SHAPE_REPRESENTATION('',(#14),#6965);
#13=STYLED_ITEM('',(#6981),#14);
#14=MANIFOLD_SOLID_BREP('Body1',#3793);
#15=CONICAL_SURFACE('',#4095,0.800000000000002,0.785398163397447);
#16=CONICAL_SURFACE('',#4098,0.799999999999996,0.78539816339745);
#17=CONICAL_SURFACE('',#4107,0.8,0.785398163397448);
#18=CONICAL_SURFACE('',#4110,0.800000000000001,0.785398163397449);
#19=CONICAL_SURFACE('',#4118,0.675000000000003,0.785398163397451);
#20=CONICAL_SURFACE('',#4121,0.674999999999995,0.78539816339745);
#21=CONICAL_SURFACE('',#4125,0.675,0.785398163397451);
#22=CONICAL_SURFACE('',#4128,0.675,0.785398163397448);
#23=FACE_BOUND('',#474,.T.);
#24=FACE_BOUND('',#475,.T.);
#25=FACE_BOUND('',#481,.T.);
#26=FACE_BOUND('',#485,.T.);
#27=FACE_BOUND('',#591,.T.);
#28=FACE_BOUND('',#592,.T.);
#29=FACE_BOUND('',#593,.T.);
#30=FACE_BOUND('',#594,.T.);
#31=FACE_BOUND('',#595,.T.);
#32=FACE_BOUND('',#596,.T.);
#33=FACE_BOUND('',#597,.T.);
#34=ELLIPSE('',#3853,3.25,3.);
#35=ELLIPSE('',#3854,3.25,3.);
#36=ELLIPSE('',#3856,3.25,3.);
#37=ELLIPSE('',#3857,3.25,3.);
#38=ELLIPSE('',#3887,3.25,3.);
#39=ELLIPSE('',#3888,3.25,3.);
#40=ELLIPSE('',#3890,3.25,3.);
#41=ELLIPSE('',#3891,3.25,3.);
#42=ELLIPSE('',#3957,0.324717660087719,0.3);
#43=ELLIPSE('',#3959,0.324717660087718,0.3);
#44=ELLIPSE('',#3961,0.324717660087718,0.3);
#45=ELLIPSE('',#3963,0.324717660087719,0.3);
#46=ELLIPSE('',#3968,1.41421356237309,1.);
#47=ELLIPSE('',#3970,1.4142135623731,1.);
#48=ELLIPSE('',#3977,1.4142135623731,1.);
#49=ELLIPSE('',#3979,1.41421356237309,1.);
#50=ELLIPSE('',#3983,0.324717660087719,0.3);
#51=ELLIPSE('',#3985,0.324717660087718,0.3);
#52=ELLIPSE('',#3987,0.324717660087718,0.3);
#53=ELLIPSE('',#3989,0.324717660087719,0.3);
#54=ELLIPSE('',#3994,1.4142135623731,1.);
#55=ELLIPSE('',#3996,1.41421356237311,1.);
#56=ELLIPSE('',#4003,1.41421356237311,1.);
#57=ELLIPSE('',#4005,1.4142135623731,1.);
#58=ELLIPSE('',#4025,0.432956880116958,0.4);
#59=ELLIPSE('',#4027,0.432956880116957,0.4);
#60=ELLIPSE('',#4029,0.432956880116957,0.4);
#61=ELLIPSE('',#4031,0.432956880116958,0.4);
#62=ELLIPSE('',#4051,0.432956880116958,0.4);
#63=ELLIPSE('',#4053,0.432956880116957,0.4);
#64=ELLIPSE('',#4055,0.432956880116958,0.4);
#65=ELLIPSE('',#4057,0.432956880116958,0.4);
#66=PLANE('',#3827);
#67=PLANE('',#3828);
#68=PLANE('',#3829);
#69=PLANE('',#3830);
#70=PLANE('',#3831);
#71=PLANE('',#3832);
#72=PLANE('',#3833);
#73=PLANE('',#3846);
#74=PLANE('',#3847);
#75=PLANE('',#3848);
#76=PLANE('',#3849);
#77=PLANE('',#3850);
#78=PLANE('',#3851);
#79=PLANE('',#3852);
#80=PLANE('',#3877);
#81=PLANE('',#3880);
#82=PLANE('',#3886);
#83=PLANE('',#3911);
#84=PLANE('',#3914);
#85=PLANE('',#3920);
#86=PLANE('',#3921);
#87=PLANE('',#3924);
#88=PLANE('',#3927);
#89=PLANE('',#3930);
#90=PLANE('',#3937);
#91=PLANE('',#3938);
#92=PLANE('',#3942);
#93=PLANE('',#3948);
#94=PLANE('',#3971);
#95=PLANE('',#3972);
#96=PLANE('',#3973);
#97=PLANE('',#3974);
#98=PLANE('',#3975);
#99=PLANE('',#3997);
#100=PLANE('',#3998);
#101=PLANE('',#3999);
#102=PLANE('',#4000);
#103=PLANE('',#4001);
#104=PLANE('',#4059);
#105=PLANE('',#4064);
#106=PLANE('',#4065);
#107=PLANE('',#4066);
#108=PLANE('',#4067);
#109=PLANE('',#4068);
#110=PLANE('',#4069);
#111=PLANE('',#4070);
#112=PLANE('',#4084);
#113=PLANE('',#4094);
#114=PLANE('',#4097);
#115=PLANE('',#4100);
#116=PLANE('',#4103);
#117=PLANE('',#4106);
#118=PLANE('',#4109);
#119=PLANE('',#4114);
#120=PLANE('',#4117);
#121=PLANE('',#4120);
#122=PLANE('',#4123);
#123=PLANE('',#4124);
#124=PLANE('',#4127);
#125=PLANE('',#4130);
#126=PLANE('',#4131);
#127=PLANE('',#4134);
#128=PLANE('',#4137);
#129=PLANE('',#4142);
#130=PLANE('',#4147);
#131=PLANE('',#4150);
#132=PLANE('',#4151);
#133=PLANE('',#4152);
#134=PLANE('',#4153);
#135=PLANE('',#4158);
#136=PLANE('',#4160);
#137=PLANE('',#4162);
#138=PLANE('',#4163);
#139=PLANE('',#4164);
#140=PLANE('',#4165);
#141=PLANE('',#4166);
#142=PLANE('',#4167);
#143=PLANE('',#4168);
#144=PLANE('',#4169);
#145=PLANE('',#4170);
#146=PLANE('',#4171);
#147=PLANE('',#4172);
#148=PLANE('',#4173);
#149=PLANE('',#4174);
#150=PLANE('',#4175);
#151=PLANE('',#4176);
#152=PLANE('',#4177);
#153=PLANE('',#4178);
#154=PLANE('',#4179);
#155=PLANE('',#4180);
#156=PLANE('',#4181);
#157=PLANE('',#4182);
#158=PLANE('',#4183);
#159=PLANE('',#4185);
#160=PLANE('',#4187);
#161=PLANE('',#4188);
#162=PLANE('',#4189);
#163=TOROIDAL_SURFACE('',#3823,10.,3.);
#164=TOROIDAL_SURFACE('',#3842,10.,3.);
#165=TOROIDAL_SURFACE('',#3864,10.,3.);
#166=TOROIDAL_SURFACE('',#3898,10.,3.);
#167=TOROIDAL_SURFACE('',#4007,0.599999999999999,0.4);
#168=TOROIDAL_SURFACE('',#4010,0.599999999999999,0.4);
#169=TOROIDAL_SURFACE('',#4015,1.35,0.4);
#170=TOROIDAL_SURFACE('',#4020,1.35,0.4);
#171=TOROIDAL_SURFACE('',#4032,0.599999999999999,0.4);
#172=TOROIDAL_SURFACE('',#4035,0.599999999999998,0.4);
#173=TOROIDAL_SURFACE('',#4040,1.35,0.4);
#174=TOROIDAL_SURFACE('',#4045,1.35,0.4);
#175=TOROIDAL_SURFACE('',#4073,1.12426406871193,0.3);
#176=TOROIDAL_SURFACE('',#4079,1.12426406871193,0.3);
#177=TOROIDAL_SURFACE('',#4087,1.12426406871192,0.3);
#178=TOROIDAL_SURFACE('',#4092,1.12426406871193,0.3);
#179=B_SPLINE_SURFACE_WITH_KNOTS('',3,3,((#5615,#5616,#5617,#5618,#5619,
#5620,#5621),(#5622,#5623,#5624,#5625,#5626,#5627,#5628),(#5629,#5630,#5631,
#5632,#5633,#5634,#5635),(#5636,#5637,#5638,#5639,#5640,#5641,#5642),(#5643,
#5644,#5645,#5646,#5647,#5648,#5649)),.UNSPECIFIED.,.F.,.F.,.F.,(4,1,4),
(4,1,1,1,4),(0.,0.571428571428571,1.),(0.,0.20540385322486,0.410807706449721,
0.684679510749534,0.958551315049348),.UNSPECIFIED.);
#180=B_SPLINE_SURFACE_WITH_KNOTS('',3,3,((#5734,#5735,#5736,#5737,#5738,
#5739,#5740),(#5741,#5742,#5743,#5744,#5745,#5746,#5747),(#5748,#5749,#5750,
#5751,#5752,#5753,#5754),(#5755,#5756,#5757,#5758,#5759,#5760,#5761),(#5762,
#5763,#5764,#5765,#5766,#5767,#5768)),.UNSPECIFIED.,.F.,.F.,.F.,(4,1,4),
(4,1,1,1,4),(0.,0.571428571428571,1.),(0.,0.273871804299814,0.547743608599627,
0.821615412899441,0.958551315049348),.UNSPECIFIED.);
#181=B_SPLINE_SURFACE_WITH_KNOTS('',3,3,((#5822,#5823,#5824,#5825,#5826,
#5827),(#5828,#5829,#5830,#5831,#5832,#5833),(#5834,#5835,#5836,#5837,#5838,
#5839),(#5840,#5841,#5842,#5843,#5844,#5845),(#5846,#5847,#5848,#5849,#5850,
#5851)),.UNSPECIFIED.,.F.,.F.,.F.,(4,1,4),(4,1,1,4),(0.,0.571428571428571,
1.),(-7.18946507265943E-17,0.448798950512828,0.897597901025655,1.5707963267949),
 .UNSPECIFIED.);
#182=B_SPLINE_SURFACE_WITH_KNOTS('',3,3,((#5857,#5858,#5859,#5860,#5861,
#5862),(#5863,#5864,#5865,#5866,#5867,#5868),(#5869,#5870,#5871,#5872,#5873,
#5874),(#5875,#5876,#5877,#5878,#5879,#5880),(#5881,#5882,#5883,#5884,#5885,
#5886)),.UNSPECIFIED.,.F.,.F.,.F.,(4,1,4),(4,1,1,4),(0.,0.571428571428571,
1.),(0.,0.224399475256414,0.673198425769241,1.5707963267949),
 .UNSPECIFIED.);
#183=B_SPLINE_SURFACE_WITH_KNOTS('',3,3,((#5901,#5902,#5903,#5904,#5905,
#5906,#5907),(#5908,#5909,#5910,#5911,#5912,#5913,#5914),(#5915,#5916,#5917,
#5918,#5919,#5920,#5921),(#5922,#5923,#5924,#5925,#5926,#5927,#5928),(#5929,
#5930,#5931,#5932,#5933,#5934,#5935)),.UNSPECIFIED.,.F.,.F.,.F.,(4,1,4),
(4,1,1,1,4),(0.,0.571428571428571,1.),(0.,0.273871804343387,0.41080770651508,
0.684679510858467,0.958551315201854),.UNSPECIFIED.);
#184=B_SPLINE_SURFACE_WITH_KNOTS('',3,3,((#6037,#6038,#6039,#6040,#6041,
#6042),(#6043,#6044,#6045,#6046,#6047,#6048),(#6049,#6050,#6051,#6052,#6053,
#6054),(#6055,#6056,#6057,#6058,#6059,#6060),(#6061,#6062,#6063,#6064,#6065,
#6066)),.UNSPECIFIED.,.F.,.F.,.F.,(4,1,4),(4,1,1,4),(0.,0.571428571428571,
1.),(0.,0.224399475256414,0.673198425769241,1.5707963267949),
 .UNSPECIFIED.);
#185=B_SPLINE_SURFACE_WITH_KNOTS('',3,3,((#6071,#6072,#6073,#6074,#6075,
#6076),(#6077,#6078,#6079,#6080,#6081,#6082),(#6083,#6084,#6085,#6086,#6087,
#6088),(#6089,#6090,#6091,#6092,#6093,#6094),(#6095,#6096,#6097,#6098,#6099,
#6100)),.UNSPECIFIED.,.F.,.F.,.F.,(4,1,4),(4,1,1,4),(0.,0.571428571428571,
1.),(0.,0.224399475256414,0.673198425769241,1.5707963267949),
 .UNSPECIFIED.);
#186=B_SPLINE_SURFACE_WITH_KNOTS('',3,3,((#6114,#6115,#6116,#6117,#6118,
#6119,#6120),(#6121,#6122,#6123,#6124,#6125,#6126,#6127),(#6128,#6129,#6130,
#6131,#6132,#6133,#6134),(#6135,#6136,#6137,#6138,#6139,#6140,#6141),(#6142,
#6143,#6144,#6145,#6146,#6147,#6148)),.UNSPECIFIED.,.F.,.F.,.F.,(4,1,4),
(4,1,1,1,4),(0.,0.571428571428571,1.),(2.68808896962256E-16,0.273871804343387,
0.410807706515081,0.684679510858467,0.958551315201854),.UNSPECIFIED.);
#187=(
BOUNDED_SURFACE()
B_SPLINE_SURFACE(2,2,((#5587,#5588,#5589),(#5590,#5591,#5592),(#5593,#5594,
#5595)),.UNSPECIFIED.,.F.,.F.,.F.)
B_SPLINE_SURFACE_WITH_KNOTS((3,3),(3,3),(-0.534015264299845,0.),(-0.280900849725458,
0.280900849725458),.UNSPECIFIED.)
GEOMETRIC_REPRESENTATION_ITEM()
RATIONAL_B_SPLINE_SURFACE(((1.,0.960806093471563,1.),(0.964564738823539,
0.926759678609463,0.964564738823539),(1.,0.960806093471563,1.)))
REPRESENTATION_ITEM('')
SURFACE()
);
#188=(
BOUNDED_SURFACE()
B_SPLINE_SURFACE(2,2,((#5707,#5708,#5709),(#5710,#5711,#5712),(#5713,#5714,
#5715)),.UNSPECIFIED.,.F.,.F.,.F.)
B_SPLINE_SURFACE_WITH_KNOTS((3,3),(3,3),(-0.53401526429984,0.),(-0.280900849725458,
0.280900849725457),.UNSPECIFIED.)
GEOMETRIC_REPRESENTATION_ITEM()
RATIONAL_B_SPLINE_SURFACE(((1.,0.960806093471563,1.),(0.96456473882354,
0.926759678609463,0.96456473882354),(1.,0.960806093471563,1.)))
REPRESENTATION_ITEM('')
SURFACE()
);
#189=FACE_OUTER_BOUND('',#406,.T.);
#190=FACE_OUTER_BOUND('',#407,.T.);
#191=FACE_OUTER_BOUND('',#408,.T.);
#192=FACE_OUTER_BOUND('',#409,.T.);
#193=FACE_OUTER_BOUND('',#410,.T.);
#194=FACE_OUTER_BOUND('',#411,.T.);
#195=FACE_OUTER_BOUND('',#412,.T.);
#196=FACE_OUTER_BOUND('',#413,.T.);
#197=FACE_OUTER_BOUND('',#414,.T.);
#198=FACE_OUTER_BOUND('',#415,.T.);
#199=FACE_OUTER_BOUND('',#416,.T.);
#200=FACE_OUTER_BOUND('',#417,.T.);
#201=FACE_OUTER_BOUND('',#418,.T.);
#202=FACE_OUTER_BOUND('',#419,.T.);
#203=FACE_OUTER_BOUND('',#420,.T.);
#204=FACE_OUTER_BOUND('',#421,.T.);
#205=FACE_OUTER_BOUND('',#422,.T.);
#206=FACE_OUTER_BOUND('',#423,.T.);
#207=FACE_OUTER_BOUND('',#424,.T.);
#208=FACE_OUTER_BOUND('',#425,.T.);
#209=FACE_OUTER_BOUND('',#426,.T.);
#210=FACE_OUTER_BOUND('',#427,.T.);
#211=FACE_OUTER_BOUND('',#428,.T.);
#212=FACE_OUTER_BOUND('',#429,.T.);
#213=FACE_OUTER_BOUND('',#430,.T.);
#214=FACE_OUTER_BOUND('',#431,.T.);
#215=FACE_OUTER_BOUND('',#432,.T.);
#216=FACE_OUTER_BOUND('',#433,.T.);
#217=FACE_OUTER_BOUND('',#434,.T.);
#218=FACE_OUTER_BOUND('',#435,.T.);
#219=FACE_OUTER_BOUND('',#436,.T.);
#220=FACE_OUTER_BOUND('',#437,.T.);
#221=FACE_OUTER_BOUND('',#438,.T.);
#222=FACE_OUTER_BOUND('',#439,.T.);
#223=FACE_OUTER_BOUND('',#440,.T.);
#224=FACE_OUTER_BOUND('',#441,.T.);
#225=FACE_OUTER_BOUND('',#442,.T.);
#226=FACE_OUTER_BOUND('',#443,.T.);
#227=FACE_OUTER_BOUND('',#444,.T.);
#228=FACE_OUTER_BOUND('',#445,.T.);
#229=FACE_OUTER_BOUND('',#446,.T.);
#230=FACE_OUTER_BOUND('',#447,.T.);
#231=FACE_OUTER_BOUND('',#448,.T.);
#232=FACE_OUTER_BOUND('',#449,.T.);
#233=FACE_OUTER_BOUND('',#450,.T.);
#234=FACE_OUTER_BOUND('',#451,.T.);
#235=FACE_OUTER_BOUND('',#452,.T.);
#236=FACE_OUTER_BOUND('',#453,.T.);
#237=FACE_OUTER_BOUND('',#454,.T.);
#238=FACE_OUTER_BOUND('',#455,.T.);
#239=FACE_OUTER_BOUND('',#456,.T.);
#240=FACE_OUTER_BOUND('',#457,.T.);
#241=FACE_OUTER_BOUND('',#458,.T.);
#242=FACE_OUTER_BOUND('',#459,.T.);
#243=FACE_OUTER_BOUND('',#460,.T.);
#244=FACE_OUTER_BOUND('',#461,.T.);
#245=FACE_OUTER_BOUND('',#462,.T.);
#246=FACE_OUTER_BOUND('',#463,.T.);
#247=FACE_OUTER_BOUND('',#464,.T.);
#248=FACE_OUTER_BOUND('',#465,.T.);
#249=FACE_OUTER_BOUND('',#466,.T.);
#250=FACE_OUTER_BOUND('',#467,.T.);
#251=FACE_OUTER_BOUND('',#468,.T.);
#252=FACE_OUTER_BOUND('',#469,.T.);
#253=FACE_OUTER_BOUND('',#470,.T.);
#254=FACE_OUTER_BOUND('',#471,.T.);
#255=FACE_OUTER_BOUND('',#472,.T.);
#256=FACE_OUTER_BOUND('',#473,.T.);
#257=FACE_OUTER_BOUND('',#476,.T.);
#258=FACE_OUTER_BOUND('',#477,.T.);
#259=FACE_OUTER_BOUND('',#478,.T.);
#260=FACE_OUTER_BOUND('',#479,.T.);
#261=FACE_OUTER_BOUND('',#480,.T.);
#262=FACE_OUTER_BOUND('',#482,.T.);
#263=FACE_OUTER_BOUND('',#483,.T.);
#264=FACE_OUTER_BOUND('',#484,.T.);
#265=FACE_OUTER_BOUND('',#486,.T.);
#266=FACE_OUTER_BOUND('',#487,.T.);
#267=FACE_OUTER_BOUND('',#488,.T.);
#268=FACE_OUTER_BOUND('',#489,.T.);
#269=FACE_OUTER_BOUND('',#490,.T.);
#270=FACE_OUTER_BOUND('',#491,.T.);
#271=FACE_OUTER_BOUND('',#492,.T.);
#272=FACE_OUTER_BOUND('',#493,.T.);
#273=FACE_OUTER_BOUND('',#494,.T.);
#274=FACE_OUTER_BOUND('',#495,.T.);
#275=FACE_OUTER_BOUND('',#496,.T.);
#276=FACE_OUTER_BOUND('',#497,.T.);
#277=FACE_OUTER_BOUND('',#498,.T.);
#278=FACE_OUTER_BOUND('',#499,.T.);
#279=FACE_OUTER_BOUND('',#500,.T.);
#280=FACE_OUTER_BOUND('',#501,.T.);
#281=FACE_OUTER_BOUND('',#502,.T.);
#282=FACE_OUTER_BOUND('',#503,.T.);
#283=FACE_OUTER_BOUND('',#504,.T.);
#284=FACE_OUTER_BOUND('',#505,.T.);
#285=FACE_OUTER_BOUND('',#506,.T.);
#286=FACE_OUTER_BOUND('',#507,.T.);
#287=FACE_OUTER_BOUND('',#508,.T.);
#288=FACE_OUTER_BOUND('',#509,.T.);
#289=FACE_OUTER_BOUND('',#510,.T.);
#290=FACE_OUTER_BOUND('',#511,.T.);
#291=FACE_OUTER_BOUND('',#512,.T.);
#292=FACE_OUTER_BOUND('',#513,.T.);
#293=FACE_OUTER_BOUND('',#514,.T.);
#294=FACE_OUTER_BOUND('',#515,.T.);
#295=FACE_OUTER_BOUND('',#516,.T.);
#296=FACE_OUTER_BOUND('',#517,.T.);
#297=FACE_OUTER_BOUND('',#518,.T.);
#298=FACE_OUTER_BOUND('',#519,.T.);
#299=FACE_OUTER_BOUND('',#520,.T.);
#300=FACE_OUTER_BOUND('',#521,.T.);
#301=FACE_OUTER_BOUND('',#522,.T.);
#302=FACE_OUTER_BOUND('',#523,.T.);
#303=FACE_OUTER_BOUND('',#524,.T.);
#304=FACE_OUTER_BOUND('',#525,.T.);
#305=FACE_OUTER_BOUND('',#526,.T.);
#306=FACE_OUTER_BOUND('',#527,.T.);
#307=FACE_OUTER_BOUND('',#528,.T.);
#308=FACE_OUTER_BOUND('',#529,.T.);
#309=FACE_OUTER_BOUND('',#530,.T.);
#310=FACE_OUTER_BOUND('',#531,.T.);
#311=FACE_OUTER_BOUND('',#532,.T.);
#312=FACE_OUTER_BOUND('',#533,.T.);
#313=FACE_OUTER_BOUND('',#534,.T.);
#314=FACE_OUTER_BOUND('',#535,.T.);
#315=FACE_OUTER_BOUND('',#536,.T.);
#316=FACE_OUTER_BOUND('',#537,.T.);
#317=FACE_OUTER_BOUND('',#538,.T.);
#318=FACE_OUTER_BOUND('',#539,.T.);
#319=FACE_OUTER_BOUND('',#540,.T.);
#320=FACE_OUTER_BOUND('',#541,.T.);
#321=FACE_OUTER_BOUND('',#542,.T.);
#322=FACE_OUTER_BOUND('',#543,.T.);
#323=FACE_OUTER_BOUND('',#544,.T.);
#324=FACE_OUTER_BOUND('',#545,.T.);
#325=FACE_OUTER_BOUND('',#546,.T.);
#326=FACE_OUTER_BOUND('',#547,.T.);
#327=FACE_OUTER_BOUND('',#548,.T.);
#328=FACE_OUTER_BOUND('',#549,.T.);
#329=FACE_OUTER_BOUND('',#550,.T.);
#330=FACE_OUTER_BOUND('',#551,.T.);
#331=FACE_OUTER_BOUND('',#552,.T.);
#332=FACE_OUTER_BOUND('',#553,.T.);
#333=FACE_OUTER_BOUND('',#554,.T.);
#334=FACE_OUTER_BOUND('',#555,.T.);
#335=FACE_OUTER_BOUND('',#556,.T.);
#336=FACE_OUTER_BOUND('',#557,.T.);
#337=FACE_OUTER_BOUND('',#558,.T.);
#338=FACE_OUTER_BOUND('',#559,.T.);
#339=FACE_OUTER_BOUND('',#560,.T.);
#340=FACE_OUTER_BOUND('',#561,.T.);
#341=FACE_OUTER_BOUND('',#562,.T.);
#342=FACE_OUTER_BOUND('',#563,.T.);
#343=FACE_OUTER_BOUND('',#564,.T.);
#344=FACE_OUTER_BOUND('',#565,.T.);
#345=FACE_OUTER_BOUND('',#566,.T.);
#346=FACE_OUTER_BOUND('',#567,.T.);
#347=FACE_OUTER_BOUND('',#568,.T.);
#348=FACE_OUTER_BOUND('',#569,.T.);
#349=FACE_OUTER_BOUND('',#570,.T.);
#350=FACE_OUTER_BOUND('',#571,.T.);
#351=FACE_OUTER_BOUND('',#572,.T.);
#352=FACE_OUTER_BOUND('',#573,.T.);
#353=FACE_OUTER_BOUND('',#574,.T.);
#354=FACE_OUTER_BOUND('',#575,.T.);
#355=FACE_OUTER_BOUND('',#576,.T.);
#356=FACE_OUTER_BOUND('',#577,.T.);
#357=FACE_OUTER_BOUND('',#578,.T.);
#358=FACE_OUTER_BOUND('',#579,.T.);
#359=FACE_OUTER_BOUND('',#580,.T.);
#360=FACE_OUTER_BOUND('',#581,.T.);
#361=FACE_OUTER_BOUND('',#582,.T.);
#362=FACE_OUTER_BOUND('',#583,.T.);
#363=FACE_OUTER_BOUND('',#584,.T.);
#364=FACE_OUTER_BOUND('',#585,.T.);
#365=FACE_OUTER_BOUND('',#586,.T.);
#366=FACE_OUTER_BOUND('',#587,.T.);
#367=FACE_OUTER_BOUND('',#588,.T.);
#368=FACE_OUTER_BOUND('',#589,.T.);
#369=FACE_OUTER_BOUND('',#590,.T.);
#370=FACE_OUTER_BOUND('',#598,.T.);
#371=FACE_OUTER_BOUND('',#599,.T.);
#372=FACE_OUTER_BOUND('',#600,.T.);
#373=FACE_OUTER_BOUND('',#601,.T.);
#374=FACE_OUTER_BOUND('',#602,.T.);
#375=FACE_OUTER_BOUND('',#603,.T.);
#376=FACE_OUTER_BOUND('',#604,.T.);
#377=FACE_OUTER_BOUND('',#605,.T.);
#378=FACE_OUTER_BOUND('',#606,.T.);
#379=FACE_OUTER_BOUND('',#607,.T.);
#380=FACE_OUTER_BOUND('',#608,.T.);
#381=FACE_OUTER_BOUND('',#609,.T.);
#382=FACE_OUTER_BOUND('',#610,.T.);
#383=FACE_OUTER_BOUND('',#611,.T.);
#384=FACE_OUTER_BOUND('',#612,.T.);
#385=FACE_OUTER_BOUND('',#613,.T.);
#386=FACE_OUTER_BOUND('',#614,.T.);
#387=FACE_OUTER_BOUND('',#615,.T.);
#388=FACE_OUTER_BOUND('',#616,.T.);
#389=FACE_OUTER_BOUND('',#617,.T.);
#390=FACE_OUTER_BOUND('',#618,.T.);
#391=FACE_OUTER_BOUND('',#619,.T.);
#392=FACE_OUTER_BOUND('',#620,.T.);
#393=FACE_OUTER_BOUND('',#621,.T.);
#394=FACE_OUTER_BOUND('',#622,.T.);
#395=FACE_OUTER_BOUND('',#623,.T.);
#396=FACE_OUTER_BOUND('',#624,.T.);
#397=FACE_OUTER_BOUND('',#625,.T.);
#398=FACE_OUTER_BOUND('',#626,.T.);
#399=FACE_OUTER_BOUND('',#627,.T.);
#400=FACE_OUTER_BOUND('',#628,.T.);
#401=FACE_OUTER_BOUND('',#629,.T.);
#402=FACE_OUTER_BOUND('',#630,.T.);
#403=FACE_OUTER_BOUND('',#631,.T.);
#404=FACE_OUTER_BOUND('',#632,.T.);
#405=FACE_OUTER_BOUND('',#633,.T.);
#406=EDGE_LOOP('',(#2378,#2379,#2380,#2381,#2382,#2383,#2384,#2385,#2386,
#2387,#2388,#2389,#2390,#2391));
#407=EDGE_LOOP('',(#2392,#2393,#2394,#2395,#2396,#2397,#2398,#2399,#2400,
#2401,#2402,#2403,#2404,#2405));
#408=EDGE_LOOP('',(#2406,#2407,#2408,#2409,#2410,#2411,#2412,#2413,#2414,
#2415,#2416,#2417,#2418,#2419));
#409=EDGE_LOOP('',(#2420,#2421,#2422,#2423,#2424,#2425,#2426,#2427,#2428,
#2429,#2430,#2431,#2432,#2433));
#410=EDGE_LOOP('',(#2434,#2435,#2436,#2437));
#411=EDGE_LOOP('',(#2438,#2439,#2440,#2441));
#412=EDGE_LOOP('',(#2442,#2443,#2444,#2445));
#413=EDGE_LOOP('',(#2446,#2447,#2448,#2449,#2450,#2451,#2452));
#414=EDGE_LOOP('',(#2453,#2454,#2455,#2456,#2457));
#415=EDGE_LOOP('',(#2458,#2459,#2460,#2461));
#416=EDGE_LOOP('',(#2462,#2463,#2464,#2465));
#417=EDGE_LOOP('',(#2466,#2467,#2468,#2469,#2470,#2471,#2472,#2473));
#418=EDGE_LOOP('',(#2474,#2475,#2476));
#419=EDGE_LOOP('',(#2477,#2478,#2479));
#420=EDGE_LOOP('',(#2480,#2481,#2482));
#421=EDGE_LOOP('',(#2483,#2484,#2485,#2486));
#422=EDGE_LOOP('',(#2487,#2488,#2489,#2490));
#423=EDGE_LOOP('',(#2491,#2492,#2493,#2494));
#424=EDGE_LOOP('',(#2495,#2496,#2497,#2498));
#425=EDGE_LOOP('',(#2499,#2500,#2501,#2502,#2503,#2504,#2505));
#426=EDGE_LOOP('',(#2506,#2507,#2508,#2509,#2510));
#427=EDGE_LOOP('',(#2511,#2512,#2513,#2514));
#428=EDGE_LOOP('',(#2515,#2516,#2517,#2518));
#429=EDGE_LOOP('',(#2519,#2520,#2521,#2522,#2523,#2524,#2525,#2526));
#430=EDGE_LOOP('',(#2527,#2528,#2529));
#431=EDGE_LOOP('',(#2530,#2531,#2532));
#432=EDGE_LOOP('',(#2533,#2534,#2535));
#433=EDGE_LOOP('',(#2536,#2537,#2538,#2539));
#434=EDGE_LOOP('',(#2540,#2541,#2542));
#435=EDGE_LOOP('',(#2543,#2544,#2545));
#436=EDGE_LOOP('',(#2546,#2547,#2548,#2549));
#437=EDGE_LOOP('',(#2550,#2551,#2552,#2553));
#438=EDGE_LOOP('',(#2554,#2555,#2556,#2557,#2558,#2559,#2560));
#439=EDGE_LOOP('',(#2561,#2562,#2563,#2564,#2565));
#440=EDGE_LOOP('',(#2566,#2567,#2568,#2569));
#441=EDGE_LOOP('',(#2570,#2571,#2572,#2573));
#442=EDGE_LOOP('',(#2574,#2575,#2576,#2577));
#443=EDGE_LOOP('',(#2578,#2579,#2580,#2581));
#444=EDGE_LOOP('',(#2582,#2583,#2584,#2585,#2586,#2587));
#445=EDGE_LOOP('',(#2588,#2589,#2590,#2591));
#446=EDGE_LOOP('',(#2592,#2593,#2594,#2595));
#447=EDGE_LOOP('',(#2596,#2597,#2598,#2599));
#448=EDGE_LOOP('',(#2600,#2601,#2602,#2603,#2604,#2605,#2606,#2607,#2608,
#2609,#2610,#2611,#2612,#2613,#2614,#2615));
#449=EDGE_LOOP('',(#2616,#2617,#2618,#2619,#2620,#2621,#2622,#2623));
#450=EDGE_LOOP('',(#2624,#2625,#2626,#2627,#2628));
#451=EDGE_LOOP('',(#2629,#2630,#2631));
#452=EDGE_LOOP('',(#2632,#2633,#2634));
#453=EDGE_LOOP('',(#2635,#2636,#2637,#2638));
#454=EDGE_LOOP('',(#2639,#2640,#2641,#2642));
#455=EDGE_LOOP('',(#2643,#2644,#2645,#2646,#2647,#2648,#2649));
#456=EDGE_LOOP('',(#2650,#2651,#2652,#2653,#2654));
#457=EDGE_LOOP('',(#2655,#2656,#2657,#2658));
#458=EDGE_LOOP('',(#2659,#2660,#2661,#2662));
#459=EDGE_LOOP('',(#2663,#2664,#2665,#2666));
#460=EDGE_LOOP('',(#2667,#2668,#2669,#2670));
#461=EDGE_LOOP('',(#2671,#2672,#2673,#2674,#2675,#2676));
#462=EDGE_LOOP('',(#2677,#2678,#2679,#2680));
#463=EDGE_LOOP('',(#2681,#2682,#2683,#2684));
#464=EDGE_LOOP('',(#2685,#2686,#2687,#2688));
#465=EDGE_LOOP('',(#2689,#2690,#2691,#2692,#2693,#2694,#2695,#2696,#2697,
#2698,#2699,#2700,#2701,#2702,#2703,#2704));
#466=EDGE_LOOP('',(#2705,#2706,#2707,#2708,#2709,#2710,#2711,#2712));
#467=EDGE_LOOP('',(#2713,#2714,#2715,#2716,#2717));
#468=EDGE_LOOP('',(#2718,#2719,#2720,#2721));
#469=EDGE_LOOP('',(#2722,#2723,#2724,#2725,#2726));
#470=EDGE_LOOP('',(#2727,#2728,#2729,#2730));
#471=EDGE_LOOP('',(#2731,#2732,#2733,#2734,#2735));
#472=EDGE_LOOP('',(#2736,#2737,#2738,#2739));
#473=EDGE_LOOP('',(#2740,#2741,#2742,#2743,#2744,#2745,#2746,#2747,#2748,
#2749,#2750,#2751,#2752,#2753,#2754,#2755));
#474=EDGE_LOOP('',(#2756));
#475=EDGE_LOOP('',(#2757));
#476=EDGE_LOOP('',(#2758,#2759,#2760,#2761));
#477=EDGE_LOOP('',(#2762,#2763,#2764,#2765));
#478=EDGE_LOOP('',(#2766,#2767,#2768,#2769,#2770,#2771,#2772,#2773));
#479=EDGE_LOOP('',(#2774,#2775,#2776,#2777));
#480=EDGE_LOOP('',(#2778,#2779,#2780,#2781));
#481=EDGE_LOOP('',(#2782));
#482=EDGE_LOOP('',(#2783,#2784,#2785,#2786,#2787,#2788,#2789,#2790));
#483=EDGE_LOOP('',(#2791,#2792,#2793,#2794));
#484=EDGE_LOOP('',(#2795,#2796,#2797,#2798));
#485=EDGE_LOOP('',(#2799));
#486=EDGE_LOOP('',(#2800,#2801,#2802,#2803));
#487=EDGE_LOOP('',(#2804,#2805,#2806,#2807));
#488=EDGE_LOOP('',(#2808,#2809,#2810,#2811));
#489=EDGE_LOOP('',(#2812,#2813,#2814,#2815));
#490=EDGE_LOOP('',(#2816,#2817,#2818,#2819,#2820));
#491=EDGE_LOOP('',(#2821,#2822,#2823,#2824));
#492=EDGE_LOOP('',(#2825,#2826,#2827,#2828));
#493=EDGE_LOOP('',(#2829,#2830,#2831,#2832));
#494=EDGE_LOOP('',(#2833,#2834,#2835,#2836,#2837));
#495=EDGE_LOOP('',(#2838,#2839,#2840,#2841,#2842,#2843,#2844,#2845,#2846));
#496=EDGE_LOOP('',(#2847,#2848,#2849,#2850));
#497=EDGE_LOOP('',(#2851,#2852,#2853,#2854));
#498=EDGE_LOOP('',(#2855,#2856,#2857,#2858));
#499=EDGE_LOOP('',(#2859,#2860,#2861,#2862));
#500=EDGE_LOOP('',(#2863,#2864,#2865,#2866));
#501=EDGE_LOOP('',(#2867,#2868,#2869,#2870,#2871,#2872,#2873,#2874,#2875));
#502=EDGE_LOOP('',(#2876,#2877,#2878,#2879,#2880));
#503=EDGE_LOOP('',(#2881,#2882,#2883,#2884));
#504=EDGE_LOOP('',(#2885,#2886,#2887,#2888));
#505=EDGE_LOOP('',(#2889,#2890,#2891,#2892));
#506=EDGE_LOOP('',(#2893,#2894,#2895,#2896,#2897));
#507=EDGE_LOOP('',(#2898,#2899,#2900,#2901,#2902,#2903,#2904,#2905,#2906));
#508=EDGE_LOOP('',(#2907,#2908,#2909,#2910));
#509=EDGE_LOOP('',(#2911,#2912,#2913,#2914));
#510=EDGE_LOOP('',(#2915,#2916,#2917,#2918));
#511=EDGE_LOOP('',(#2919,#2920,#2921,#2922));
#512=EDGE_LOOP('',(#2923,#2924,#2925,#2926));
#513=EDGE_LOOP('',(#2927,#2928,#2929,#2930,#2931,#2932,#2933,#2934,#2935));
#514=EDGE_LOOP('',(#2936,#2937,#2938,#2939));
#515=EDGE_LOOP('',(#2940,#2941,#2942,#2943));
#516=EDGE_LOOP('',(#2944,#2945,#2946,#2947));
#517=EDGE_LOOP('',(#2948,#2949,#2950,#2951));
#518=EDGE_LOOP('',(#2952,#2953,#2954,#2955));
#519=EDGE_LOOP('',(#2956,#2957,#2958,#2959));
#520=EDGE_LOOP('',(#2960,#2961,#2962,#2963));
#521=EDGE_LOOP('',(#2964,#2965,#2966,#2967));
#522=EDGE_LOOP('',(#2968,#2969,#2970,#2971));
#523=EDGE_LOOP('',(#2972,#2973,#2974,#2975));
#524=EDGE_LOOP('',(#2976,#2977,#2978,#2979));
#525=EDGE_LOOP('',(#2980,#2981,#2982,#2983));
#526=EDGE_LOOP('',(#2984,#2985,#2986,#2987));
#527=EDGE_LOOP('',(#2988,#2989,#2990,#2991));
#528=EDGE_LOOP('',(#2992,#2993,#2994,#2995));
#529=EDGE_LOOP('',(#2996,#2997,#2998,#2999));
#530=EDGE_LOOP('',(#3000,#3001,#3002,#3003));
#531=EDGE_LOOP('',(#3004,#3005,#3006,#3007));
#532=EDGE_LOOP('',(#3008,#3009,#3010,#3011));
#533=EDGE_LOOP('',(#3012,#3013,#3014,#3015));
#534=EDGE_LOOP('',(#3016,#3017,#3018,#3019));
#535=EDGE_LOOP('',(#3020,#3021,#3022,#3023));
#536=EDGE_LOOP('',(#3024,#3025,#3026,#3027));
#537=EDGE_LOOP('',(#3028,#3029,#3030,#3031));
#538=EDGE_LOOP('',(#3032,#3033,#3034,#3035,#3036,#3037,#3038,#3039,#3040,
#3041,#3042,#3043));
#539=EDGE_LOOP('',(#3044,#3045,#3046,#3047));
#540=EDGE_LOOP('',(#3048,#3049,#3050,#3051));
#541=EDGE_LOOP('',(#3052,#3053,#3054,#3055));
#542=EDGE_LOOP('',(#3056,#3057,#3058,#3059));
#543=EDGE_LOOP('',(#3060,#3061,#3062,#3063,#3064,#3065,#3066,#3067,#3068,
#3069));
#544=EDGE_LOOP('',(#3070,#3071,#3072,#3073));
#545=EDGE_LOOP('',(#3074,#3075,#3076,#3077));
#546=EDGE_LOOP('',(#3078,#3079,#3080,#3081));
#547=EDGE_LOOP('',(#3082,#3083,#3084,#3085));
#548=EDGE_LOOP('',(#3086,#3087,#3088,#3089));
#549=EDGE_LOOP('',(#3090,#3091,#3092,#3093));
#550=EDGE_LOOP('',(#3094,#3095,#3096,#3097));
#551=EDGE_LOOP('',(#3098,#3099,#3100,#3101));
#552=EDGE_LOOP('',(#3102,#3103,#3104,#3105,#3106,#3107,#3108,#3109,#3110,
#3111,#3112,#3113));
#553=EDGE_LOOP('',(#3114,#3115,#3116,#3117));
#554=EDGE_LOOP('',(#3118,#3119,#3120,#3121));
#555=EDGE_LOOP('',(#3122,#3123,#3124,#3125));
#556=EDGE_LOOP('',(#3126,#3127,#3128,#3129));
#557=EDGE_LOOP('',(#3130,#3131,#3132,#3133));
#558=EDGE_LOOP('',(#3134,#3135,#3136,#3137));
#559=EDGE_LOOP('',(#3138,#3139,#3140,#3141));
#560=EDGE_LOOP('',(#3142,#3143,#3144,#3145));
#561=EDGE_LOOP('',(#3146,#3147,#3148,#3149));
#562=EDGE_LOOP('',(#3150,#3151,#3152,#3153));
#563=EDGE_LOOP('',(#3154,#3155,#3156,#3157));
#564=EDGE_LOOP('',(#3158,#3159,#3160,#3161));
#565=EDGE_LOOP('',(#3162,#3163,#3164,#3165));
#566=EDGE_LOOP('',(#3166,#3167,#3168,#3169));
#567=EDGE_LOOP('',(#3170,#3171,#3172,#3173));
#568=EDGE_LOOP('',(#3174,#3175,#3176,#3177));
#569=EDGE_LOOP('',(#3178,#3179,#3180,#3181));
#570=EDGE_LOOP('',(#3182,#3183,#3184,#3185));
#571=EDGE_LOOP('',(#3186,#3187,#3188,#3189));
#572=EDGE_LOOP('',(#3190,#3191,#3192,#3193));
#573=EDGE_LOOP('',(#3194,#3195,#3196,#3197));
#574=EDGE_LOOP('',(#3198,#3199,#3200,#3201));
#575=EDGE_LOOP('',(#3202,#3203,#3204,#3205));
#576=EDGE_LOOP('',(#3206,#3207,#3208,#3209));
#577=EDGE_LOOP('',(#3210,#3211,#3212,#3213));
#578=EDGE_LOOP('',(#3214,#3215,#3216,#3217));
#579=EDGE_LOOP('',(#3218,#3219,#3220,#3221));
#580=EDGE_LOOP('',(#3222,#3223,#3224,#3225));
#581=EDGE_LOOP('',(#3226,#3227,#3228,#3229,#3230,#3231,#3232,#3233,#3234,
#3235));
#582=EDGE_LOOP('',(#3236,#3237,#3238,#3239,#3240,#3241,#3242,#3243,#3244,
#3245,#3246,#3247,#3248,#3249));
#583=EDGE_LOOP('',(#3250,#3251,#3252,#3253,#3254,#3255,#3256,#3257,#3258,
#3259,#3260,#3261,#3262,#3263));
#584=EDGE_LOOP('',(#3264,#3265,#3266,#3267));
#585=EDGE_LOOP('',(#3268,#3269,#3270,#3271));
#586=EDGE_LOOP('',(#3272,#3273,#3274,#3275));
#587=EDGE_LOOP('',(#3276,#3277,#3278,#3279));
#588=EDGE_LOOP('',(#3280,#3281,#3282,#3283));
#589=EDGE_LOOP('',(#3284,#3285,#3286,#3287));
#590=EDGE_LOOP('',(#3288,#3289,#3290,#3291,#3292,#3293,#3294,#3295));
#591=EDGE_LOOP('',(#3296,#3297,#3298,#3299));
#592=EDGE_LOOP('',(#3300,#3301,#3302,#3303));
#593=EDGE_LOOP('',(#3304,#3305,#3306,#3307));
#594=EDGE_LOOP('',(#3308,#3309,#3310,#3311));
#595=EDGE_LOOP('',(#3312,#3313,#3314,#3315));
#596=EDGE_LOOP('',(#3316,#3317,#3318,#3319,#3320,#3321,#3322,#3323));
#597=EDGE_LOOP('',(#3324,#3325,#3326,#3327,#3328,#3329,#3330,#3331));
#598=EDGE_LOOP('',(#3332,#3333,#3334,#3335));
#599=EDGE_LOOP('',(#3336,#3337,#3338,#3339));
#600=EDGE_LOOP('',(#3340,#3341,#3342,#3343));
#601=EDGE_LOOP('',(#3344,#3345,#3346,#3347));
#602=EDGE_LOOP('',(#3348,#3349,#3350,#3351));
#603=EDGE_LOOP('',(#3352,#3353,#3354,#3355));
#604=EDGE_LOOP('',(#3356,#3357,#3358,#3359));
#605=EDGE_LOOP('',(#3360,#3361,#3362,#3363));
#606=EDGE_LOOP('',(#3364,#3365,#3366,#3367));
#607=EDGE_LOOP('',(#3368,#3369,#3370,#3371));
#608=EDGE_LOOP('',(#3372,#3373,#3374,#3375));
#609=EDGE_LOOP('',(#3376,#3377,#3378,#3379));
#610=EDGE_LOOP('',(#3380,#3381,#3382,#3383));
#611=EDGE_LOOP('',(#3384,#3385,#3386,#3387));
#612=EDGE_LOOP('',(#3388,#3389,#3390,#3391));
#613=EDGE_LOOP('',(#3392,#3393,#3394,#3395));
#614=EDGE_LOOP('',(#3396,#3397,#3398,#3399));
#615=EDGE_LOOP('',(#3400,#3401,#3402,#3403));
#616=EDGE_LOOP('',(#3404,#3405,#3406,#3407));
#617=EDGE_LOOP('',(#3408,#3409,#3410,#3411));
#618=EDGE_LOOP('',(#3412,#3413,#3414,#3415));
#619=EDGE_LOOP('',(#3416,#3417,#3418,#3419));
#620=EDGE_LOOP('',(#3420,#3421,#3422,#3423));
#621=EDGE_LOOP('',(#3424,#3425,#3426,#3427));
#622=EDGE_LOOP('',(#3428,#3429,#3430));
#623=EDGE_LOOP('',(#3431,#3432,#3433));
#624=EDGE_LOOP('',(#3434,#3435,#3436,#3437));
#625=EDGE_LOOP('',(#3438,#3439,#3440,#3441,#3442,#3443,#3444,#3445));
#626=EDGE_LOOP('',(#3446,#3447,#3448,#3449));
#627=EDGE_LOOP('',(#3450,#3451,#3452,#3453,#3454,#3455,#3456,#3457));
#628=EDGE_LOOP('',(#3458,#3459,#3460,#3461));
#629=EDGE_LOOP('',(#3462,#3463,#3464,#3465,#3466,#3467,#3468,#3469));
#630=EDGE_LOOP('',(#3470,#3471,#3472,#3473));
#631=EDGE_LOOP('',(#3474,#3475,#3476,#3477));
#632=EDGE_LOOP('',(#3478,#3479,#3480,#3481));
#633=EDGE_LOOP('',(#3482,#3483,#3484,#3485,#3486,#3487,#3488,#3489));
#634=CIRCLE('',#3796,3.10005009822976);
#635=CIRCLE('',#3797,3.10005009822976);
#636=CIRCLE('',#3798,3.10005009822976);
#637=CIRCLE('',#3800,3.10005009822976);
#638=CIRCLE('',#3801,3.10005009822976);
#639=CIRCLE('',#3802,3.10005009822976);
#640=CIRCLE('',#3803,3.10005009822976);
#641=CIRCLE('',#3804,3.10005009822976);
#642=CIRCLE('',#3806,3.10005009822976);
#643=CIRCLE('',#3807,3.10005009822976);
#644=CIRCLE('',#3808,3.10005009822976);
#645=CIRCLE('',#3810,3.10005009822976);
#646=CIRCLE('',#3811,3.10005009822976);
#647=CIRCLE('',#3812,3.10005009822976);
#648=CIRCLE('',#3813,3.10005009822976);
#649=CIRCLE('',#3814,3.10005009822976);
#650=CIRCLE('',#3815,3.);
#651=CIRCLE('',#3816,3.5);
#652=CIRCLE('',#3817,3.);
#653=CIRCLE('',#3819,3.);
#654=CIRCLE('',#3821,3.);
#655=CIRCLE('',#3822,3.);
#656=CIRCLE('',#3824,10.);
#657=CIRCLE('',#3825,3.);
#658=CIRCLE('',#3826,7.00000000000001);
#659=CIRCLE('',#3834,3.);
#660=CIRCLE('',#3835,3.5);
#661=CIRCLE('',#3836,3.);
#662=CIRCLE('',#3838,3.);
#663=CIRCLE('',#3840,3.);
#664=CIRCLE('',#3841,3.);
#665=CIRCLE('',#3843,10.);
#666=CIRCLE('',#3844,3.);
#667=CIRCLE('',#3845,7.);
#668=CIRCLE('',#3855,1.75);
#669=CIRCLE('',#3858,1.75);
#670=CIRCLE('',#3861,3.);
#671=CIRCLE('',#3862,3.);
#672=CIRCLE('',#3863,3.);
#673=CIRCLE('',#3865,7.);
#674=CIRCLE('',#3866,3.);
#675=CIRCLE('',#3867,10.);
#676=CIRCLE('',#3870,3.);
#677=CIRCLE('',#3872,3.);
#678=CIRCLE('',#3876,1.75);
#679=CIRCLE('',#3879,1.75);
#680=CIRCLE('',#3881,0.599999999999998);
#681=CIRCLE('',#3882,0.600000000000001);
#682=CIRCLE('',#3884,7.);
#683=CIRCLE('',#3885,7.);
#684=CIRCLE('',#3889,1.75);
#685=CIRCLE('',#3892,1.75);
#686=CIRCLE('',#3895,3.);
#687=CIRCLE('',#3896,3.);
#688=CIRCLE('',#3897,3.);
#689=CIRCLE('',#3899,7.);
#690=CIRCLE('',#3900,3.);
#691=CIRCLE('',#3901,10.);
#692=CIRCLE('',#3904,3.);
#693=CIRCLE('',#3906,3.);
#694=CIRCLE('',#3910,1.75);
#695=CIRCLE('',#3913,1.75);
#696=CIRCLE('',#3915,0.599999999999999);
#697=CIRCLE('',#3916,0.600000000000001);
#698=CIRCLE('',#3918,6.99999999999999);
#699=CIRCLE('',#3919,7.);
#700=CIRCLE('',#3922,1.60000000000005);
#701=CIRCLE('',#3923,1.60000000000005);
#702=CIRCLE('',#3926,3.5);
#703=CIRCLE('',#3929,3.5);
#704=CIRCLE('',#3931,7.);
#705=CIRCLE('',#3932,3.5);
#706=CIRCLE('',#3933,7.);
#707=CIRCLE('',#3934,3.5);
#708=CIRCLE('',#3935,1.75);
#709=CIRCLE('',#3936,1.75);
#710=CIRCLE('',#3940,7.);
#711=CIRCLE('',#3943,3.5);
#712=CIRCLE('',#3944,1.75);
#713=CIRCLE('',#3946,7.);
#714=CIRCLE('',#3949,3.5);
#715=CIRCLE('',#3950,1.75);
#716=CIRCLE('',#3956,0.3);
#717=CIRCLE('',#3965,0.3);
#718=CIRCLE('',#3967,1.);
#719=CIRCLE('',#3969,1.);
#720=CIRCLE('',#3978,1.);
#721=CIRCLE('',#3980,1.);
#722=CIRCLE('',#3982,0.3);
#723=CIRCLE('',#3991,0.3);
#724=CIRCLE('',#3993,1.);
#725=CIRCLE('',#3995,1.);
#726=CIRCLE('',#4004,1.);
#727=CIRCLE('',#4006,1.);
#728=CIRCLE('',#4008,0.4);
#729=CIRCLE('',#4009,0.4);
#730=CIRCLE('',#4011,0.4);
#731=CIRCLE('',#4012,0.4);
#732=CIRCLE('',#4014,0.4);
#733=CIRCLE('',#4016,0.4);
#734=CIRCLE('',#4017,1.35);
#735=CIRCLE('',#4019,0.4);
#736=CIRCLE('',#4021,0.4);
#737=CIRCLE('',#4022,1.35);
#738=CIRCLE('',#4033,0.4);
#739=CIRCLE('',#4034,0.4);
#740=CIRCLE('',#4036,0.4);
#741=CIRCLE('',#4037,0.4);
#742=CIRCLE('',#4039,0.4);
#743=CIRCLE('',#4041,0.4);
#744=CIRCLE('',#4042,1.35);
#745=CIRCLE('',#4044,0.4);
#746=CIRCLE('',#4046,0.4);
#747=CIRCLE('',#4047,1.35);
#748=CIRCLE('',#4060,1.12426406871193);
#749=CIRCLE('',#4061,1.12426406871192);
#750=CIRCLE('',#4063,0.3);
#751=CIRCLE('',#4072,0.3);
#752=CIRCLE('',#4074,0.3);
#753=CIRCLE('',#4075,0.912132034355966);
#754=CIRCLE('',#4076,1.12426406871193);
#755=CIRCLE('',#4078,0.3);
#756=CIRCLE('',#4080,0.3);
#757=CIRCLE('',#4081,0.912132034355963);
#758=CIRCLE('',#4082,1.12426406871193);
#759=CIRCLE('',#4086,0.3);
#760=CIRCLE('',#4088,0.3);
#761=CIRCLE('',#4089,0.912132034355961);
#762=CIRCLE('',#4091,0.3);
#763=CIRCLE('',#4093,0.912132034355966);
#764=CIRCLE('',#4096,0.600000000000003);
#765=CIRCLE('',#4099,0.599999999999995);
#766=CIRCLE('',#4102,0.599999999999995);
#767=CIRCLE('',#4105,0.600000000000003);
#768=CIRCLE('',#4108,0.600000000000001);
#769=CIRCLE('',#4111,0.600000000000001);
#770=CIRCLE('',#4113,0.600000000000001);
#771=CIRCLE('',#4116,0.600000000000001);
#772=CIRCLE('',#4119,0.750000000000003);
#773=CIRCLE('',#4122,0.749999999999995);
#774=CIRCLE('',#4126,0.75);
#775=CIRCLE('',#4129,0.75);
#776=CIRCLE('',#4132,0.950000000000002);
#777=CIRCLE('',#4133,0.949999999999995);
#778=CIRCLE('',#4135,0.95);
#779=CIRCLE('',#4136,0.95);
#780=CIRCLE('',#4139,0.950000000000002);
#781=CIRCLE('',#4141,0.95);
#782=CIRCLE('',#4144,0.95);
#783=CIRCLE('',#4146,0.949999999999995);
#784=CIRCLE('',#4148,1.4);
#785=CIRCLE('',#4149,1.4);
#786=CIRCLE('',#4155,1.60000000000005);
#787=CIRCLE('',#4157,1.60000000000005);
#788=CIRCLE('',#4159,1.4);
#789=CIRCLE('',#4161,1.4);
#790=LINE('',#5317,#1110);
#791=LINE('',#5321,#1111);
#792=LINE('',#5325,#1112);
#793=LINE('',#5329,#1113);
#794=LINE('',#5433,#1114);
#795=LINE('',#5437,#1115);
#796=LINE('',#5441,#1116);
#797=LINE('',#5444,#1117);
#798=LINE('',#5459,#1118);
#799=LINE('',#5463,#1119);
#800=LINE('',#5467,#1120);
#801=LINE('',#5471,#1121);
#802=LINE('',#5575,#1122);
#803=LINE('',#5579,#1123);
#804=LINE('',#5583,#1124);
#805=LINE('',#5586,#1125);
#806=LINE('',#5604,#1126);
#807=LINE('',#5614,#1127);
#808=LINE('',#5673,#1128);
#809=LINE('',#5674,#1129);
#810=LINE('',#5677,#1130);
#811=LINE('',#5679,#1131);
#812=LINE('',#5680,#1132);
#813=LINE('',#5683,#1133);
#814=LINE('',#5685,#1134);
#815=LINE('',#5687,#1135);
#816=LINE('',#5689,#1136);
#817=LINE('',#5690,#1137);
#818=LINE('',#5697,#1138);
#819=LINE('',#5698,#1139);
#820=LINE('',#5700,#1140);
#821=LINE('',#5702,#1141);
#822=LINE('',#5705,#1142);
#823=LINE('',#5706,#1143);
#824=LINE('',#5724,#1144);
#825=LINE('',#5733,#1145);
#826=LINE('',#5792,#1146);
#827=LINE('',#5793,#1147);
#828=LINE('',#5796,#1148);
#829=LINE('',#5798,#1149);
#830=LINE('',#5799,#1150);
#831=LINE('',#5802,#1151);
#832=LINE('',#5804,#1152);
#833=LINE('',#5806,#1153);
#834=LINE('',#5808,#1154);
#835=LINE('',#5809,#1155);
#836=LINE('',#5812,#1156);
#837=LINE('',#5813,#1157);
#838=LINE('',#5815,#1158);
#839=LINE('',#5817,#1159);
#840=LINE('',#5820,#1160);
#841=LINE('',#5821,#1161);
#842=LINE('',#5894,#1162);
#843=LINE('',#5899,#1163);
#844=LINE('',#5900,#1164);
#845=LINE('',#5962,#1165);
#846=LINE('',#5963,#1166);
#847=LINE('',#5967,#1167);
#848=LINE('',#5972,#1168);
#849=LINE('',#5973,#1169);
#850=LINE('',#5975,#1170);
#851=LINE('',#5977,#1171);
#852=LINE('',#5978,#1172);
#853=LINE('',#5981,#1173);
#854=LINE('',#5984,#1174);
#855=LINE('',#5987,#1175);
#856=LINE('',#5988,#1176);
#857=LINE('',#5991,#1177);
#858=LINE('',#5995,#1178);
#859=LINE('',#5997,#1179);
#860=LINE('',#5998,#1180);
#861=LINE('',#6000,#1181);
#862=LINE('',#6002,#1182);
#863=LINE('',#6004,#1183);
#864=LINE('',#6008,#1184);
#865=LINE('',#6010,#1185);
#866=LINE('',#6012,#1186);
#867=LINE('',#6014,#1187);
#868=LINE('',#6016,#1188);
#869=LINE('',#6019,#1189);
#870=LINE('',#6024,#1190);
#871=LINE('',#6035,#1191);
#872=LINE('',#6036,#1192);
#873=LINE('',#6112,#1193);
#874=LINE('',#6113,#1194);
#875=LINE('',#6179,#1195);
#876=LINE('',#6180,#1196);
#877=LINE('',#6184,#1197);
#878=LINE('',#6189,#1198);
#879=LINE('',#6190,#1199);
#880=LINE('',#6192,#1200);
#881=LINE('',#6194,#1201);
#882=LINE('',#6195,#1202);
#883=LINE('',#6198,#1203);
#884=LINE('',#6202,#1204);
#885=LINE('',#6203,#1205);
#886=LINE('',#6206,#1206);
#887=LINE('',#6210,#1207);
#888=LINE('',#6214,#1208);
#889=LINE('',#6216,#1209);
#890=LINE('',#6218,#1210);
#891=LINE('',#6220,#1211);
#892=LINE('',#6222,#1212);
#893=LINE('',#6225,#1213);
#894=LINE('',#6227,#1214);
#895=LINE('',#6229,#1215);
#896=LINE('',#6230,#1216);
#897=LINE('',#6235,#1217);
#898=LINE('',#6246,#1218);
#899=LINE('',#6247,#1219);
#900=LINE('',#6253,#1220);
#901=LINE('',#6256,#1221);
#902=LINE('',#6259,#1222);
#903=LINE('',#6260,#1223);
#904=LINE('',#6265,#1224);
#905=LINE('',#6266,#1225);
#906=LINE('',#6292,#1226);
#907=LINE('',#6294,#1227);
#908=LINE('',#6309,#1228);
#909=LINE('',#6311,#1229);
#910=LINE('',#6319,#1230);
#911=LINE('',#6321,#1231);
#912=LINE('',#6325,#1232);
#913=LINE('',#6334,#1233);
#914=LINE('',#6338,#1234);
#915=LINE('',#6341,#1235);
#916=LINE('',#6344,#1236);
#917=LINE('',#6347,#1237);
#918=LINE('',#6350,#1238);
#919=LINE('',#6353,#1239);
#920=LINE('',#6356,#1240);
#921=LINE('',#6364,#1241);
#922=LINE('',#6367,#1242);
#923=LINE('',#6369,#1243);
#924=LINE('',#6373,#1244);
#925=LINE('',#6386,#1245);
#926=LINE('',#6387,#1246);
#927=LINE('',#6390,#1247);
#928=LINE('',#6391,#1248);
#929=LINE('',#6394,#1249);
#930=LINE('',#6395,#1250);
#931=LINE('',#6398,#1251);
#932=LINE('',#6399,#1252);
#933=LINE('',#6402,#1253);
#934=LINE('',#6403,#1254);
#935=LINE('',#6406,#1255);
#936=LINE('',#6419,#1256);
#937=LINE('',#6424,#1257);
#938=LINE('',#6433,#1258);
#939=LINE('',#6437,#1259);
#940=LINE('',#6439,#1260);
#941=LINE('',#6443,#1261);
#942=LINE('',#6445,#1262);
#943=LINE('',#6449,#1263);
#944=LINE('',#6451,#1264);
#945=LINE('',#6455,#1265);
#946=LINE('',#6463,#1266);
#947=LINE('',#6466,#1267);
#948=LINE('',#6468,#1268);
#949=LINE('',#6472,#1269);
#950=LINE('',#6487,#1270);
#951=LINE('',#6488,#1271);
#952=LINE('',#6491,#1272);
#953=LINE('',#6492,#1273);
#954=LINE('',#6495,#1274);
#955=LINE('',#6496,#1275);
#956=LINE('',#6499,#1276);
#957=LINE('',#6500,#1277);
#958=LINE('',#6503,#1278);
#959=LINE('',#6504,#1279);
#960=LINE('',#6507,#1280);
#961=LINE('',#6522,#1281);
#962=LINE('',#6533,#1282);
#963=LINE('',#6541,#1283);
#964=LINE('',#6547,#1284);
#965=LINE('',#6565,#1285);
#966=LINE('',#6573,#1286);
#967=LINE('',#6579,#1287);
#968=LINE('',#6592,#1288);
#969=LINE('',#6596,#1289);
#970=LINE('',#6599,#1290);
#971=LINE('',#6602,#1291);
#972=LINE('',#6606,#1292);
#973=LINE('',#6607,#1293);
#974=LINE('',#6610,#1294);
#975=LINE('',#6611,#1295);
#976=LINE('',#6614,#1296);
#977=LINE('',#6615,#1297);
#978=LINE('',#6618,#1298);
#979=LINE('',#6620,#1299);
#980=LINE('',#6622,#1300);
#981=LINE('',#6624,#1301);
#982=LINE('',#6625,#1302);
#983=LINE('',#6628,#1303);
#984=LINE('',#6630,#1304);
#985=LINE('',#6631,#1305);
#986=LINE('',#6634,#1306);
#987=LINE('',#6635,#1307);
#988=LINE('',#6638,#1308);
#989=LINE('',#6639,#1309);
#990=LINE('',#6642,#1310);
#991=LINE('',#6654,#1311);
#992=LINE('',#6655,#1312);
#993=LINE('',#6663,#1313);
#994=LINE('',#6664,#1314);
#995=LINE('',#6669,#1315);
#996=LINE('',#6677,#1316);
#997=LINE('',#6682,#1317);
#998=LINE('',#6683,#1318);
#999=LINE('',#6687,#1319);
#1000=LINE('',#6690,#1320);
#1001=LINE('',#6691,#1321);
#1002=LINE('',#6696,#1322);
#1003=LINE('',#6697,#1323);
#1004=LINE('',#6700,#1324);
#1005=LINE('',#6704,#1325);
#1006=LINE('',#6705,#1326);
#1007=LINE('',#6710,#1327);
#1008=LINE('',#6711,#1328);
#1009=LINE('',#6715,#1329);
#1010=LINE('',#6718,#1330);
#1011=LINE('',#6719,#1331);
#1012=LINE('',#6724,#1332);
#1013=LINE('',#6728,#1333);
#1014=LINE('',#6729,#1334);
#1015=LINE('',#6732,#1335);
#1016=LINE('',#6735,#1336);
#1017=LINE('',#6738,#1337);
#1018=LINE('',#6742,#1338);
#1019=LINE('',#6743,#1339);
#1020=LINE('',#6746,#1340);
#1021=LINE('',#6749,#1341);
#1022=LINE('',#6752,#1342);
#1023=LINE('',#6753,#1343);
#1024=LINE('',#6756,#1344);
#1025=LINE('',#6760,#1345);
#1026=LINE('',#6761,#1346);
#1027=LINE('',#6766,#1347);
#1028=LINE('',#6768,#1348);
#1029=LINE('',#6770,#1349);
#1030=LINE('',#6772,#1350);
#1031=LINE('',#6773,#1351);
#1032=LINE('',#6778,#1352);
#1033=LINE('',#6784,#1353);
#1034=LINE('',#6789,#1354);
#1035=LINE('',#6790,#1355);
#1036=LINE('',#6791,#1356);
#1037=LINE('',#6797,#1357);
#1038=LINE('',#6800,#1358);
#1039=LINE('',#6801,#1359);
#1040=LINE('',#6809,#1360);
#1041=LINE('',#6811,#1361);
#1042=LINE('',#6813,#1362);
#1043=LINE('',#6814,#1363);
#1044=LINE('',#6817,#1364);
#1045=LINE('',#6819,#1365);
#1046=LINE('',#6821,#1366);
#1047=LINE('',#6822,#1367);
#1048=LINE('',#6825,#1368);
#1049=LINE('',#6827,#1369);
#1050=LINE('',#6829,#1370);
#1051=LINE('',#6830,#1371);
#1052=LINE('',#6835,#1372);
#1053=LINE('',#6838,#1373);
#1054=LINE('',#6841,#1374);
#1055=LINE('',#6843,#1375);
#1056=LINE('',#6845,#1376);
#1057=LINE('',#6846,#1377);
#1058=LINE('',#6847,#1378);
#1059=LINE('',#6848,#1379);
#1060=LINE('',#6849,#1380);
#1061=LINE('',#6850,#1381);
#1062=LINE('',#6851,#1382);
#1063=LINE('',#6852,#1383);
#1064=LINE('',#6855,#1384);
#1065=LINE('',#6857,#1385);
#1066=LINE('',#6858,#1386);
#1067=LINE('',#6861,#1387);
#1068=LINE('',#6863,#1388);
#1069=LINE('',#6864,#1389);
#1070=LINE('',#6867,#1390);
#1071=LINE('',#6869,#1391);
#1072=LINE('',#6870,#1392);
#1073=LINE('',#6873,#1393);
#1074=LINE('',#6875,#1394);
#1075=LINE('',#6876,#1395);
#1076=LINE('',#6881,#1396);
#1077=LINE('',#6882,#1397);
#1078=LINE('',#6887,#1398);
#1079=LINE('',#6888,#1399);
#1080=LINE('',#6891,#1400);
#1081=LINE('',#6894,#1401);
#1082=LINE('',#6897,#1402);
#1083=LINE('',#6899,#1403);
#1084=LINE('',#6903,#1404);
#1085=LINE('',#6905,#1405);
#1086=LINE('',#6906,#1406);
#1087=LINE('',#6908,#1407);
#1088=LINE('',#6910,#1408);
#1089=LINE('',#6914,#1409);
#1090=LINE('',#6916,#1410);
#1091=LINE('',#6917,#1411);
#1092=LINE('',#6919,#1412);
#1093=LINE('',#6921,#1413);
#1094=LINE('',#6925,#1414);
#1095=LINE('',#6927,#1415);
#1096=LINE('',#6928,#1416);
#1097=LINE('',#6930,#1417);
#1098=LINE('',#6932,#1418);
#1099=LINE('',#6936,#1419);
#1100=LINE('',#6938,#1420);
#1101=LINE('',#6939,#1421);
#1102=LINE('',#6941,#1422);
#1103=LINE('',#6943,#1423);
#1104=LINE('',#6946,#1424);
#1105=LINE('',#6948,#1425);
#1106=LINE('',#6953,#1426);
#1107=LINE('',#6954,#1427);
#1108=LINE('',#6956,#1428);
#1109=LINE('',#6958,#1429);
#1110=VECTOR('',#4194,10.);
#1111=VECTOR('',#4197,10.);
#1112=VECTOR('',#4200,10.);
#1113=VECTOR('',#4203,10.);
#1114=VECTOR('',#4210,10.);
#1115=VECTOR('',#4213,10.);
#1116=VECTOR('',#4216,10.);
#1117=VECTOR('',#4219,10.);
#1118=VECTOR('',#4222,10.);
#1119=VECTOR('',#4225,10.);
#1120=VECTOR('',#4228,10.);
#1121=VECTOR('',#4231,10.);
#1122=VECTOR('',#4238,10.);
#1123=VECTOR('',#4241,10.);
#1124=VECTOR('',#4244,10.);
#1125=VECTOR('',#4247,10.);
#1126=VECTOR('',#4258,10.);
#1127=VECTOR('',#4261,10.);
#1128=VECTOR('',#4276,10.);
#1129=VECTOR('',#4277,10.);
#1130=VECTOR('',#4280,10.);
#1131=VECTOR('',#4281,10.);
#1132=VECTOR('',#4282,10.);
#1133=VECTOR('',#4285,10.);
#1134=VECTOR('',#4286,10.);
#1135=VECTOR('',#4287,10.);
#1136=VECTOR('',#4288,10.);
#1137=VECTOR('',#4289,10.);
#1138=VECTOR('',#4292,10.);
#1139=VECTOR('',#4293,10.);
#1140=VECTOR('',#4296,10.);
#1141=VECTOR('',#4299,10.);
#1142=VECTOR('',#4302,10.);
#1143=VECTOR('',#4303,10.);
#1144=VECTOR('',#4314,10.);
#1145=VECTOR('',#4317,10.);
#1146=VECTOR('',#4332,10.);
#1147=VECTOR('',#4333,10.);
#1148=VECTOR('',#4336,10.);
#1149=VECTOR('',#4337,10.);
#1150=VECTOR('',#4338,10.);
#1151=VECTOR('',#4341,10.);
#1152=VECTOR('',#4342,10.);
#1153=VECTOR('',#4343,10.);
#1154=VECTOR('',#4344,10.);
#1155=VECTOR('',#4345,10.);
#1156=VECTOR('',#4348,10.);
#1157=VECTOR('',#4349,10.);
#1158=VECTOR('',#4352,10.);
#1159=VECTOR('',#4355,10.);
#1160=VECTOR('',#4358,10.);
#1161=VECTOR('',#4359,10.);
#1162=VECTOR('',#4374,10.);
#1163=VECTOR('',#4379,10.);
#1164=VECTOR('',#4380,10.);
#1165=VECTOR('',#4395,10.);
#1166=VECTOR('',#4396,10.);
#1167=VECTOR('',#4401,10.);
#1168=VECTOR('',#4406,10.);
#1169=VECTOR('',#4407,10.);
#1170=VECTOR('',#4410,10.);
#1171=VECTOR('',#4413,10.);
#1172=VECTOR('',#4414,10.);
#1173=VECTOR('',#4417,10.);
#1174=VECTOR('',#4420,10.);
#1175=VECTOR('',#4423,10.);
#1176=VECTOR('',#4424,10.);
#1177=VECTOR('',#4427,10.);
#1178=VECTOR('',#4432,7.);
#1179=VECTOR('',#4433,10.);
#1180=VECTOR('',#4434,7.);
#1181=VECTOR('',#4435,10.);
#1182=VECTOR('',#4436,10.);
#1183=VECTOR('',#4437,10.);
#1184=VECTOR('',#4440,10.);
#1185=VECTOR('',#4441,10.);
#1186=VECTOR('',#4442,10.);
#1187=VECTOR('',#4443,10.);
#1188=VECTOR('',#4444,10.);
#1189=VECTOR('',#4447,10.);
#1190=VECTOR('',#4452,10.);
#1191=VECTOR('',#4457,10.);
#1192=VECTOR('',#4458,10.);
#1193=VECTOR('',#4477,10.);
#1194=VECTOR('',#4478,10.);
#1195=VECTOR('',#4493,10.);
#1196=VECTOR('',#4494,10.);
#1197=VECTOR('',#4499,10.);
#1198=VECTOR('',#4504,10.);
#1199=VECTOR('',#4505,10.);
#1200=VECTOR('',#4508,10.);
#1201=VECTOR('',#4511,10.);
#1202=VECTOR('',#4512,10.);
#1203=VECTOR('',#4515,10.);
#1204=VECTOR('',#4520,10.);
#1205=VECTOR('',#4521,10.);
#1206=VECTOR('',#4524,10.);
#1207=VECTOR('',#4529,10.);
#1208=VECTOR('',#4532,10.);
#1209=VECTOR('',#4533,10.);
#1210=VECTOR('',#4534,10.);
#1211=VECTOR('',#4535,10.);
#1212=VECTOR('',#4536,10.);
#1213=VECTOR('',#4539,10.);
#1214=VECTOR('',#4540,7.);
#1215=VECTOR('',#4541,10.);
#1216=VECTOR('',#4542,7.);
#1217=VECTOR('',#4547,10.);
#1218=VECTOR('',#4552,10.);
#1219=VECTOR('',#4553,10.);
#1220=VECTOR('',#4558,10.);
#1221=VECTOR('',#4561,10.);
#1222=VECTOR('',#4564,10.);
#1223=VECTOR('',#4565,10.);
#1224=VECTOR('',#4572,10.);
#1225=VECTOR('',#4573,10.);
#1226=VECTOR('',#4600,7.);
#1227=VECTOR('',#4603,10.);
#1228=VECTOR('',#4614,7.);
#1229=VECTOR('',#4617,10.);
#1230=VECTOR('',#4630,1.75);
#1231=VECTOR('',#4633,1.75);
#1232=VECTOR('',#4636,10.);
#1233=VECTOR('',#4639,10.);
#1234=VECTOR('',#4644,10.);
#1235=VECTOR('',#4647,10.);
#1236=VECTOR('',#4650,10.);
#1237=VECTOR('',#4653,10.);
#1238=VECTOR('',#4656,10.);
#1239=VECTOR('',#4659,10.);
#1240=VECTOR('',#4662,10.);
#1241=VECTOR('',#4665,10.);
#1242=VECTOR('',#4668,10.);
#1243=VECTOR('',#4669,10.);
#1244=VECTOR('',#4672,10.);
#1245=VECTOR('',#4681,10.);
#1246=VECTOR('',#4682,10.);
#1247=VECTOR('',#4685,10.);
#1248=VECTOR('',#4686,10.);
#1249=VECTOR('',#4689,10.);
#1250=VECTOR('',#4690,10.);
#1251=VECTOR('',#4693,10.);
#1252=VECTOR('',#4694,10.);
#1253=VECTOR('',#4697,10.);
#1254=VECTOR('',#4698,10.);
#1255=VECTOR('',#4701,10.);
#1256=VECTOR('',#4708,10.);
#1257=VECTOR('',#4713,10.);
#1258=VECTOR('',#4716,10.);
#1259=VECTOR('',#4721,10.);
#1260=VECTOR('',#4722,10.);
#1261=VECTOR('',#4727,10.);
#1262=VECTOR('',#4728,10.);
#1263=VECTOR('',#4733,10.);
#1264=VECTOR('',#4734,10.);
#1265=VECTOR('',#4739,10.);
#1266=VECTOR('',#4742,10.);
#1267=VECTOR('',#4745,10.);
#1268=VECTOR('',#4746,10.);
#1269=VECTOR('',#4749,10.);
#1270=VECTOR('',#4758,10.);
#1271=VECTOR('',#4759,10.);
#1272=VECTOR('',#4762,10.);
#1273=VECTOR('',#4763,10.);
#1274=VECTOR('',#4766,10.);
#1275=VECTOR('',#4767,10.);
#1276=VECTOR('',#4770,10.);
#1277=VECTOR('',#4771,10.);
#1278=VECTOR('',#4774,10.);
#1279=VECTOR('',#4775,10.);
#1280=VECTOR('',#4778,10.);
#1281=VECTOR('',#4785,10.);
#1282=VECTOR('',#4804,10.);
#1283=VECTOR('',#4815,10.);
#1284=VECTOR('',#4824,10.);
#1285=VECTOR('',#4857,10.);
#1286=VECTOR('',#4868,10.);
#1287=VECTOR('',#4877,10.);
#1288=VECTOR('',#4900,10.);
#1289=VECTOR('',#4903,10.);
#1290=VECTOR('',#4906,10.);
#1291=VECTOR('',#4909,10.);
#1292=VECTOR('',#4914,10.);
#1293=VECTOR('',#4915,10.);
#1294=VECTOR('',#4918,10.);
#1295=VECTOR('',#4919,10.);
#1296=VECTOR('',#4922,10.);
#1297=VECTOR('',#4923,10.);
#1298=VECTOR('',#4926,10.);
#1299=VECTOR('',#4927,10.);
#1300=VECTOR('',#4928,10.);
#1301=VECTOR('',#4929,10.);
#1302=VECTOR('',#4930,10.);
#1303=VECTOR('',#4933,10.);
#1304=VECTOR('',#4934,10.);
#1305=VECTOR('',#4935,10.);
#1306=VECTOR('',#4938,10.);
#1307=VECTOR('',#4939,10.);
#1308=VECTOR('',#4942,10.);
#1309=VECTOR('',#4943,10.);
#1310=VECTOR('',#4946,10.);
#1311=VECTOR('',#4961,10.);
#1312=VECTOR('',#4962,10.);
#1313=VECTOR('',#4973,10.);
#1314=VECTOR('',#4974,10.);
#1315=VECTOR('',#4981,10.);
#1316=VECTOR('',#4992,10.);
#1317=VECTOR('',#4999,10.);
#1318=VECTOR('',#5000,10.);
#1319=VECTOR('',#5005,10.);
#1320=VECTOR('',#5008,10.);
#1321=VECTOR('',#5009,10.);
#1322=VECTOR('',#5016,10.);
#1323=VECTOR('',#5017,10.);
#1324=VECTOR('',#5020,10.);
#1325=VECTOR('',#5025,10.);
#1326=VECTOR('',#5026,10.);
#1327=VECTOR('',#5033,10.);
#1328=VECTOR('',#5034,10.);
#1329=VECTOR('',#5039,10.);
#1330=VECTOR('',#5042,10.);
#1331=VECTOR('',#5043,10.);
#1332=VECTOR('',#5050,10.);
#1333=VECTOR('',#5055,10.);
#1334=VECTOR('',#5056,10.);
#1335=VECTOR('',#5059,10.);
#1336=VECTOR('',#5064,10.);
#1337=VECTOR('',#5067,10.);
#1338=VECTOR('',#5072,10.);
#1339=VECTOR('',#5073,10.);
#1340=VECTOR('',#5076,10.);
#1341=VECTOR('',#5081,10.);
#1342=VECTOR('',#5084,10.);
#1343=VECTOR('',#5085,10.);
#1344=VECTOR('',#5088,10.);
#1345=VECTOR('',#5093,10.);
#1346=VECTOR('',#5094,10.);
#1347=VECTOR('',#5101,10.);
#1348=VECTOR('',#5102,10.);
#1349=VECTOR('',#5103,10.);
#1350=VECTOR('',#5104,10.);
#1351=VECTOR('',#5105,10.);
#1352=VECTOR('',#5110,10.);
#1353=VECTOR('',#5117,10.);
#1354=VECTOR('',#5122,10.);
#1355=VECTOR('',#5123,10.);
#1356=VECTOR('',#5124,10.);
#1357=VECTOR('',#5133,10.);
#1358=VECTOR('',#5136,10.);
#1359=VECTOR('',#5137,10.);
#1360=VECTOR('',#5148,10.);
#1361=VECTOR('',#5149,10.);
#1362=VECTOR('',#5150,10.);
#1363=VECTOR('',#5151,10.);
#1364=VECTOR('',#5152,10.);
#1365=VECTOR('',#5153,10.);
#1366=VECTOR('',#5154,10.);
#1367=VECTOR('',#5155,10.);
#1368=VECTOR('',#5156,10.);
#1369=VECTOR('',#5157,10.);
#1370=VECTOR('',#5158,10.);
#1371=VECTOR('',#5159,10.);
#1372=VECTOR('',#5162,10.);
#1373=VECTOR('',#5165,10.);
#1374=VECTOR('',#5166,10.);
#1375=VECTOR('',#5167,10.);
#1376=VECTOR('',#5168,10.);
#1377=VECTOR('',#5169,10.);
#1378=VECTOR('',#5170,10.);
#1379=VECTOR('',#5171,10.);
#1380=VECTOR('',#5172,10.);
#1381=VECTOR('',#5173,10.);
#1382=VECTOR('',#5174,10.);
#1383=VECTOR('',#5175,10.);
#1384=VECTOR('',#5178,10.);
#1385=VECTOR('',#5179,10.);
#1386=VECTOR('',#5180,10.);
#1387=VECTOR('',#5183,10.);
#1388=VECTOR('',#5184,10.);
#1389=VECTOR('',#5185,10.);
#1390=VECTOR('',#5188,10.);
#1391=VECTOR('',#5189,10.);
#1392=VECTOR('',#5190,10.);
#1393=VECTOR('',#5193,10.);
#1394=VECTOR('',#5194,10.);
#1395=VECTOR('',#5195,10.);
#1396=VECTOR('',#5200,10.);
#1397=VECTOR('',#5201,10.);
#1398=VECTOR('',#5206,10.);
#1399=VECTOR('',#5207,10.);
#1400=VECTOR('',#5210,10.);
#1401=VECTOR('',#5213,10.);
#1402=VECTOR('',#5216,10.);
#1403=VECTOR('',#5217,10.);
#1404=VECTOR('',#5222,10.);
#1405=VECTOR('',#5223,10.);
#1406=VECTOR('',#5224,10.);
#1407=VECTOR('',#5227,10.);
#1408=VECTOR('',#5230,10.);
#1409=VECTOR('',#5235,10.);
#1410=VECTOR('',#5236,10.);
#1411=VECTOR('',#5237,10.);
#1412=VECTOR('',#5240,10.);
#1413=VECTOR('',#5243,10.);
#1414=VECTOR('',#5248,10.);
#1415=VECTOR('',#5249,10.);
#1416=VECTOR('',#5250,10.);
#1417=VECTOR('',#5253,10.);
#1418=VECTOR('',#5256,10.);
#1419=VECTOR('',#5261,10.);
#1420=VECTOR('',#5262,10.);
#1421=VECTOR('',#5263,10.);
#1422=VECTOR('',#5266,10.);
#1423=VECTOR('',#5269,10.);
#1424=VECTOR('',#5274,10.);
#1425=VECTOR('',#5277,10.);
#1426=VECTOR('',#5286,10.);
#1427=VECTOR('',#5287,10.);
#1428=VECTOR('',#5290,10.);
#1429=VECTOR('',#5293,10.);
#1430=B_SPLINE_CURVE_WITH_KNOTS('',3,(#5306,#5307,#5308,#5309,#5310,#5311,
#5312,#5313,#5314,#5315),.UNSPECIFIED.,.F.,.F.,(4,3,3,4),(-0.0392111149537638,
-0.0215608450325025,-0.00325776530549062,0.),.UNSPECIFIED.);
#1431=B_SPLINE_CURVE_WITH_KNOTS('',3,(#5331,#5332,#5333,#5334,#5335,#5336,
#5337,#5338,#5339,#5340),.UNSPECIFIED.,.F.,.F.,(4,3,3,4),(-0.039268434882324,
-0.0212040677447764,-0.00357806836012984,0.),.UNSPECIFIED.);
#1432=B_SPLINE_CURVE_WITH_KNOTS('',3,(#5342,#5343,#5344,#5345,#5346,#5347,
#5348,#5349),.UNSPECIFIED.,.F.,.F.,(4,2,2,4),(1.06846942584469,1.1147170025425,
1.21682588319828,1.29095252356377),.UNSPECIFIED.);
#1433=B_SPLINE_CURVE_WITH_KNOTS('',3,(#5351,#5352,#5353,#5354,#5355,#5356,
#5357,#5358),.UNSPECIFIED.,.F.,.F.,(4,2,2,4),(0.918442852387655,0.918931435076434,
1.01682421880947,1.06846942584469),.UNSPECIFIED.);
#1434=B_SPLINE_CURVE_WITH_KNOTS('',3,(#5360,#5361,#5362,#5363,#5364,#5365,
#5366,#5367),.UNSPECIFIED.,.F.,.F.,(4,2,2,4),(-0.269351084665064,-0.24212928006646,
-0.121041526816182,-0.0956930724870203),.UNSPECIFIED.);
#1435=B_SPLINE_CURVE_WITH_KNOTS('',3,(#5369,#5370,#5371,#5372,#5373,#5374,
#5375,#5376),.UNSPECIFIED.,.F.,.F.,(4,2,2,4),(0.769393444308159,0.821038651343396,
0.918931435076429,0.919420017765199),.UNSPECIFIED.);
#1436=B_SPLINE_CURVE_WITH_KNOTS('',3,(#5377,#5378,#5379,#5380,#5381,#5382,
#5383,#5384),.UNSPECIFIED.,.F.,.F.,(4,2,2,4),(0.546910346617705,0.621036986954586,
0.723145867610363,0.769393444308159),.UNSPECIFIED.);
#1437=B_SPLINE_CURVE_WITH_KNOTS('',3,(#5388,#5389,#5390,#5391,#5392,#5393,
#5394),.UNSPECIFIED.,.F.,.F.,(4,3,4),(-0.0320132736788242,-0.0149626714629943,
0.),.UNSPECIFIED.);
#1438=B_SPLINE_CURVE_WITH_KNOTS('',3,(#5396,#5397,#5398,#5399,#5400,#5401),
 .UNSPECIFIED.,.F.,.F.,(4,2,4),(-0.134390221210166,-0.0922270074136772,
-0.00465823205544962),.UNSPECIFIED.);
#1439=B_SPLINE_CURVE_WITH_KNOTS('',3,(#5405,#5406,#5407,#5408,#5409,#5410,
#5411,#5412,#5413,#5414),.UNSPECIFIED.,.F.,.F.,(4,2,2,2,4),(1.85000472529884,
1.88932845689021,2.01606414339826,2.14279982990631,2.18212356149768),
 .UNSPECIFIED.);
#1440=B_SPLINE_CURVE_WITH_KNOTS('',3,(#5418,#5419,#5420,#5421,#5422,#5423),
 .UNSPECIFIED.,.F.,.F.,(4,2,4),(-0.19314996299119,-0.0925389548333421,-0.0647811456542031),
 .UNSPECIFIED.);
#1441=B_SPLINE_CURVE_WITH_KNOTS('',3,(#5425,#5426,#5427,#5428,#5429,#5430,
#5431),.UNSPECIFIED.,.F.,.F.,(4,3,4),(-0.0320225114223041,-0.0149048462989134,
0.),.UNSPECIFIED.);
#1442=B_SPLINE_CURVE_WITH_KNOTS('',3,(#5448,#5449,#5450,#5451,#5452,#5453,
#5454,#5455,#5456,#5457),.UNSPECIFIED.,.F.,.F.,(4,3,3,4),(-0.0392111149537432,
-0.0215524662682574,-0.00324330828609833,0.),.UNSPECIFIED.);
#1443=B_SPLINE_CURVE_WITH_KNOTS('',3,(#5473,#5474,#5475,#5476,#5477,#5478,
#5479,#5480,#5481,#5482),.UNSPECIFIED.,.F.,.F.,(4,3,3,4),(-0.0392684348823063,
-0.0342924002518665,-0.0171462001259333,0.),.UNSPECIFIED.);
#1444=B_SPLINE_CURVE_WITH_KNOTS('',3,(#5484,#5485,#5486,#5487,#5488,#5489,
#5490,#5491),.UNSPECIFIED.,.F.,.F.,(4,2,2,4),(1.0684694258447,1.1147170025425,
1.21682588319827,1.29095252356376),.UNSPECIFIED.);
#1445=B_SPLINE_CURVE_WITH_KNOTS('',3,(#5493,#5494,#5495,#5496,#5497,#5498,
#5499,#5500),.UNSPECIFIED.,.F.,.F.,(4,2,2,4),(0.918442852387658,0.918931435076429,
1.01682421880946,1.0684694258447),.UNSPECIFIED.);
#1446=B_SPLINE_CURVE_WITH_KNOTS('',3,(#5502,#5503,#5504,#5505,#5506,#5507,
#5508,#5509),.UNSPECIFIED.,.F.,.F.,(4,2,2,4),(-0.269351084665062,-0.242129280066455,
-0.121041526816181,-0.0956930724870245),.UNSPECIFIED.);
#1447=B_SPLINE_CURVE_WITH_KNOTS('',3,(#5511,#5512,#5513,#5514,#5515,#5516,
#5517,#5518),.UNSPECIFIED.,.F.,.F.,(4,2,2,4),(0.769393444308176,0.8210386513434,
0.918931435076434,0.919420017765213),.UNSPECIFIED.);
#1448=B_SPLINE_CURVE_WITH_KNOTS('',3,(#5519,#5520,#5521,#5522,#5523,#5524,
#5525,#5526),.UNSPECIFIED.,.F.,.F.,(4,2,2,4),(0.546910346617707,0.621036986954589,
0.723145867610366,0.769393444308176),.UNSPECIFIED.);
#1449=B_SPLINE_CURVE_WITH_KNOTS('',3,(#5530,#5531,#5532,#5533,#5534,#5535,
#5536),.UNSPECIFIED.,.F.,.F.,(4,3,4),(-0.032013273678811,-0.0149590905000821,
0.),.UNSPECIFIED.);
#1450=B_SPLINE_CURVE_WITH_KNOTS('',3,(#5538,#5539,#5540,#5541,#5542,#5543),
 .UNSPECIFIED.,.F.,.F.,(4,2,4),(-0.134390221210162,-0.0922270074136725,
-0.00465823205544961),.UNSPECIFIED.);
#1451=B_SPLINE_CURVE_WITH_KNOTS('',3,(#5547,#5548,#5549,#5550,#5551,#5552,
#5553,#5554,#5555,#5556),.UNSPECIFIED.,.F.,.F.,(4,2,2,2,4),(1.85000472529884,
1.88932845689021,2.01606414339826,2.14279982990631,2.18212356149768),
 .UNSPECIFIED.);
#1452=B_SPLINE_CURVE_WITH_KNOTS('',3,(#5560,#5561,#5562,#5563,#5564,#5565),
 .UNSPECIFIED.,.F.,.F.,(4,2,4),(-0.193149962991194,-0.092538954833342,-0.0647811456542029),
 .UNSPECIFIED.);
#1453=B_SPLINE_CURVE_WITH_KNOTS('',3,(#5567,#5568,#5569,#5570,#5571,#5572,
#5573),.UNSPECIFIED.,.F.,.F.,(4,3,4),(-0.0320225114222829,-0.0146301684709507,
0.),.UNSPECIFIED.);
#1454=B_SPLINE_CURVE_WITH_KNOTS('',3,(#5607,#5608,#5609,#5610,#5611,#5612,
#5613),.UNSPECIFIED.,.F.,.F.,(4,1,1,1,4),(0.,0.20540385322486,0.410807706449721,
0.684679510749534,0.812737038768596),.UNSPECIFIED.);
#1455=B_SPLINE_CURVE_WITH_KNOTS('',3,(#5650,#5651,#5652,#5653),
 .UNSPECIFIED.,.F.,.F.,(4,4),(-0.0359872073640067,-0.0324085413163287),
 .UNSPECIFIED.);
#1456=B_SPLINE_CURVE_WITH_KNOTS('',3,(#5657,#5658,#5659,#5660,#5661,#5662,
#5663),.UNSPECIFIED.,.F.,.F.,(4,1,1,1,4),(-0.958551315049348,-0.684679510749534,
-0.410807706449721,-0.20540385322486,0.),.UNSPECIFIED.);
#1457=B_SPLINE_CURVE_WITH_KNOTS('',3,(#5691,#5692,#5693,#5694),
 .UNSPECIFIED.,.F.,.F.,(4,4),(-0.0485937034069342,-0.0450196294269864),
 .UNSPECIFIED.);
#1458=B_SPLINE_CURVE_WITH_KNOTS('',3,(#5727,#5728,#5729,#5730,#5731,#5732),
 .UNSPECIFIED.,.F.,.F.,(4,1,1,4),(0.,0.273871804299814,0.547743608599627,
0.8127370387686),.UNSPECIFIED.);
#1459=B_SPLINE_CURVE_WITH_KNOTS('',3,(#5769,#5770,#5771,#5772),
 .UNSPECIFIED.,.F.,.F.,(4,4),(-0.0359872073640287,-0.03240854131631),
 .UNSPECIFIED.);
#1460=B_SPLINE_CURVE_WITH_KNOTS('',3,(#5776,#5777,#5778,#5779,#5780,#5781,
#5782),.UNSPECIFIED.,.F.,.F.,(4,1,1,1,4),(-0.958551315049348,-0.821615412899441,
-0.547743608599627,-0.273871804299814,0.),.UNSPECIFIED.);
#1461=B_SPLINE_CURVE_WITH_KNOTS('',3,(#5937,#5938,#5939,#5940,#5941,#5942,
#5943),.UNSPECIFIED.,.F.,.F.,(4,1,1,1,4),(0.145813855385022,0.273871804343387,
0.41080770651508,0.684679510858467,0.958551315201854),.UNSPECIFIED.);
#1462=B_SPLINE_CURVE_WITH_KNOTS('',3,(#5947,#5948,#5949,#5950,#5951,#5952,
#5953),.UNSPECIFIED.,.F.,.F.,(4,1,1,1,4),(-0.958551315201854,-0.684679510858467,
-0.41080770651508,-0.273871804343387,0.),.UNSPECIFIED.);
#1463=B_SPLINE_CURVE_WITH_KNOTS('',3,(#6027,#6028,#6029,#6030,#6031,#6032),
 .UNSPECIFIED.,.F.,.F.,(4,2,4),(0.514217722612849,0.642826741069454,0.771435759526059),
 .UNSPECIFIED.);
#1464=B_SPLINE_CURVE_WITH_KNOTS('',3,(#6150,#6151,#6152,#6153,#6154,#6155,
#6156),.UNSPECIFIED.,.F.,.F.,(4,1,1,1,4),(0.145813855385024,0.273871804343387,
0.410807706515081,0.684679510858467,0.958551315201854),.UNSPECIFIED.);
#1465=B_SPLINE_CURVE_WITH_KNOTS('',3,(#6160,#6161,#6162,#6163,#6164,#6165,
#6166),.UNSPECIFIED.,.F.,.F.,(4,1,1,1,4),(-0.958551315201854,-0.684679510858467,
-0.410807706515081,-0.273871804343387,-2.68808896962256E-16),
 .UNSPECIFIED.);
#1466=B_SPLINE_CURVE_WITH_KNOTS('',3,(#6168,#6169,#6170,#6171),
 .UNSPECIFIED.,.F.,.F.,(4,4),(-0.048593703406945,-0.0450196294269775),
 .UNSPECIFIED.);
#1467=B_SPLINE_CURVE_WITH_KNOTS('',3,(#6238,#6239,#6240,#6241,#6242,#6243),
 .UNSPECIFIED.,.F.,.F.,(4,2,4),(0.514217722612849,0.642826741069454,0.771435759526059),
 .UNSPECIFIED.);
#1468=B_SPLINE_CURVE_WITH_KNOTS('',3,(#6284,#6285,#6286,#6287,#6288,#6289),
 .UNSPECIFIED.,.F.,.F.,(4,2,4),(0.,0.128609018456605,0.25721803691321),
 .UNSPECIFIED.);
#1469=B_SPLINE_CURVE_WITH_KNOTS('',3,(#6301,#6302,#6303,#6304,#6305,#6306),
 .UNSPECIFIED.,.F.,.F.,(4,2,4),(0.,0.128609018456605,0.25721803691321),
 .UNSPECIFIED.);
#1470=B_SPLINE_CURVE_WITH_KNOTS('',3,(#6327,#6328,#6329,#6330),
 .UNSPECIFIED.,.F.,.F.,(4,4),(0.,0.0215695710740478),.UNSPECIFIED.);
#1471=B_SPLINE_CURVE_WITH_KNOTS('',3,(#6360,#6361,#6362,#6363),
 .UNSPECIFIED.,.F.,.F.,(4,4),(0.242087071316884,0.263656642390931),
 .UNSPECIFIED.);
#1472=B_SPLINE_CURVE_WITH_KNOTS('',3,(#6375,#6376,#6377,#6378),
 .UNSPECIFIED.,.F.,.F.,(4,4),(0.,0.0446007910006439),.UNSPECIFIED.);
#1473=B_SPLINE_CURVE_WITH_KNOTS('',3,(#6414,#6415,#6416,#6417),
 .UNSPECIFIED.,.F.,.F.,(4,4),(0.221687890527437,0.266288681528081),
 .UNSPECIFIED.);
#1474=B_SPLINE_CURVE_WITH_KNOTS('',3,(#6426,#6427,#6428,#6429),
 .UNSPECIFIED.,.F.,.F.,(4,4),(0.,0.0222253141947811),.UNSPECIFIED.);
#1475=B_SPLINE_CURVE_WITH_KNOTS('',3,(#6459,#6460,#6461,#6462),
 .UNSPECIFIED.,.F.,.F.,(4,4),(0.246711087123935,0.268936401318716),
 .UNSPECIFIED.);
#1476=B_SPLINE_CURVE_WITH_KNOTS('',3,(#6474,#6475,#6476,#6477,#6478,#6479),
 .UNSPECIFIED.,.F.,.F.,(4,2,4),(0.,0.0419079983594378,0.0455916842459683),
 .UNSPECIFIED.);
#1477=B_SPLINE_CURVE_WITH_KNOTS('',3,(#6515,#6516,#6517,#6518,#6519,#6520),
 .UNSPECIFIED.,.F.,.F.,(4,2,4),(0.220696997282113,0.224380683168643,0.266288681528081),
 .UNSPECIFIED.);
#1478=VERTEX_POINT('',#5304);
#1479=VERTEX_POINT('',#5305);
#1480=VERTEX_POINT('',#5316);
#1481=VERTEX_POINT('',#5318);
#1482=VERTEX_POINT('',#5320);
#1483=VERTEX_POINT('',#5322);
#1484=VERTEX_POINT('',#5324);
#1485=VERTEX_POINT('',#5326);
#1486=VERTEX_POINT('',#5328);
#1487=VERTEX_POINT('',#5330);
#1488=VERTEX_POINT('',#5341);
#1489=VERTEX_POINT('',#5350);
#1490=VERTEX_POINT('',#5359);
#1491=VERTEX_POINT('',#5368);
#1492=VERTEX_POINT('',#5386);
#1493=VERTEX_POINT('',#5387);
#1494=VERTEX_POINT('',#5395);
#1495=VERTEX_POINT('',#5402);
#1496=VERTEX_POINT('',#5404);
#1497=VERTEX_POINT('',#5415);
#1498=VERTEX_POINT('',#5417);
#1499=VERTEX_POINT('',#5424);
#1500=VERTEX_POINT('',#5432);
#1501=VERTEX_POINT('',#5434);
#1502=VERTEX_POINT('',#5436);
#1503=VERTEX_POINT('',#5438);
#1504=VERTEX_POINT('',#5440);
#1505=VERTEX_POINT('',#5442);
#1506=VERTEX_POINT('',#5446);
#1507=VERTEX_POINT('',#5447);
#1508=VERTEX_POINT('',#5458);
#1509=VERTEX_POINT('',#5460);
#1510=VERTEX_POINT('',#5462);
#1511=VERTEX_POINT('',#5464);
#1512=VERTEX_POINT('',#5466);
#1513=VERTEX_POINT('',#5468);
#1514=VERTEX_POINT('',#5470);
#1515=VERTEX_POINT('',#5472);
#1516=VERTEX_POINT('',#5483);
#1517=VERTEX_POINT('',#5492);
#1518=VERTEX_POINT('',#5501);
#1519=VERTEX_POINT('',#5510);
#1520=VERTEX_POINT('',#5528);
#1521=VERTEX_POINT('',#5529);
#1522=VERTEX_POINT('',#5537);
#1523=VERTEX_POINT('',#5544);
#1524=VERTEX_POINT('',#5546);
#1525=VERTEX_POINT('',#5557);
#1526=VERTEX_POINT('',#5559);
#1527=VERTEX_POINT('',#5566);
#1528=VERTEX_POINT('',#5574);
#1529=VERTEX_POINT('',#5576);
#1530=VERTEX_POINT('',#5578);
#1531=VERTEX_POINT('',#5580);
#1532=VERTEX_POINT('',#5582);
#1533=VERTEX_POINT('',#5584);
#1534=VERTEX_POINT('',#5596);
#1535=VERTEX_POINT('',#5598);
#1536=VERTEX_POINT('',#5602);
#1537=VERTEX_POINT('',#5606);
#1538=VERTEX_POINT('',#5654);
#1539=VERTEX_POINT('',#5656);
#1540=VERTEX_POINT('',#5666);
#1541=VERTEX_POINT('',#5668);
#1542=VERTEX_POINT('',#5672);
#1543=VERTEX_POINT('',#5676);
#1544=VERTEX_POINT('',#5678);
#1545=VERTEX_POINT('',#5682);
#1546=VERTEX_POINT('',#5684);
#1547=VERTEX_POINT('',#5686);
#1548=VERTEX_POINT('',#5688);
#1549=VERTEX_POINT('',#5696);
#1550=VERTEX_POINT('',#5704);
#1551=VERTEX_POINT('',#5716);
#1552=VERTEX_POINT('',#5718);
#1553=VERTEX_POINT('',#5722);
#1554=VERTEX_POINT('',#5726);
#1555=VERTEX_POINT('',#5773);
#1556=VERTEX_POINT('',#5775);
#1557=VERTEX_POINT('',#5785);
#1558=VERTEX_POINT('',#5787);
#1559=VERTEX_POINT('',#5791);
#1560=VERTEX_POINT('',#5795);
#1561=VERTEX_POINT('',#5797);
#1562=VERTEX_POINT('',#5801);
#1563=VERTEX_POINT('',#5803);
#1564=VERTEX_POINT('',#5805);
#1565=VERTEX_POINT('',#5807);
#1566=VERTEX_POINT('',#5811);
#1567=VERTEX_POINT('',#5819);
#1568=VERTEX_POINT('',#5852);
#1569=VERTEX_POINT('',#5854);
#1570=VERTEX_POINT('',#5887);
#1571=VERTEX_POINT('',#5888);
#1572=VERTEX_POINT('',#5890);
#1573=VERTEX_POINT('',#5896);
#1574=VERTEX_POINT('',#5897);
#1575=VERTEX_POINT('',#5936);
#1576=VERTEX_POINT('',#5944);
#1577=VERTEX_POINT('',#5946);
#1578=VERTEX_POINT('',#5956);
#1579=VERTEX_POINT('',#5958);
#1580=VERTEX_POINT('',#5965);
#1581=VERTEX_POINT('',#5969);
#1582=VERTEX_POINT('',#5970);
#1583=VERTEX_POINT('',#5980);
#1584=VERTEX_POINT('',#5982);
#1585=VERTEX_POINT('',#5986);
#1586=VERTEX_POINT('',#5990);
#1587=VERTEX_POINT('',#5994);
#1588=VERTEX_POINT('',#5996);
#1589=VERTEX_POINT('',#5999);
#1590=VERTEX_POINT('',#6001);
#1591=VERTEX_POINT('',#6003);
#1592=VERTEX_POINT('',#6005);
#1593=VERTEX_POINT('',#6007);
#1594=VERTEX_POINT('',#6009);
#1595=VERTEX_POINT('',#6011);
#1596=VERTEX_POINT('',#6013);
#1597=VERTEX_POINT('',#6015);
#1598=VERTEX_POINT('',#6017);
#1599=VERTEX_POINT('',#6021);
#1600=VERTEX_POINT('',#6023);
#1601=VERTEX_POINT('',#6025);
#1602=VERTEX_POINT('',#6034);
#1603=VERTEX_POINT('',#6068);
#1604=VERTEX_POINT('',#6101);
#1605=VERTEX_POINT('',#6102);
#1606=VERTEX_POINT('',#6104);
#1607=VERTEX_POINT('',#6109);
#1608=VERTEX_POINT('',#6110);
#1609=VERTEX_POINT('',#6149);
#1610=VERTEX_POINT('',#6157);
#1611=VERTEX_POINT('',#6159);
#1612=VERTEX_POINT('',#6173);
#1613=VERTEX_POINT('',#6175);
#1614=VERTEX_POINT('',#6182);
#1615=VERTEX_POINT('',#6186);
#1616=VERTEX_POINT('',#6187);
#1617=VERTEX_POINT('',#6197);
#1618=VERTEX_POINT('',#6201);
#1619=VERTEX_POINT('',#6205);
#1620=VERTEX_POINT('',#6209);
#1621=VERTEX_POINT('',#6211);
#1622=VERTEX_POINT('',#6213);
#1623=VERTEX_POINT('',#6215);
#1624=VERTEX_POINT('',#6217);
#1625=VERTEX_POINT('',#6219);
#1626=VERTEX_POINT('',#6221);
#1627=VERTEX_POINT('',#6223);
#1628=VERTEX_POINT('',#6226);
#1629=VERTEX_POINT('',#6228);
#1630=VERTEX_POINT('',#6232);
#1631=VERTEX_POINT('',#6234);
#1632=VERTEX_POINT('',#6236);
#1633=VERTEX_POINT('',#6245);
#1634=VERTEX_POINT('',#6249);
#1635=VERTEX_POINT('',#6250);
#1636=VERTEX_POINT('',#6252);
#1637=VERTEX_POINT('',#6254);
#1638=VERTEX_POINT('',#6258);
#1639=VERTEX_POINT('',#6264);
#1640=VERTEX_POINT('',#6270);
#1641=VERTEX_POINT('',#6273);
#1642=VERTEX_POINT('',#6276);
#1643=VERTEX_POINT('',#6278);
#1644=VERTEX_POINT('',#6283);
#1645=VERTEX_POINT('',#6290);
#1646=VERTEX_POINT('',#6297);
#1647=VERTEX_POINT('',#6300);
#1648=VERTEX_POINT('',#6307);
#1649=VERTEX_POINT('',#6314);
#1650=VERTEX_POINT('',#6323);
#1651=VERTEX_POINT('',#6324);
#1652=VERTEX_POINT('',#6326);
#1653=VERTEX_POINT('',#6331);
#1654=VERTEX_POINT('',#6333);
#1655=VERTEX_POINT('',#6337);
#1656=VERTEX_POINT('',#6339);
#1657=VERTEX_POINT('',#6343);
#1658=VERTEX_POINT('',#6345);
#1659=VERTEX_POINT('',#6349);
#1660=VERTEX_POINT('',#6351);
#1661=VERTEX_POINT('',#6355);
#1662=VERTEX_POINT('',#6357);
#1663=VERTEX_POINT('',#6359);
#1664=VERTEX_POINT('',#6366);
#1665=VERTEX_POINT('',#6368);
#1666=VERTEX_POINT('',#6370);
#1667=VERTEX_POINT('',#6372);
#1668=VERTEX_POINT('',#6374);
#1669=VERTEX_POINT('',#6379);
#1670=VERTEX_POINT('',#6381);
#1671=VERTEX_POINT('',#6385);
#1672=VERTEX_POINT('',#6389);
#1673=VERTEX_POINT('',#6393);
#1674=VERTEX_POINT('',#6397);
#1675=VERTEX_POINT('',#6401);
#1676=VERTEX_POINT('',#6405);
#1677=VERTEX_POINT('',#6407);
#1678=VERTEX_POINT('',#6409);
#1679=VERTEX_POINT('',#6411);
#1680=VERTEX_POINT('',#6413);
#1681=VERTEX_POINT('',#6418);
#1682=VERTEX_POINT('',#6422);
#1683=VERTEX_POINT('',#6423);
#1684=VERTEX_POINT('',#6425);
#1685=VERTEX_POINT('',#6430);
#1686=VERTEX_POINT('',#6432);
#1687=VERTEX_POINT('',#6436);
#1688=VERTEX_POINT('',#6438);
#1689=VERTEX_POINT('',#6442);
#1690=VERTEX_POINT('',#6444);
#1691=VERTEX_POINT('',#6448);
#1692=VERTEX_POINT('',#6450);
#1693=VERTEX_POINT('',#6454);
#1694=VERTEX_POINT('',#6456);
#1695=VERTEX_POINT('',#6458);
#1696=VERTEX_POINT('',#6465);
#1697=VERTEX_POINT('',#6467);
#1698=VERTEX_POINT('',#6469);
#1699=VERTEX_POINT('',#6471);
#1700=VERTEX_POINT('',#6473);
#1701=VERTEX_POINT('',#6480);
#1702=VERTEX_POINT('',#6482);
#1703=VERTEX_POINT('',#6486);
#1704=VERTEX_POINT('',#6490);
#1705=VERTEX_POINT('',#6494);
#1706=VERTEX_POINT('',#6498);
#1707=VERTEX_POINT('',#6502);
#1708=VERTEX_POINT('',#6506);
#1709=VERTEX_POINT('',#6508);
#1710=VERTEX_POINT('',#6510);
#1711=VERTEX_POINT('',#6512);
#1712=VERTEX_POINT('',#6514);
#1713=VERTEX_POINT('',#6521);
#1714=VERTEX_POINT('',#6531);
#1715=VERTEX_POINT('',#6535);
#1716=VERTEX_POINT('',#6539);
#1717=VERTEX_POINT('',#6543);
#1718=VERTEX_POINT('',#6563);
#1719=VERTEX_POINT('',#6567);
#1720=VERTEX_POINT('',#6571);
#1721=VERTEX_POINT('',#6575);
#1722=VERTEX_POINT('',#6591);
#1723=VERTEX_POINT('',#6593);
#1724=VERTEX_POINT('',#6595);
#1725=VERTEX_POINT('',#6597);
#1726=VERTEX_POINT('',#6601);
#1727=VERTEX_POINT('',#6605);
#1728=VERTEX_POINT('',#6609);
#1729=VERTEX_POINT('',#6613);
#1730=VERTEX_POINT('',#6617);
#1731=VERTEX_POINT('',#6619);
#1732=VERTEX_POINT('',#6621);
#1733=VERTEX_POINT('',#6623);
#1734=VERTEX_POINT('',#6627);
#1735=VERTEX_POINT('',#6629);
#1736=VERTEX_POINT('',#6633);
#1737=VERTEX_POINT('',#6637);
#1738=VERTEX_POINT('',#6641);
#1739=VERTEX_POINT('',#6645);
#1740=VERTEX_POINT('',#6646);
#1741=VERTEX_POINT('',#6651);
#1742=VERTEX_POINT('',#6652);
#1743=VERTEX_POINT('',#6657);
#1744=VERTEX_POINT('',#6658);
#1745=VERTEX_POINT('',#6667);
#1746=VERTEX_POINT('',#6671);
#1747=VERTEX_POINT('',#6675);
#1748=VERTEX_POINT('',#6681);
#1749=VERTEX_POINT('',#6685);
#1750=VERTEX_POINT('',#6689);
#1751=VERTEX_POINT('',#6695);
#1752=VERTEX_POINT('',#6699);
#1753=VERTEX_POINT('',#6703);
#1754=VERTEX_POINT('',#6709);
#1755=VERTEX_POINT('',#6713);
#1756=VERTEX_POINT('',#6717);
#1757=VERTEX_POINT('',#6723);
#1758=VERTEX_POINT('',#6727);
#1759=VERTEX_POINT('',#6731);
#1760=VERTEX_POINT('',#6737);
#1761=VERTEX_POINT('',#6741);
#1762=VERTEX_POINT('',#6745);
#1763=VERTEX_POINT('',#6751);
#1764=VERTEX_POINT('',#6755);
#1765=VERTEX_POINT('',#6759);
#1766=VERTEX_POINT('',#6765);
#1767=VERTEX_POINT('',#6767);
#1768=VERTEX_POINT('',#6769);
#1769=VERTEX_POINT('',#6771);
#1770=VERTEX_POINT('',#6775);
#1771=VERTEX_POINT('',#6777);
#1772=VERTEX_POINT('',#6781);
#1773=VERTEX_POINT('',#6783);
#1774=VERTEX_POINT('',#6787);
#1775=VERTEX_POINT('',#6788);
#1776=VERTEX_POINT('',#6795);
#1777=VERTEX_POINT('',#6799);
#1778=VERTEX_POINT('',#6807);
#1779=VERTEX_POINT('',#6808);
#1780=VERTEX_POINT('',#6810);
#1781=VERTEX_POINT('',#6812);
#1782=VERTEX_POINT('',#6815);
#1783=VERTEX_POINT('',#6816);
#1784=VERTEX_POINT('',#6818);
#1785=VERTEX_POINT('',#6820);
#1786=VERTEX_POINT('',#6823);
#1787=VERTEX_POINT('',#6824);
#1788=VERTEX_POINT('',#6826);
#1789=VERTEX_POINT('',#6828);
#1790=VERTEX_POINT('',#6831);
#1791=VERTEX_POINT('',#6832);
#1792=VERTEX_POINT('',#6834);
#1793=VERTEX_POINT('',#6836);
#1794=VERTEX_POINT('',#6839);
#1795=VERTEX_POINT('',#6840);
#1796=VERTEX_POINT('',#6842);
#1797=VERTEX_POINT('',#6844);
#1798=VERTEX_POINT('',#6854);
#1799=VERTEX_POINT('',#6856);
#1800=VERTEX_POINT('',#6860);
#1801=VERTEX_POINT('',#6862);
#1802=VERTEX_POINT('',#6866);
#1803=VERTEX_POINT('',#6868);
#1804=VERTEX_POINT('',#6872);
#1805=VERTEX_POINT('',#6874);
#1806=VERTEX_POINT('',#6878);
#1807=VERTEX_POINT('',#6879);
#1808=VERTEX_POINT('',#6884);
#1809=VERTEX_POINT('',#6885);
#1810=VERTEX_POINT('',#6890);
#1811=VERTEX_POINT('',#6892);
#1812=VERTEX_POINT('',#6896);
#1813=VERTEX_POINT('',#6898);
#1814=VERTEX_POINT('',#6902);
#1815=VERTEX_POINT('',#6904);
#1816=VERTEX_POINT('',#6913);
#1817=VERTEX_POINT('',#6915);
#1818=VERTEX_POINT('',#6924);
#1819=VERTEX_POINT('',#6926);
#1820=VERTEX_POINT('',#6935);
#1821=VERTEX_POINT('',#6937);
#1822=EDGE_CURVE('',#1478,#1479,#1430,.T.);
#1823=EDGE_CURVE('',#1480,#1478,#790,.T.);
#1824=EDGE_CURVE('',#1481,#1480,#634,.T.);
#1825=EDGE_CURVE('',#1482,#1481,#791,.T.);
#1826=EDGE_CURVE('',#1483,#1482,#635,.T.);
#1827=EDGE_CURVE('',#1484,#1483,#792,.T.);
#1828=EDGE_CURVE('',#1485,#1484,#636,.T.);
#1829=EDGE_CURVE('',#1485,#1486,#793,.T.);
#1830=EDGE_CURVE('',#1487,#1486,#1431,.T.);
#1831=EDGE_CURVE('',#1488,#1487,#1432,.T.);
#1832=EDGE_CURVE('',#1489,#1488,#1433,.T.);
#1833=EDGE_CURVE('',#1490,#1489,#1434,.T.);
#1834=EDGE_CURVE('',#1491,#1490,#1435,.T.);
#1835=EDGE_CURVE('',#1479,#1491,#1436,.T.);
#1836=EDGE_CURVE('',#1492,#1493,#1437,.T.);
#1837=EDGE_CURVE('',#1494,#1492,#1438,.T.);
#1838=EDGE_CURVE('',#1495,#1494,#637,.T.);
#1839=EDGE_CURVE('',#1496,#1495,#1439,.T.);
#1840=EDGE_CURVE('',#1497,#1496,#638,.T.);
#1841=EDGE_CURVE('',#1498,#1497,#1440,.T.);
#1842=EDGE_CURVE('',#1499,#1498,#1441,.T.);
#1843=EDGE_CURVE('',#1500,#1499,#794,.T.);
#1844=EDGE_CURVE('',#1501,#1500,#639,.T.);
#1845=EDGE_CURVE('',#1502,#1501,#795,.T.);
#1846=EDGE_CURVE('',#1503,#1502,#640,.T.);
#1847=EDGE_CURVE('',#1504,#1503,#796,.T.);
#1848=EDGE_CURVE('',#1505,#1504,#641,.T.);
#1849=EDGE_CURVE('',#1505,#1493,#797,.T.);
#1850=EDGE_CURVE('',#1506,#1507,#1442,.T.);
#1851=EDGE_CURVE('',#1508,#1506,#798,.T.);
#1852=EDGE_CURVE('',#1509,#1508,#642,.T.);
#1853=EDGE_CURVE('',#1510,#1509,#799,.T.);
#1854=EDGE_CURVE('',#1511,#1510,#643,.T.);
#1855=EDGE_CURVE('',#1512,#1511,#800,.T.);
#1856=EDGE_CURVE('',#1513,#1512,#644,.T.);
#1857=EDGE_CURVE('',#1513,#1514,#801,.T.);
#1858=EDGE_CURVE('',#1515,#1514,#1443,.T.);
#1859=EDGE_CURVE('',#1516,#1515,#1444,.T.);
#1860=EDGE_CURVE('',#1517,#1516,#1445,.T.);
#1861=EDGE_CURVE('',#1518,#1517,#1446,.T.);
#1862=EDGE_CURVE('',#1519,#1518,#1447,.T.);
#1863=EDGE_CURVE('',#1507,#1519,#1448,.T.);
#1864=EDGE_CURVE('',#1520,#1521,#1449,.T.);
#1865=EDGE_CURVE('',#1522,#1520,#1450,.T.);
#1866=EDGE_CURVE('',#1523,#1522,#645,.T.);
#1867=EDGE_CURVE('',#1524,#1523,#1451,.T.);
#1868=EDGE_CURVE('',#1525,#1524,#646,.T.);
#1869=EDGE_CURVE('',#1526,#1525,#1452,.T.);
#1870=EDGE_CURVE('',#1527,#1526,#1453,.T.);
#1871=EDGE_CURVE('',#1528,#1527,#802,.T.);
#1872=EDGE_CURVE('',#1529,#1528,#647,.T.);
#1873=EDGE_CURVE('',#1530,#1529,#803,.T.);
#1874=EDGE_CURVE('',#1531,#1530,#648,.T.);
#1875=EDGE_CURVE('',#1532,#1531,#804,.T.);
#1876=EDGE_CURVE('',#1533,#1532,#649,.T.);
#1877=EDGE_CURVE('',#1533,#1521,#805,.T.);
#1878=EDGE_CURVE('',#1534,#1489,#650,.T.);
#1879=EDGE_CURVE('',#1534,#1535,#651,.T.);
#1880=EDGE_CURVE('',#1490,#1535,#652,.T.);
#1881=EDGE_CURVE('',#1536,#1488,#653,.T.);
#1882=EDGE_CURVE('',#1536,#1534,#806,.T.);
#1883=EDGE_CURVE('',#1487,#1537,#1454,.F.);
#1884=EDGE_CURVE('',#1537,#1536,#807,.T.);
#1885=EDGE_CURVE('',#1486,#1499,#1455,.T.);
#1886=EDGE_CURVE('',#1538,#1498,#654,.T.);
#1887=EDGE_CURVE('',#1538,#1539,#1456,.T.);
#1888=EDGE_CURVE('',#1537,#1539,#655,.T.);
#1889=EDGE_CURVE('',#1497,#1540,#656,.T.);
#1890=EDGE_CURVE('',#1541,#1540,#657,.T.);
#1891=EDGE_CURVE('',#1541,#1538,#658,.T.);
#1892=EDGE_CURVE('',#1542,#1496,#808,.T.);
#1893=EDGE_CURVE('',#1540,#1542,#809,.T.);
#1894=EDGE_CURVE('',#1543,#1501,#810,.T.);
#1895=EDGE_CURVE('',#1544,#1543,#811,.T.);
#1896=EDGE_CURVE('',#1544,#1502,#812,.T.);
#1897=EDGE_CURVE('',#1545,#1505,#813,.T.);
#1898=EDGE_CURVE('',#1546,#1545,#814,.T.);
#1899=EDGE_CURVE('',#1546,#1547,#815,.T.);
#1900=EDGE_CURVE('',#1547,#1548,#816,.T.);
#1901=EDGE_CURVE('',#1480,#1548,#817,.T.);
#1902=EDGE_CURVE('',#1493,#1478,#1457,.T.);
#1903=EDGE_CURVE('',#1484,#1549,#818,.T.);
#1904=EDGE_CURVE('',#1549,#1485,#819,.T.);
#1905=EDGE_CURVE('',#1500,#1543,#820,.T.);
#1906=EDGE_CURVE('',#1548,#1481,#821,.T.);
#1907=EDGE_CURVE('',#1483,#1550,#822,.T.);
#1908=EDGE_CURVE('',#1550,#1549,#823,.T.);
#1909=EDGE_CURVE('',#1551,#1517,#659,.T.);
#1910=EDGE_CURVE('',#1551,#1552,#660,.T.);
#1911=EDGE_CURVE('',#1518,#1552,#661,.T.);
#1912=EDGE_CURVE('',#1553,#1516,#662,.T.);
#1913=EDGE_CURVE('',#1553,#1551,#824,.T.);
#1914=EDGE_CURVE('',#1515,#1554,#1458,.F.);
#1915=EDGE_CURVE('',#1554,#1553,#825,.T.);
#1916=EDGE_CURVE('',#1514,#1527,#1459,.T.);
#1917=EDGE_CURVE('',#1555,#1526,#663,.T.);
#1918=EDGE_CURVE('',#1555,#1556,#1460,.T.);
#1919=EDGE_CURVE('',#1554,#1556,#664,.T.);
#1920=EDGE_CURVE('',#1525,#1557,#665,.T.);
#1921=EDGE_CURVE('',#1558,#1557,#666,.T.);
#1922=EDGE_CURVE('',#1558,#1555,#667,.T.);
#1923=EDGE_CURVE('',#1559,#1524,#826,.T.);
#1924=EDGE_CURVE('',#1557,#1559,#827,.T.);
#1925=EDGE_CURVE('',#1560,#1509,#828,.T.);
#1926=EDGE_CURVE('',#1561,#1560,#829,.T.);
#1927=EDGE_CURVE('',#1561,#1510,#830,.T.);
#1928=EDGE_CURVE('',#1562,#1513,#831,.T.);
#1929=EDGE_CURVE('',#1563,#1562,#832,.T.);
#1930=EDGE_CURVE('',#1563,#1564,#833,.T.);
#1931=EDGE_CURVE('',#1564,#1565,#834,.T.);
#1932=EDGE_CURVE('',#1528,#1565,#835,.T.);
#1933=EDGE_CURVE('',#1532,#1566,#836,.T.);
#1934=EDGE_CURVE('',#1566,#1533,#837,.T.);
#1935=EDGE_CURVE('',#1508,#1560,#838,.T.);
#1936=EDGE_CURVE('',#1565,#1529,#839,.T.);
#1937=EDGE_CURVE('',#1531,#1567,#840,.T.);
#1938=EDGE_CURVE('',#1567,#1566,#841,.T.);
#1939=EDGE_CURVE('',#1568,#1542,#34,.T.);
#1940=EDGE_CURVE('',#1542,#1569,#35,.T.);
#1941=EDGE_CURVE('',#1569,#1568,#668,.T.);
#1942=EDGE_CURVE('',#1570,#1571,#36,.T.);
#1943=EDGE_CURVE('',#1571,#1572,#37,.T.);
#1944=EDGE_CURVE('',#1572,#1570,#669,.T.);
#1945=EDGE_CURVE('',#1568,#1541,#842,.T.);
#1946=EDGE_CURVE('',#1573,#1574,#670,.T.);
#1947=EDGE_CURVE('',#1574,#1537,#843,.T.);
#1948=EDGE_CURVE('',#1539,#1573,#844,.T.);
#1949=EDGE_CURVE('',#1575,#1479,#1461,.F.);
#1950=EDGE_CURVE('',#1576,#1575,#671,.T.);
#1951=EDGE_CURVE('',#1576,#1577,#1462,.T.);
#1952=EDGE_CURVE('',#1492,#1577,#672,.T.);
#1953=EDGE_CURVE('',#1577,#1578,#673,.T.);
#1954=EDGE_CURVE('',#1578,#1579,#674,.T.);
#1955=EDGE_CURVE('',#1579,#1494,#675,.T.);
#1956=EDGE_CURVE('',#1571,#1579,#845,.T.);
#1957=EDGE_CURVE('',#1578,#1572,#846,.T.);
#1958=EDGE_CURVE('',#1491,#1580,#676,.T.);
#1959=EDGE_CURVE('',#1580,#1575,#847,.T.);
#1960=EDGE_CURVE('',#1581,#1582,#677,.T.);
#1961=EDGE_CURVE('',#1582,#1576,#848,.T.);
#1962=EDGE_CURVE('',#1575,#1581,#849,.T.);
#1963=EDGE_CURVE('',#1535,#1580,#850,.T.);
#1964=EDGE_CURVE('',#1495,#1571,#851,.T.);
#1965=EDGE_CURVE('',#1570,#1569,#852,.T.);
#1966=EDGE_CURVE('',#1569,#1583,#853,.T.);
#1967=EDGE_CURVE('',#1584,#1583,#678,.T.);
#1968=EDGE_CURVE('',#1568,#1584,#854,.T.);
#1969=EDGE_CURVE('',#1570,#1585,#855,.T.);
#1970=EDGE_CURVE('',#1583,#1585,#856,.T.);
#1971=EDGE_CURVE('',#1572,#1586,#857,.T.);
#1972=EDGE_CURVE('',#1585,#1586,#679,.T.);
#1973=EDGE_CURVE('',#1587,#1578,#858,.T.);
#1974=EDGE_CURVE('',#1588,#1587,#859,.T.);
#1975=EDGE_CURVE('',#1558,#1588,#860,.T.);
#1976=EDGE_CURVE('',#1589,#1558,#861,.T.);
#1977=EDGE_CURVE('',#1589,#1590,#862,.T.);
#1978=EDGE_CURVE('',#1591,#1590,#863,.T.);
#1979=EDGE_CURVE('',#1592,#1591,#680,.T.);
#1980=EDGE_CURVE('',#1593,#1592,#864,.T.);
#1981=EDGE_CURVE('',#1594,#1593,#865,.T.);
#1982=EDGE_CURVE('',#1595,#1594,#866,.T.);
#1983=EDGE_CURVE('',#1596,#1595,#867,.T.);
#1984=EDGE_CURVE('',#1597,#1596,#868,.T.);
#1985=EDGE_CURVE('',#1598,#1597,#681,.T.);
#1986=EDGE_CURVE('',#1586,#1598,#869,.T.);
#1987=EDGE_CURVE('',#1599,#1582,#682,.T.);
#1988=EDGE_CURVE('',#1600,#1599,#870,.T.);
#1989=EDGE_CURVE('',#1601,#1600,#683,.F.);
#1990=EDGE_CURVE('',#1587,#1601,#1463,.F.);
#1991=EDGE_CURVE('',#1535,#1602,#871,.T.);
#1992=EDGE_CURVE('',#1581,#1602,#872,.T.);
#1993=EDGE_CURVE('',#1589,#1559,#38,.T.);
#1994=EDGE_CURVE('',#1559,#1603,#39,.T.);
#1995=EDGE_CURVE('',#1603,#1589,#684,.T.);
#1996=EDGE_CURVE('',#1604,#1605,#40,.T.);
#1997=EDGE_CURVE('',#1605,#1606,#41,.T.);
#1998=EDGE_CURVE('',#1606,#1604,#685,.T.);
#1999=EDGE_CURVE('',#1607,#1608,#686,.T.);
#2000=EDGE_CURVE('',#1608,#1554,#873,.T.);
#2001=EDGE_CURVE('',#1556,#1607,#874,.T.);
#2002=EDGE_CURVE('',#1609,#1507,#1464,.F.);
#2003=EDGE_CURVE('',#1610,#1609,#687,.T.);
#2004=EDGE_CURVE('',#1610,#1611,#1465,.T.);
#2005=EDGE_CURVE('',#1520,#1611,#688,.T.);
#2006=EDGE_CURVE('',#1521,#1506,#1466,.T.);
#2007=EDGE_CURVE('',#1611,#1612,#689,.T.);
#2008=EDGE_CURVE('',#1612,#1613,#690,.T.);
#2009=EDGE_CURVE('',#1613,#1522,#691,.T.);
#2010=EDGE_CURVE('',#1605,#1613,#875,.T.);
#2011=EDGE_CURVE('',#1612,#1606,#876,.T.);
#2012=EDGE_CURVE('',#1519,#1614,#692,.T.);
#2013=EDGE_CURVE('',#1614,#1609,#877,.T.);
#2014=EDGE_CURVE('',#1615,#1616,#693,.T.);
#2015=EDGE_CURVE('',#1616,#1610,#878,.T.);
#2016=EDGE_CURVE('',#1609,#1615,#879,.T.);
#2017=EDGE_CURVE('',#1552,#1614,#880,.T.);
#2018=EDGE_CURVE('',#1523,#1605,#881,.T.);
#2019=EDGE_CURVE('',#1604,#1603,#882,.T.);
#2020=EDGE_CURVE('',#1603,#1617,#883,.T.);
#2021=EDGE_CURVE('',#1590,#1617,#694,.T.);
#2022=EDGE_CURVE('',#1604,#1618,#884,.T.);
#2023=EDGE_CURVE('',#1617,#1618,#885,.T.);
#2024=EDGE_CURVE('',#1606,#1619,#886,.T.);
#2025=EDGE_CURVE('',#1618,#1619,#695,.T.);
#2026=EDGE_CURVE('',#1620,#1584,#887,.T.);
#2027=EDGE_CURVE('',#1621,#1620,#696,.T.);
#2028=EDGE_CURVE('',#1622,#1621,#888,.T.);
#2029=EDGE_CURVE('',#1623,#1622,#889,.T.);
#2030=EDGE_CURVE('',#1624,#1623,#890,.T.);
#2031=EDGE_CURVE('',#1625,#1624,#891,.T.);
#2032=EDGE_CURVE('',#1626,#1625,#892,.T.);
#2033=EDGE_CURVE('',#1627,#1626,#697,.T.);
#2034=EDGE_CURVE('',#1619,#1627,#893,.T.);
#2035=EDGE_CURVE('',#1628,#1612,#894,.T.);
#2036=EDGE_CURVE('',#1629,#1628,#895,.T.);
#2037=EDGE_CURVE('',#1541,#1629,#896,.T.);
#2038=EDGE_CURVE('',#1630,#1616,#698,.T.);
#2039=EDGE_CURVE('',#1631,#1630,#897,.T.);
#2040=EDGE_CURVE('',#1632,#1631,#699,.F.);
#2041=EDGE_CURVE('',#1628,#1632,#1467,.F.);
#2042=EDGE_CURVE('',#1552,#1633,#898,.T.);
#2043=EDGE_CURVE('',#1615,#1633,#899,.T.);
#2044=EDGE_CURVE('',#1634,#1635,#700,.T.);
#2045=EDGE_CURVE('',#1635,#1636,#900,.T.);
#2046=EDGE_CURVE('',#1636,#1637,#701,.T.);
#2047=EDGE_CURVE('',#1637,#1634,#901,.T.);
#2048=EDGE_CURVE('',#1638,#1574,#902,.T.);
#2049=EDGE_CURVE('',#1534,#1638,#903,.T.);
#2050=EDGE_CURVE('',#1602,#1638,#702,.T.);
#2051=EDGE_CURVE('',#1639,#1608,#904,.T.);
#2052=EDGE_CURVE('',#1551,#1639,#905,.T.);
#2053=EDGE_CURVE('',#1633,#1639,#703,.T.);
#2054=EDGE_CURVE('',#1573,#1640,#704,.T.);
#2055=EDGE_CURVE('',#1640,#1630,#705,.T.);
#2056=EDGE_CURVE('',#1607,#1641,#706,.T.);
#2057=EDGE_CURVE('',#1641,#1599,#707,.T.);
#2058=EDGE_CURVE('',#1642,#1642,#708,.T.);
#2059=EDGE_CURVE('',#1643,#1643,#709,.T.);
#2060=EDGE_CURVE('',#1588,#1644,#1468,.T.);
#2061=EDGE_CURVE('',#1644,#1645,#710,.T.);
#2062=EDGE_CURVE('',#1645,#1641,#906,.T.);
#2063=EDGE_CURVE('',#1601,#1644,#907,.F.);
#2064=EDGE_CURVE('',#1645,#1600,#711,.T.);
#2065=EDGE_CURVE('',#1646,#1646,#712,.T.);
#2066=EDGE_CURVE('',#1629,#1647,#1469,.T.);
#2067=EDGE_CURVE('',#1647,#1648,#713,.T.);
#2068=EDGE_CURVE('',#1648,#1640,#908,.T.);
#2069=EDGE_CURVE('',#1632,#1647,#909,.F.);
#2070=EDGE_CURVE('',#1648,#1631,#714,.T.);
#2071=EDGE_CURVE('',#1649,#1649,#715,.T.);
#2072=EDGE_CURVE('',#1646,#1642,#910,.T.);
#2073=EDGE_CURVE('',#1649,#1643,#911,.T.);
#2074=EDGE_CURVE('',#1650,#1651,#912,.T.);
#2075=EDGE_CURVE('',#1651,#1652,#1470,.T.);
#2076=EDGE_CURVE('',#1653,#1652,#716,.T.);
#2077=EDGE_CURVE('',#1653,#1654,#913,.T.);
#2078=EDGE_CURVE('',#1654,#1650,#42,.T.);
#2079=EDGE_CURVE('',#1654,#1655,#914,.T.);
#2080=EDGE_CURVE('',#1655,#1656,#43,.T.);
#2081=EDGE_CURVE('',#1656,#1650,#915,.T.);
#2082=EDGE_CURVE('',#1655,#1657,#916,.T.);
#2083=EDGE_CURVE('',#1657,#1658,#44,.T.);
#2084=EDGE_CURVE('',#1658,#1656,#917,.T.);
#2085=EDGE_CURVE('',#1657,#1659,#918,.T.);
#2086=EDGE_CURVE('',#1659,#1660,#45,.T.);
#2087=EDGE_CURVE('',#1660,#1658,#919,.T.);
#2088=EDGE_CURVE('',#1659,#1661,#920,.T.);
#2089=EDGE_CURVE('',#1661,#1662,#717,.F.);
#2090=EDGE_CURVE('',#1662,#1663,#1471,.T.);
#2091=EDGE_CURVE('',#1663,#1660,#921,.T.);
#2092=EDGE_CURVE('',#1652,#1664,#922,.T.);
#2093=EDGE_CURVE('',#1651,#1665,#923,.T.);
#2094=EDGE_CURVE('',#1665,#1666,#718,.F.);
#2095=EDGE_CURVE('',#1666,#1667,#924,.T.);
#2096=EDGE_CURVE('',#1667,#1668,#1472,.T.);
#2097=EDGE_CURVE('',#1668,#1669,#46,.T.);
#2098=EDGE_CURVE('',#1669,#1670,#719,.T.);
#2099=EDGE_CURVE('',#1670,#1664,#47,.T.);
#2100=EDGE_CURVE('',#1671,#1650,#925,.T.);
#2101=EDGE_CURVE('',#1665,#1671,#926,.T.);
#2102=EDGE_CURVE('',#1656,#1672,#927,.T.);
#2103=EDGE_CURVE('',#1671,#1672,#928,.T.);
#2104=EDGE_CURVE('',#1673,#1658,#929,.T.);
#2105=EDGE_CURVE('',#1672,#1673,#930,.T.);
#2106=EDGE_CURVE('',#1660,#1674,#931,.T.);
#2107=EDGE_CURVE('',#1673,#1674,#932,.T.);
#2108=EDGE_CURVE('',#1675,#1663,#933,.T.);
#2109=EDGE_CURVE('',#1674,#1675,#934,.T.);
#2110=EDGE_CURVE('',#1676,#1662,#935,.T.);
#2111=EDGE_CURVE('',#1676,#1677,#48,.T.);
#2112=EDGE_CURVE('',#1677,#1678,#720,.T.);
#2113=EDGE_CURVE('',#1678,#1679,#49,.T.);
#2114=EDGE_CURVE('',#1679,#1680,#1473,.T.);
#2115=EDGE_CURVE('',#1680,#1681,#936,.T.);
#2116=EDGE_CURVE('',#1681,#1675,#721,.F.);
#2117=EDGE_CURVE('',#1682,#1683,#937,.T.);
#2118=EDGE_CURVE('',#1683,#1684,#1474,.T.);
#2119=EDGE_CURVE('',#1685,#1684,#722,.T.);
#2120=EDGE_CURVE('',#1685,#1686,#938,.T.);
#2121=EDGE_CURVE('',#1686,#1682,#50,.T.);
#2122=EDGE_CURVE('',#1687,#1682,#939,.T.);
#2123=EDGE_CURVE('',#1686,#1688,#940,.T.);
#2124=EDGE_CURVE('',#1688,#1687,#51,.T.);
#2125=EDGE_CURVE('',#1689,#1687,#941,.T.);
#2126=EDGE_CURVE('',#1688,#1690,#942,.T.);
#2127=EDGE_CURVE('',#1690,#1689,#52,.T.);
#2128=EDGE_CURVE('',#1691,#1689,#943,.T.);
#2129=EDGE_CURVE('',#1690,#1692,#944,.T.);
#2130=EDGE_CURVE('',#1692,#1691,#53,.T.);
#2131=EDGE_CURVE('',#1692,#1693,#945,.T.);
#2132=EDGE_CURVE('',#1693,#1694,#723,.F.);
#2133=EDGE_CURVE('',#1694,#1695,#1475,.T.);
#2134=EDGE_CURVE('',#1695,#1691,#946,.T.);
#2135=EDGE_CURVE('',#1696,#1684,#947,.T.);
#2136=EDGE_CURVE('',#1683,#1697,#948,.T.);
#2137=EDGE_CURVE('',#1697,#1698,#724,.F.);
#2138=EDGE_CURVE('',#1698,#1699,#949,.T.);
#2139=EDGE_CURVE('',#1699,#1700,#1476,.T.);
#2140=EDGE_CURVE('',#1700,#1701,#54,.T.);
#2141=EDGE_CURVE('',#1701,#1702,#725,.T.);
#2142=EDGE_CURVE('',#1702,#1696,#55,.T.);
#2143=EDGE_CURVE('',#1703,#1682,#950,.T.);
#2144=EDGE_CURVE('',#1697,#1703,#951,.T.);
#2145=EDGE_CURVE('',#1687,#1704,#952,.T.);
#2146=EDGE_CURVE('',#1703,#1704,#953,.T.);
#2147=EDGE_CURVE('',#1705,#1689,#954,.T.);
#2148=EDGE_CURVE('',#1704,#1705,#955,.T.);
#2149=EDGE_CURVE('',#1691,#1706,#956,.T.);
#2150=EDGE_CURVE('',#1705,#1706,#957,.T.);
#2151=EDGE_CURVE('',#1707,#1695,#958,.T.);
#2152=EDGE_CURVE('',#1706,#1707,#959,.T.);
#2153=EDGE_CURVE('',#1708,#1694,#960,.T.);
#2154=EDGE_CURVE('',#1708,#1709,#56,.T.);
#2155=EDGE_CURVE('',#1709,#1710,#726,.T.);
#2156=EDGE_CURVE('',#1710,#1711,#57,.T.);
#2157=EDGE_CURVE('',#1711,#1712,#1477,.T.);
#2158=EDGE_CURVE('',#1712,#1713,#961,.T.);
#2159=EDGE_CURVE('',#1713,#1707,#727,.F.);
#2160=EDGE_CURVE('',#1698,#1620,#728,.T.);
#2161=EDGE_CURVE('',#1621,#1697,#729,.T.);
#2162=EDGE_CURVE('',#1675,#1597,#730,.T.);
#2163=EDGE_CURVE('',#1598,#1681,#731,.T.);
#2164=EDGE_CURVE('',#1584,#1714,#732,.T.);
#2165=EDGE_CURVE('',#1714,#1698,#962,.T.);
#2166=EDGE_CURVE('',#1583,#1715,#733,.T.);
#2167=EDGE_CURVE('',#1715,#1714,#734,.T.);
#2168=EDGE_CURVE('',#1585,#1716,#735,.T.);
#2169=EDGE_CURVE('',#1716,#1715,#963,.T.);
#2170=EDGE_CURVE('',#1586,#1717,#736,.T.);
#2171=EDGE_CURVE('',#1717,#1716,#737,.T.);
#2172=EDGE_CURVE('',#1681,#1717,#964,.T.);
#2173=EDGE_CURVE('',#1596,#1674,#58,.T.);
#2174=EDGE_CURVE('',#1595,#1673,#59,.T.);
#2175=EDGE_CURVE('',#1594,#1672,#60,.T.);
#2176=EDGE_CURVE('',#1593,#1671,#61,.T.);
#2177=EDGE_CURVE('',#1707,#1626,#738,.T.);
#2178=EDGE_CURVE('',#1627,#1713,#739,.T.);
#2179=EDGE_CURVE('',#1666,#1591,#740,.T.);
#2180=EDGE_CURVE('',#1592,#1665,#741,.T.);
#2181=EDGE_CURVE('',#1590,#1718,#742,.T.);
#2182=EDGE_CURVE('',#1718,#1666,#965,.T.);
#2183=EDGE_CURVE('',#1617,#1719,#743,.T.);
#2184=EDGE_CURVE('',#1719,#1718,#744,.T.);
#2185=EDGE_CURVE('',#1618,#1720,#745,.T.);
#2186=EDGE_CURVE('',#1720,#1719,#966,.T.);
#2187=EDGE_CURVE('',#1619,#1721,#746,.T.);
#2188=EDGE_CURVE('',#1721,#1720,#747,.T.);
#2189=EDGE_CURVE('',#1713,#1721,#967,.T.);
#2190=EDGE_CURVE('',#1625,#1706,#62,.T.);
#2191=EDGE_CURVE('',#1624,#1705,#63,.T.);
#2192=EDGE_CURVE('',#1623,#1704,#64,.T.);
#2193=EDGE_CURVE('',#1622,#1703,#65,.T.);
#2194=EDGE_CURVE('',#1722,#1712,#968,.T.);
#2195=EDGE_CURVE('',#1723,#1722,#748,.T.);
#2196=EDGE_CURVE('',#1724,#1723,#969,.T.);
#2197=EDGE_CURVE('',#1725,#1724,#749,.T.);
#2198=EDGE_CURVE('',#1667,#1725,#970,.T.);
#2199=EDGE_CURVE('',#1711,#1726,#971,.T.);
#2200=EDGE_CURVE('',#1722,#1726,#750,.T.);
#2201=EDGE_CURVE('',#1710,#1727,#972,.T.);
#2202=EDGE_CURVE('',#1727,#1726,#973,.T.);
#2203=EDGE_CURVE('',#1728,#1709,#974,.T.);
#2204=EDGE_CURVE('',#1728,#1727,#975,.T.);
#2205=EDGE_CURVE('',#1708,#1729,#976,.T.);
#2206=EDGE_CURVE('',#1729,#1728,#977,.T.);
#2207=EDGE_CURVE('',#1730,#1685,#978,.T.);
#2208=EDGE_CURVE('',#1731,#1730,#979,.T.);
#2209=EDGE_CURVE('',#1732,#1731,#980,.T.);
#2210=EDGE_CURVE('',#1732,#1733,#981,.T.);
#2211=EDGE_CURVE('',#1693,#1733,#982,.T.);
#2212=EDGE_CURVE('',#1702,#1734,#983,.T.);
#2213=EDGE_CURVE('',#1735,#1734,#984,.T.);
#2214=EDGE_CURVE('',#1735,#1696,#985,.T.);
#2215=EDGE_CURVE('',#1736,#1701,#986,.T.);
#2216=EDGE_CURVE('',#1734,#1736,#987,.T.);
#2217=EDGE_CURVE('',#1737,#1700,#988,.T.);
#2218=EDGE_CURVE('',#1736,#1737,#989,.T.);
#2219=EDGE_CURVE('',#1699,#1738,#990,.T.);
#2220=EDGE_CURVE('',#1738,#1737,#751,.T.);
#2221=EDGE_CURVE('',#1739,#1740,#752,.T.);
#2222=EDGE_CURVE('',#1740,#1737,#753,.T.);
#2223=EDGE_CURVE('',#1738,#1739,#754,.T.);
#2224=EDGE_CURVE('',#1741,#1742,#755,.T.);
#2225=EDGE_CURVE('',#1742,#1740,#991,.T.);
#2226=EDGE_CURVE('',#1739,#1741,#992,.T.);
#2227=EDGE_CURVE('',#1743,#1744,#756,.T.);
#2228=EDGE_CURVE('',#1744,#1742,#757,.T.);
#2229=EDGE_CURVE('',#1741,#1743,#758,.T.);
#2230=EDGE_CURVE('',#1679,#1744,#993,.T.);
#2231=EDGE_CURVE('',#1743,#1680,#994,.T.);
#2232=EDGE_CURVE('',#1725,#1745,#759,.T.);
#2233=EDGE_CURVE('',#1745,#1668,#995,.T.);
#2234=EDGE_CURVE('',#1724,#1746,#760,.T.);
#2235=EDGE_CURVE('',#1746,#1745,#761,.T.);
#2236=EDGE_CURVE('',#1723,#1747,#762,.T.);
#2237=EDGE_CURVE('',#1747,#1746,#996,.T.);
#2238=EDGE_CURVE('',#1726,#1747,#763,.T.);
#2239=EDGE_CURVE('',#1748,#1745,#997,.T.);
#2240=EDGE_CURVE('',#1748,#1669,#998,.T.);
#2241=EDGE_CURVE('',#1727,#1749,#764,.T.);
#2242=EDGE_CURVE('',#1749,#1747,#999,.T.);
#2243=EDGE_CURVE('',#1749,#1750,#1000,.T.);
#2244=EDGE_CURVE('',#1750,#1746,#1001,.T.);
#2245=EDGE_CURVE('',#1750,#1748,#765,.T.);
#2246=EDGE_CURVE('',#1751,#1748,#1002,.T.);
#2247=EDGE_CURVE('',#1670,#1751,#1003,.T.);
#2248=EDGE_CURVE('',#1752,#1750,#1004,.T.);
#2249=EDGE_CURVE('',#1751,#1752,#766,.T.);
#2250=EDGE_CURVE('',#1753,#1749,#1005,.T.);
#2251=EDGE_CURVE('',#1752,#1753,#1006,.T.);
#2252=EDGE_CURVE('',#1753,#1728,#767,.T.);
#2253=EDGE_CURVE('',#1678,#1754,#1007,.T.);
#2254=EDGE_CURVE('',#1754,#1744,#1008,.T.);
#2255=EDGE_CURVE('',#1754,#1755,#768,.T.);
#2256=EDGE_CURVE('',#1755,#1742,#1009,.T.);
#2257=EDGE_CURVE('',#1755,#1756,#1010,.T.);
#2258=EDGE_CURVE('',#1756,#1740,#1011,.T.);
#2259=EDGE_CURVE('',#1756,#1736,#769,.T.);
#2260=EDGE_CURVE('',#1757,#1756,#1012,.T.);
#2261=EDGE_CURVE('',#1734,#1757,#770,.T.);
#2262=EDGE_CURVE('',#1758,#1755,#1013,.T.);
#2263=EDGE_CURVE('',#1757,#1758,#1014,.T.);
#2264=EDGE_CURVE('',#1759,#1754,#1015,.T.);
#2265=EDGE_CURVE('',#1758,#1759,#771,.T.);
#2266=EDGE_CURVE('',#1759,#1677,#1016,.T.);
#2267=EDGE_CURVE('',#1760,#1753,#1017,.T.);
#2268=EDGE_CURVE('',#1729,#1760,#772,.T.);
#2269=EDGE_CURVE('',#1761,#1752,#1018,.T.);
#2270=EDGE_CURVE('',#1760,#1761,#1019,.T.);
#2271=EDGE_CURVE('',#1762,#1751,#1020,.T.);
#2272=EDGE_CURVE('',#1761,#1762,#773,.T.);
#2273=EDGE_CURVE('',#1762,#1664,#1021,.T.);
#2274=EDGE_CURVE('',#1676,#1763,#1022,.T.);
#2275=EDGE_CURVE('',#1763,#1759,#1023,.T.);
#2276=EDGE_CURVE('',#1764,#1758,#1024,.T.);
#2277=EDGE_CURVE('',#1763,#1764,#774,.T.);
#2278=EDGE_CURVE('',#1765,#1757,#1025,.T.);
#2279=EDGE_CURVE('',#1764,#1765,#1026,.T.);
#2280=EDGE_CURVE('',#1765,#1735,#775,.T.);
#2281=EDGE_CURVE('',#1766,#1653,#1027,.T.);
#2282=EDGE_CURVE('',#1767,#1766,#1028,.T.);
#2283=EDGE_CURVE('',#1768,#1767,#1029,.T.);
#2284=EDGE_CURVE('',#1768,#1769,#1030,.T.);
#2285=EDGE_CURVE('',#1661,#1769,#1031,.T.);
#2286=EDGE_CURVE('',#1733,#1770,#776,.T.);
#2287=EDGE_CURVE('',#1770,#1771,#1032,.T.);
#2288=EDGE_CURVE('',#1771,#1766,#777,.T.);
#2289=EDGE_CURVE('',#1769,#1772,#778,.T.);
#2290=EDGE_CURVE('',#1772,#1773,#1033,.T.);
#2291=EDGE_CURVE('',#1773,#1730,#779,.T.);
#2292=EDGE_CURVE('',#1774,#1775,#1034,.T.);
#2293=EDGE_CURVE('',#1774,#1771,#1035,.T.);
#2294=EDGE_CURVE('',#1775,#1770,#1036,.T.);
#2295=EDGE_CURVE('',#1775,#1732,#780,.T.);
#2296=EDGE_CURVE('',#1731,#1776,#781,.T.);
#2297=EDGE_CURVE('',#1776,#1773,#1037,.T.);
#2298=EDGE_CURVE('',#1776,#1777,#1038,.T.);
#2299=EDGE_CURVE('',#1777,#1772,#1039,.T.);
#2300=EDGE_CURVE('',#1777,#1768,#782,.T.);
#2301=EDGE_CURVE('',#1767,#1774,#783,.T.);
#2302=EDGE_CURVE('',#1778,#1779,#1040,.T.);
#2303=EDGE_CURVE('',#1780,#1778,#1041,.T.);
#2304=EDGE_CURVE('',#1780,#1781,#1042,.T.);
#2305=EDGE_CURVE('',#1779,#1781,#1043,.T.);
#2306=EDGE_CURVE('',#1782,#1783,#1044,.T.);
#2307=EDGE_CURVE('',#1784,#1782,#1045,.T.);
#2308=EDGE_CURVE('',#1784,#1785,#1046,.T.);
#2309=EDGE_CURVE('',#1783,#1785,#1047,.T.);
#2310=EDGE_CURVE('',#1786,#1787,#1048,.T.);
#2311=EDGE_CURVE('',#1788,#1786,#1049,.T.);
#2312=EDGE_CURVE('',#1788,#1789,#1050,.T.);
#2313=EDGE_CURVE('',#1787,#1789,#1051,.T.);
#2314=EDGE_CURVE('',#1790,#1791,#784,.T.);
#2315=EDGE_CURVE('',#1792,#1790,#1052,.T.);
#2316=EDGE_CURVE('',#1793,#1792,#785,.T.);
#2317=EDGE_CURVE('',#1791,#1793,#1053,.T.);
#2318=EDGE_CURVE('',#1794,#1795,#1054,.T.);
#2319=EDGE_CURVE('',#1796,#1794,#1055,.T.);
#2320=EDGE_CURVE('',#1797,#1796,#1056,.T.);
#2321=EDGE_CURVE('',#1795,#1797,#1057,.T.);
#2322=EDGE_CURVE('',#1567,#1561,#1058,.T.);
#2323=EDGE_CURVE('',#1564,#1530,#1059,.T.);
#2324=EDGE_CURVE('',#1511,#1563,#1060,.T.);
#2325=EDGE_CURVE('',#1550,#1544,#1061,.T.);
#2326=EDGE_CURVE('',#1547,#1482,#1062,.T.);
#2327=EDGE_CURVE('',#1503,#1546,#1063,.T.);
#2328=EDGE_CURVE('',#1795,#1798,#1064,.T.);
#2329=EDGE_CURVE('',#1799,#1798,#1065,.T.);
#2330=EDGE_CURVE('',#1794,#1799,#1066,.T.);
#2331=EDGE_CURVE('',#1787,#1800,#1067,.T.);
#2332=EDGE_CURVE('',#1789,#1801,#1068,.T.);
#2333=EDGE_CURVE('',#1800,#1801,#1069,.T.);
#2334=EDGE_CURVE('',#1779,#1802,#1070,.T.);
#2335=EDGE_CURVE('',#1781,#1803,#1071,.T.);
#2336=EDGE_CURVE('',#1802,#1803,#1072,.T.);
#2337=EDGE_CURVE('',#1783,#1804,#1073,.T.);
#2338=EDGE_CURVE('',#1785,#1805,#1074,.T.);
#2339=EDGE_CURVE('',#1804,#1805,#1075,.T.);
#2340=EDGE_CURVE('',#1806,#1807,#786,.T.);
#2341=EDGE_CURVE('',#1806,#1637,#1076,.T.);
#2342=EDGE_CURVE('',#1807,#1636,#1077,.T.);
#2343=EDGE_CURVE('',#1808,#1809,#787,.T.);
#2344=EDGE_CURVE('',#1808,#1635,#1078,.T.);
#2345=EDGE_CURVE('',#1809,#1634,#1079,.T.);
#2346=EDGE_CURVE('',#1807,#1810,#1080,.T.);
#2347=EDGE_CURVE('',#1810,#1811,#788,.T.);
#2348=EDGE_CURVE('',#1811,#1806,#1081,.T.);
#2349=EDGE_CURVE('',#1812,#1808,#1082,.T.);
#2350=EDGE_CURVE('',#1809,#1813,#1083,.T.);
#2351=EDGE_CURVE('',#1813,#1812,#789,.T.);
#2352=EDGE_CURVE('',#1814,#1805,#1084,.T.);
#2353=EDGE_CURVE('',#1815,#1814,#1085,.T.);
#2354=EDGE_CURVE('',#1804,#1815,#1086,.T.);
#2355=EDGE_CURVE('',#1782,#1815,#1087,.T.);
#2356=EDGE_CURVE('',#1784,#1814,#1088,.T.);
#2357=EDGE_CURVE('',#1816,#1803,#1089,.T.);
#2358=EDGE_CURVE('',#1817,#1816,#1090,.T.);
#2359=EDGE_CURVE('',#1802,#1817,#1091,.T.);
#2360=EDGE_CURVE('',#1778,#1817,#1092,.T.);
#2361=EDGE_CURVE('',#1780,#1816,#1093,.T.);
#2362=EDGE_CURVE('',#1818,#1801,#1094,.T.);
#2363=EDGE_CURVE('',#1819,#1818,#1095,.T.);
#2364=EDGE_CURVE('',#1800,#1819,#1096,.T.);
#2365=EDGE_CURVE('',#1786,#1819,#1097,.T.);
#2366=EDGE_CURVE('',#1788,#1818,#1098,.T.);
#2367=EDGE_CURVE('',#1820,#1798,#1099,.T.);
#2368=EDGE_CURVE('',#1821,#1820,#1100,.T.);
#2369=EDGE_CURVE('',#1799,#1821,#1101,.T.);
#2370=EDGE_CURVE('',#1796,#1821,#1102,.T.);
#2371=EDGE_CURVE('',#1797,#1820,#1103,.T.);
#2372=EDGE_CURVE('',#1512,#1562,#1104,.T.);
#2373=EDGE_CURVE('',#1504,#1545,#1105,.T.);
#2374=EDGE_CURVE('',#1790,#1810,#1106,.T.);
#2375=EDGE_CURVE('',#1792,#1812,#1107,.T.);
#2376=EDGE_CURVE('',#1793,#1813,#1108,.T.);
#2377=EDGE_CURVE('',#1791,#1811,#1109,.T.);
#2378=ORIENTED_EDGE('',*,*,#1822,.F.);
#2379=ORIENTED_EDGE('',*,*,#1823,.F.);
#2380=ORIENTED_EDGE('',*,*,#1824,.F.);
#2381=ORIENTED_EDGE('',*,*,#1825,.F.);
#2382=ORIENTED_EDGE('',*,*,#1826,.F.);
#2383=ORIENTED_EDGE('',*,*,#1827,.F.);
#2384=ORIENTED_EDGE('',*,*,#1828,.F.);
#2385=ORIENTED_EDGE('',*,*,#1829,.T.);
#2386=ORIENTED_EDGE('',*,*,#1830,.F.);
#2387=ORIENTED_EDGE('',*,*,#1831,.F.);
#2388=ORIENTED_EDGE('',*,*,#1832,.F.);
#2389=ORIENTED_EDGE('',*,*,#1833,.F.);
#2390=ORIENTED_EDGE('',*,*,#1834,.F.);
#2391=ORIENTED_EDGE('',*,*,#1835,.F.);
#2392=ORIENTED_EDGE('',*,*,#1836,.F.);
#2393=ORIENTED_EDGE('',*,*,#1837,.F.);
#2394=ORIENTED_EDGE('',*,*,#1838,.F.);
#2395=ORIENTED_EDGE('',*,*,#1839,.F.);
#2396=ORIENTED_EDGE('',*,*,#1840,.F.);
#2397=ORIENTED_EDGE('',*,*,#1841,.F.);
#2398=ORIENTED_EDGE('',*,*,#1842,.F.);
#2399=ORIENTED_EDGE('',*,*,#1843,.F.);
#2400=ORIENTED_EDGE('',*,*,#1844,.F.);
#2401=ORIENTED_EDGE('',*,*,#1845,.F.);
#2402=ORIENTED_EDGE('',*,*,#1846,.F.);
#2403=ORIENTED_EDGE('',*,*,#1847,.F.);
#2404=ORIENTED_EDGE('',*,*,#1848,.F.);
#2405=ORIENTED_EDGE('',*,*,#1849,.T.);
#2406=ORIENTED_EDGE('',*,*,#1850,.F.);
#2407=ORIENTED_EDGE('',*,*,#1851,.F.);
#2408=ORIENTED_EDGE('',*,*,#1852,.F.);
#2409=ORIENTED_EDGE('',*,*,#1853,.F.);
#2410=ORIENTED_EDGE('',*,*,#1854,.F.);
#2411=ORIENTED_EDGE('',*,*,#1855,.F.);
#2412=ORIENTED_EDGE('',*,*,#1856,.F.);
#2413=ORIENTED_EDGE('',*,*,#1857,.T.);
#2414=ORIENTED_EDGE('',*,*,#1858,.F.);
#2415=ORIENTED_EDGE('',*,*,#1859,.F.);
#2416=ORIENTED_EDGE('',*,*,#1860,.F.);
#2417=ORIENTED_EDGE('',*,*,#1861,.F.);
#2418=ORIENTED_EDGE('',*,*,#1862,.F.);
#2419=ORIENTED_EDGE('',*,*,#1863,.F.);
#2420=ORIENTED_EDGE('',*,*,#1864,.F.);
#2421=ORIENTED_EDGE('',*,*,#1865,.F.);
#2422=ORIENTED_EDGE('',*,*,#1866,.F.);
#2423=ORIENTED_EDGE('',*,*,#1867,.F.);
#2424=ORIENTED_EDGE('',*,*,#1868,.F.);
#2425=ORIENTED_EDGE('',*,*,#1869,.F.);
#2426=ORIENTED_EDGE('',*,*,#1870,.F.);
#2427=ORIENTED_EDGE('',*,*,#1871,.F.);
#2428=ORIENTED_EDGE('',*,*,#1872,.F.);
#2429=ORIENTED_EDGE('',*,*,#1873,.F.);
#2430=ORIENTED_EDGE('',*,*,#1874,.F.);
#2431=ORIENTED_EDGE('',*,*,#1875,.F.);
#2432=ORIENTED_EDGE('',*,*,#1876,.F.);
#2433=ORIENTED_EDGE('',*,*,#1877,.T.);
#2434=ORIENTED_EDGE('',*,*,#1833,.T.);
#2435=ORIENTED_EDGE('',*,*,#1878,.F.);
#2436=ORIENTED_EDGE('',*,*,#1879,.T.);
#2437=ORIENTED_EDGE('',*,*,#1880,.F.);
#2438=ORIENTED_EDGE('',*,*,#1832,.T.);
#2439=ORIENTED_EDGE('',*,*,#1881,.F.);
#2440=ORIENTED_EDGE('',*,*,#1882,.T.);
#2441=ORIENTED_EDGE('',*,*,#1878,.T.);
#2442=ORIENTED_EDGE('',*,*,#1831,.T.);
#2443=ORIENTED_EDGE('',*,*,#1883,.T.);
#2444=ORIENTED_EDGE('',*,*,#1884,.T.);
#2445=ORIENTED_EDGE('',*,*,#1881,.T.);
#2446=ORIENTED_EDGE('',*,*,#1830,.T.);
#2447=ORIENTED_EDGE('',*,*,#1885,.T.);
#2448=ORIENTED_EDGE('',*,*,#1842,.T.);
#2449=ORIENTED_EDGE('',*,*,#1886,.F.);
#2450=ORIENTED_EDGE('',*,*,#1887,.T.);
#2451=ORIENTED_EDGE('',*,*,#1888,.F.);
#2452=ORIENTED_EDGE('',*,*,#1883,.F.);
#2453=ORIENTED_EDGE('',*,*,#1841,.T.);
#2454=ORIENTED_EDGE('',*,*,#1889,.T.);
#2455=ORIENTED_EDGE('',*,*,#1890,.F.);
#2456=ORIENTED_EDGE('',*,*,#1891,.T.);
#2457=ORIENTED_EDGE('',*,*,#1886,.T.);
#2458=ORIENTED_EDGE('',*,*,#1840,.T.);
#2459=ORIENTED_EDGE('',*,*,#1892,.F.);
#2460=ORIENTED_EDGE('',*,*,#1893,.F.);
#2461=ORIENTED_EDGE('',*,*,#1889,.F.);
#2462=ORIENTED_EDGE('',*,*,#1845,.T.);
#2463=ORIENTED_EDGE('',*,*,#1894,.F.);
#2464=ORIENTED_EDGE('',*,*,#1895,.F.);
#2465=ORIENTED_EDGE('',*,*,#1896,.T.);
#2466=ORIENTED_EDGE('',*,*,#1897,.F.);
#2467=ORIENTED_EDGE('',*,*,#1898,.F.);
#2468=ORIENTED_EDGE('',*,*,#1899,.T.);
#2469=ORIENTED_EDGE('',*,*,#1900,.T.);
#2470=ORIENTED_EDGE('',*,*,#1901,.F.);
#2471=ORIENTED_EDGE('',*,*,#1823,.T.);
#2472=ORIENTED_EDGE('',*,*,#1902,.F.);
#2473=ORIENTED_EDGE('',*,*,#1849,.F.);
#2474=ORIENTED_EDGE('',*,*,#1828,.T.);
#2475=ORIENTED_EDGE('',*,*,#1903,.T.);
#2476=ORIENTED_EDGE('',*,*,#1904,.T.);
#2477=ORIENTED_EDGE('',*,*,#1844,.T.);
#2478=ORIENTED_EDGE('',*,*,#1905,.T.);
#2479=ORIENTED_EDGE('',*,*,#1894,.T.);
#2480=ORIENTED_EDGE('',*,*,#1824,.T.);
#2481=ORIENTED_EDGE('',*,*,#1901,.T.);
#2482=ORIENTED_EDGE('',*,*,#1906,.T.);
#2483=ORIENTED_EDGE('',*,*,#1827,.T.);
#2484=ORIENTED_EDGE('',*,*,#1907,.T.);
#2485=ORIENTED_EDGE('',*,*,#1908,.T.);
#2486=ORIENTED_EDGE('',*,*,#1903,.F.);
#2487=ORIENTED_EDGE('',*,*,#1861,.T.);
#2488=ORIENTED_EDGE('',*,*,#1909,.F.);
#2489=ORIENTED_EDGE('',*,*,#1910,.T.);
#2490=ORIENTED_EDGE('',*,*,#1911,.F.);
#2491=ORIENTED_EDGE('',*,*,#1860,.T.);
#2492=ORIENTED_EDGE('',*,*,#1912,.F.);
#2493=ORIENTED_EDGE('',*,*,#1913,.T.);
#2494=ORIENTED_EDGE('',*,*,#1909,.T.);
#2495=ORIENTED_EDGE('',*,*,#1859,.T.);
#2496=ORIENTED_EDGE('',*,*,#1914,.T.);
#2497=ORIENTED_EDGE('',*,*,#1915,.T.);
#2498=ORIENTED_EDGE('',*,*,#1912,.T.);
#2499=ORIENTED_EDGE('',*,*,#1858,.T.);
#2500=ORIENTED_EDGE('',*,*,#1916,.T.);
#2501=ORIENTED_EDGE('',*,*,#1870,.T.);
#2502=ORIENTED_EDGE('',*,*,#1917,.F.);
#2503=ORIENTED_EDGE('',*,*,#1918,.T.);
#2504=ORIENTED_EDGE('',*,*,#1919,.F.);
#2505=ORIENTED_EDGE('',*,*,#1914,.F.);
#2506=ORIENTED_EDGE('',*,*,#1869,.T.);
#2507=ORIENTED_EDGE('',*,*,#1920,.T.);
#2508=ORIENTED_EDGE('',*,*,#1921,.F.);
#2509=ORIENTED_EDGE('',*,*,#1922,.T.);
#2510=ORIENTED_EDGE('',*,*,#1917,.T.);
#2511=ORIENTED_EDGE('',*,*,#1868,.T.);
#2512=ORIENTED_EDGE('',*,*,#1923,.F.);
#2513=ORIENTED_EDGE('',*,*,#1924,.F.);
#2514=ORIENTED_EDGE('',*,*,#1920,.F.);
#2515=ORIENTED_EDGE('',*,*,#1853,.T.);
#2516=ORIENTED_EDGE('',*,*,#1925,.F.);
#2517=ORIENTED_EDGE('',*,*,#1926,.F.);
#2518=ORIENTED_EDGE('',*,*,#1927,.T.);
#2519=ORIENTED_EDGE('',*,*,#1928,.F.);
#2520=ORIENTED_EDGE('',*,*,#1929,.F.);
#2521=ORIENTED_EDGE('',*,*,#1930,.T.);
#2522=ORIENTED_EDGE('',*,*,#1931,.T.);
#2523=ORIENTED_EDGE('',*,*,#1932,.F.);
#2524=ORIENTED_EDGE('',*,*,#1871,.T.);
#2525=ORIENTED_EDGE('',*,*,#1916,.F.);
#2526=ORIENTED_EDGE('',*,*,#1857,.F.);
#2527=ORIENTED_EDGE('',*,*,#1876,.T.);
#2528=ORIENTED_EDGE('',*,*,#1933,.T.);
#2529=ORIENTED_EDGE('',*,*,#1934,.T.);
#2530=ORIENTED_EDGE('',*,*,#1852,.T.);
#2531=ORIENTED_EDGE('',*,*,#1935,.T.);
#2532=ORIENTED_EDGE('',*,*,#1925,.T.);
#2533=ORIENTED_EDGE('',*,*,#1872,.T.);
#2534=ORIENTED_EDGE('',*,*,#1932,.T.);
#2535=ORIENTED_EDGE('',*,*,#1936,.T.);
#2536=ORIENTED_EDGE('',*,*,#1875,.T.);
#2537=ORIENTED_EDGE('',*,*,#1937,.T.);
#2538=ORIENTED_EDGE('',*,*,#1938,.T.);
#2539=ORIENTED_EDGE('',*,*,#1933,.F.);
#2540=ORIENTED_EDGE('',*,*,#1939,.T.);
#2541=ORIENTED_EDGE('',*,*,#1940,.T.);
#2542=ORIENTED_EDGE('',*,*,#1941,.T.);
#2543=ORIENTED_EDGE('',*,*,#1942,.T.);
#2544=ORIENTED_EDGE('',*,*,#1943,.T.);
#2545=ORIENTED_EDGE('',*,*,#1944,.T.);
#2546=ORIENTED_EDGE('',*,*,#1939,.F.);
#2547=ORIENTED_EDGE('',*,*,#1945,.T.);
#2548=ORIENTED_EDGE('',*,*,#1890,.T.);
#2549=ORIENTED_EDGE('',*,*,#1893,.T.);
#2550=ORIENTED_EDGE('',*,*,#1946,.T.);
#2551=ORIENTED_EDGE('',*,*,#1947,.T.);
#2552=ORIENTED_EDGE('',*,*,#1888,.T.);
#2553=ORIENTED_EDGE('',*,*,#1948,.T.);
#2554=ORIENTED_EDGE('',*,*,#1822,.T.);
#2555=ORIENTED_EDGE('',*,*,#1949,.F.);
#2556=ORIENTED_EDGE('',*,*,#1950,.F.);
#2557=ORIENTED_EDGE('',*,*,#1951,.T.);
#2558=ORIENTED_EDGE('',*,*,#1952,.F.);
#2559=ORIENTED_EDGE('',*,*,#1836,.T.);
#2560=ORIENTED_EDGE('',*,*,#1902,.T.);
#2561=ORIENTED_EDGE('',*,*,#1837,.T.);
#2562=ORIENTED_EDGE('',*,*,#1952,.T.);
#2563=ORIENTED_EDGE('',*,*,#1953,.T.);
#2564=ORIENTED_EDGE('',*,*,#1954,.T.);
#2565=ORIENTED_EDGE('',*,*,#1955,.T.);
#2566=ORIENTED_EDGE('',*,*,#1943,.F.);
#2567=ORIENTED_EDGE('',*,*,#1956,.T.);
#2568=ORIENTED_EDGE('',*,*,#1954,.F.);
#2569=ORIENTED_EDGE('',*,*,#1957,.T.);
#2570=ORIENTED_EDGE('',*,*,#1835,.T.);
#2571=ORIENTED_EDGE('',*,*,#1958,.T.);
#2572=ORIENTED_EDGE('',*,*,#1959,.T.);
#2573=ORIENTED_EDGE('',*,*,#1949,.T.);
#2574=ORIENTED_EDGE('',*,*,#1960,.T.);
#2575=ORIENTED_EDGE('',*,*,#1961,.T.);
#2576=ORIENTED_EDGE('',*,*,#1950,.T.);
#2577=ORIENTED_EDGE('',*,*,#1962,.T.);
#2578=ORIENTED_EDGE('',*,*,#1834,.T.);
#2579=ORIENTED_EDGE('',*,*,#1880,.T.);
#2580=ORIENTED_EDGE('',*,*,#1963,.T.);
#2581=ORIENTED_EDGE('',*,*,#1958,.F.);
#2582=ORIENTED_EDGE('',*,*,#1839,.T.);
#2583=ORIENTED_EDGE('',*,*,#1964,.T.);
#2584=ORIENTED_EDGE('',*,*,#1942,.F.);
#2585=ORIENTED_EDGE('',*,*,#1965,.T.);
#2586=ORIENTED_EDGE('',*,*,#1940,.F.);
#2587=ORIENTED_EDGE('',*,*,#1892,.T.);
#2588=ORIENTED_EDGE('',*,*,#1941,.F.);
#2589=ORIENTED_EDGE('',*,*,#1966,.T.);
#2590=ORIENTED_EDGE('',*,*,#1967,.F.);
#2591=ORIENTED_EDGE('',*,*,#1968,.F.);
#2592=ORIENTED_EDGE('',*,*,#1965,.F.);
#2593=ORIENTED_EDGE('',*,*,#1969,.T.);
#2594=ORIENTED_EDGE('',*,*,#1970,.F.);
#2595=ORIENTED_EDGE('',*,*,#1966,.F.);
#2596=ORIENTED_EDGE('',*,*,#1944,.F.);
#2597=ORIENTED_EDGE('',*,*,#1971,.T.);
#2598=ORIENTED_EDGE('',*,*,#1972,.F.);
#2599=ORIENTED_EDGE('',*,*,#1969,.F.);
#2600=ORIENTED_EDGE('',*,*,#1957,.F.);
#2601=ORIENTED_EDGE('',*,*,#1973,.F.);
#2602=ORIENTED_EDGE('',*,*,#1974,.F.);
#2603=ORIENTED_EDGE('',*,*,#1975,.F.);
#2604=ORIENTED_EDGE('',*,*,#1976,.F.);
#2605=ORIENTED_EDGE('',*,*,#1977,.T.);
#2606=ORIENTED_EDGE('',*,*,#1978,.F.);
#2607=ORIENTED_EDGE('',*,*,#1979,.F.);
#2608=ORIENTED_EDGE('',*,*,#1980,.F.);
#2609=ORIENTED_EDGE('',*,*,#1981,.F.);
#2610=ORIENTED_EDGE('',*,*,#1982,.F.);
#2611=ORIENTED_EDGE('',*,*,#1983,.F.);
#2612=ORIENTED_EDGE('',*,*,#1984,.F.);
#2613=ORIENTED_EDGE('',*,*,#1985,.F.);
#2614=ORIENTED_EDGE('',*,*,#1986,.F.);
#2615=ORIENTED_EDGE('',*,*,#1971,.F.);
#2616=ORIENTED_EDGE('',*,*,#1953,.F.);
#2617=ORIENTED_EDGE('',*,*,#1951,.F.);
#2618=ORIENTED_EDGE('',*,*,#1961,.F.);
#2619=ORIENTED_EDGE('',*,*,#1987,.F.);
#2620=ORIENTED_EDGE('',*,*,#1988,.F.);
#2621=ORIENTED_EDGE('',*,*,#1989,.F.);
#2622=ORIENTED_EDGE('',*,*,#1990,.F.);
#2623=ORIENTED_EDGE('',*,*,#1973,.T.);
#2624=ORIENTED_EDGE('',*,*,#1962,.F.);
#2625=ORIENTED_EDGE('',*,*,#1959,.F.);
#2626=ORIENTED_EDGE('',*,*,#1963,.F.);
#2627=ORIENTED_EDGE('',*,*,#1991,.T.);
#2628=ORIENTED_EDGE('',*,*,#1992,.F.);
#2629=ORIENTED_EDGE('',*,*,#1993,.T.);
#2630=ORIENTED_EDGE('',*,*,#1994,.T.);
#2631=ORIENTED_EDGE('',*,*,#1995,.T.);
#2632=ORIENTED_EDGE('',*,*,#1996,.T.);
#2633=ORIENTED_EDGE('',*,*,#1997,.T.);
#2634=ORIENTED_EDGE('',*,*,#1998,.T.);
#2635=ORIENTED_EDGE('',*,*,#1993,.F.);
#2636=ORIENTED_EDGE('',*,*,#1976,.T.);
#2637=ORIENTED_EDGE('',*,*,#1921,.T.);
#2638=ORIENTED_EDGE('',*,*,#1924,.T.);
#2639=ORIENTED_EDGE('',*,*,#1999,.T.);
#2640=ORIENTED_EDGE('',*,*,#2000,.T.);
#2641=ORIENTED_EDGE('',*,*,#1919,.T.);
#2642=ORIENTED_EDGE('',*,*,#2001,.T.);
#2643=ORIENTED_EDGE('',*,*,#1850,.T.);
#2644=ORIENTED_EDGE('',*,*,#2002,.F.);
#2645=ORIENTED_EDGE('',*,*,#2003,.F.);
#2646=ORIENTED_EDGE('',*,*,#2004,.T.);
#2647=ORIENTED_EDGE('',*,*,#2005,.F.);
#2648=ORIENTED_EDGE('',*,*,#1864,.T.);
#2649=ORIENTED_EDGE('',*,*,#2006,.T.);
#2650=ORIENTED_EDGE('',*,*,#1865,.T.);
#2651=ORIENTED_EDGE('',*,*,#2005,.T.);
#2652=ORIENTED_EDGE('',*,*,#2007,.T.);
#2653=ORIENTED_EDGE('',*,*,#2008,.T.);
#2654=ORIENTED_EDGE('',*,*,#2009,.T.);
#2655=ORIENTED_EDGE('',*,*,#1997,.F.);
#2656=ORIENTED_EDGE('',*,*,#2010,.T.);
#2657=ORIENTED_EDGE('',*,*,#2008,.F.);
#2658=ORIENTED_EDGE('',*,*,#2011,.T.);
#2659=ORIENTED_EDGE('',*,*,#1863,.T.);
#2660=ORIENTED_EDGE('',*,*,#2012,.T.);
#2661=ORIENTED_EDGE('',*,*,#2013,.T.);
#2662=ORIENTED_EDGE('',*,*,#2002,.T.);
#2663=ORIENTED_EDGE('',*,*,#2014,.T.);
#2664=ORIENTED_EDGE('',*,*,#2015,.T.);
#2665=ORIENTED_EDGE('',*,*,#2003,.T.);
#2666=ORIENTED_EDGE('',*,*,#2016,.T.);
#2667=ORIENTED_EDGE('',*,*,#1862,.T.);
#2668=ORIENTED_EDGE('',*,*,#1911,.T.);
#2669=ORIENTED_EDGE('',*,*,#2017,.T.);
#2670=ORIENTED_EDGE('',*,*,#2012,.F.);
#2671=ORIENTED_EDGE('',*,*,#1867,.T.);
#2672=ORIENTED_EDGE('',*,*,#2018,.T.);
#2673=ORIENTED_EDGE('',*,*,#1996,.F.);
#2674=ORIENTED_EDGE('',*,*,#2019,.T.);
#2675=ORIENTED_EDGE('',*,*,#1994,.F.);
#2676=ORIENTED_EDGE('',*,*,#1923,.T.);
#2677=ORIENTED_EDGE('',*,*,#1995,.F.);
#2678=ORIENTED_EDGE('',*,*,#2020,.T.);
#2679=ORIENTED_EDGE('',*,*,#2021,.F.);
#2680=ORIENTED_EDGE('',*,*,#1977,.F.);
#2681=ORIENTED_EDGE('',*,*,#2019,.F.);
#2682=ORIENTED_EDGE('',*,*,#2022,.T.);
#2683=ORIENTED_EDGE('',*,*,#2023,.F.);
#2684=ORIENTED_EDGE('',*,*,#2020,.F.);
#2685=ORIENTED_EDGE('',*,*,#1998,.F.);
#2686=ORIENTED_EDGE('',*,*,#2024,.T.);
#2687=ORIENTED_EDGE('',*,*,#2025,.F.);
#2688=ORIENTED_EDGE('',*,*,#2022,.F.);
#2689=ORIENTED_EDGE('',*,*,#1945,.F.);
#2690=ORIENTED_EDGE('',*,*,#1968,.T.);
#2691=ORIENTED_EDGE('',*,*,#2026,.F.);
#2692=ORIENTED_EDGE('',*,*,#2027,.F.);
#2693=ORIENTED_EDGE('',*,*,#2028,.F.);
#2694=ORIENTED_EDGE('',*,*,#2029,.F.);
#2695=ORIENTED_EDGE('',*,*,#2030,.F.);
#2696=ORIENTED_EDGE('',*,*,#2031,.F.);
#2697=ORIENTED_EDGE('',*,*,#2032,.F.);
#2698=ORIENTED_EDGE('',*,*,#2033,.F.);
#2699=ORIENTED_EDGE('',*,*,#2034,.F.);
#2700=ORIENTED_EDGE('',*,*,#2024,.F.);
#2701=ORIENTED_EDGE('',*,*,#2011,.F.);
#2702=ORIENTED_EDGE('',*,*,#2035,.F.);
#2703=ORIENTED_EDGE('',*,*,#2036,.F.);
#2704=ORIENTED_EDGE('',*,*,#2037,.F.);
#2705=ORIENTED_EDGE('',*,*,#2007,.F.);
#2706=ORIENTED_EDGE('',*,*,#2004,.F.);
#2707=ORIENTED_EDGE('',*,*,#2015,.F.);
#2708=ORIENTED_EDGE('',*,*,#2038,.F.);
#2709=ORIENTED_EDGE('',*,*,#2039,.F.);
#2710=ORIENTED_EDGE('',*,*,#2040,.F.);
#2711=ORIENTED_EDGE('',*,*,#2041,.F.);
#2712=ORIENTED_EDGE('',*,*,#2035,.T.);
#2713=ORIENTED_EDGE('',*,*,#2016,.F.);
#2714=ORIENTED_EDGE('',*,*,#2013,.F.);
#2715=ORIENTED_EDGE('',*,*,#2017,.F.);
#2716=ORIENTED_EDGE('',*,*,#2042,.T.);
#2717=ORIENTED_EDGE('',*,*,#2043,.F.);
#2718=ORIENTED_EDGE('',*,*,#2044,.T.);
#2719=ORIENTED_EDGE('',*,*,#2045,.T.);
#2720=ORIENTED_EDGE('',*,*,#2046,.T.);
#2721=ORIENTED_EDGE('',*,*,#2047,.T.);
#2722=ORIENTED_EDGE('',*,*,#1947,.F.);
#2723=ORIENTED_EDGE('',*,*,#2048,.F.);
#2724=ORIENTED_EDGE('',*,*,#2049,.F.);
#2725=ORIENTED_EDGE('',*,*,#1882,.F.);
#2726=ORIENTED_EDGE('',*,*,#1884,.F.);
#2727=ORIENTED_EDGE('',*,*,#1879,.F.);
#2728=ORIENTED_EDGE('',*,*,#2049,.T.);
#2729=ORIENTED_EDGE('',*,*,#2050,.F.);
#2730=ORIENTED_EDGE('',*,*,#1991,.F.);
#2731=ORIENTED_EDGE('',*,*,#2000,.F.);
#2732=ORIENTED_EDGE('',*,*,#2051,.F.);
#2733=ORIENTED_EDGE('',*,*,#2052,.F.);
#2734=ORIENTED_EDGE('',*,*,#1913,.F.);
#2735=ORIENTED_EDGE('',*,*,#1915,.F.);
#2736=ORIENTED_EDGE('',*,*,#1910,.F.);
#2737=ORIENTED_EDGE('',*,*,#2052,.T.);
#2738=ORIENTED_EDGE('',*,*,#2053,.F.);
#2739=ORIENTED_EDGE('',*,*,#2042,.F.);
#2740=ORIENTED_EDGE('',*,*,#1946,.F.);
#2741=ORIENTED_EDGE('',*,*,#2054,.T.);
#2742=ORIENTED_EDGE('',*,*,#2055,.T.);
#2743=ORIENTED_EDGE('',*,*,#2038,.T.);
#2744=ORIENTED_EDGE('',*,*,#2014,.F.);
#2745=ORIENTED_EDGE('',*,*,#2043,.T.);
#2746=ORIENTED_EDGE('',*,*,#2053,.T.);
#2747=ORIENTED_EDGE('',*,*,#2051,.T.);
#2748=ORIENTED_EDGE('',*,*,#1999,.F.);
#2749=ORIENTED_EDGE('',*,*,#2056,.T.);
#2750=ORIENTED_EDGE('',*,*,#2057,.T.);
#2751=ORIENTED_EDGE('',*,*,#1987,.T.);
#2752=ORIENTED_EDGE('',*,*,#1960,.F.);
#2753=ORIENTED_EDGE('',*,*,#1992,.T.);
#2754=ORIENTED_EDGE('',*,*,#2050,.T.);
#2755=ORIENTED_EDGE('',*,*,#2048,.T.);
#2756=ORIENTED_EDGE('',*,*,#2058,.T.);
#2757=ORIENTED_EDGE('',*,*,#2059,.T.);
#2758=ORIENTED_EDGE('',*,*,#1838,.T.);
#2759=ORIENTED_EDGE('',*,*,#1955,.F.);
#2760=ORIENTED_EDGE('',*,*,#1956,.F.);
#2761=ORIENTED_EDGE('',*,*,#1964,.F.);
#2762=ORIENTED_EDGE('',*,*,#1866,.T.);
#2763=ORIENTED_EDGE('',*,*,#2009,.F.);
#2764=ORIENTED_EDGE('',*,*,#2010,.F.);
#2765=ORIENTED_EDGE('',*,*,#2018,.F.);
#2766=ORIENTED_EDGE('',*,*,#1922,.F.);
#2767=ORIENTED_EDGE('',*,*,#1975,.T.);
#2768=ORIENTED_EDGE('',*,*,#2060,.T.);
#2769=ORIENTED_EDGE('',*,*,#2061,.T.);
#2770=ORIENTED_EDGE('',*,*,#2062,.T.);
#2771=ORIENTED_EDGE('',*,*,#2056,.F.);
#2772=ORIENTED_EDGE('',*,*,#2001,.F.);
#2773=ORIENTED_EDGE('',*,*,#1918,.F.);
#2774=ORIENTED_EDGE('',*,*,#2063,.T.);
#2775=ORIENTED_EDGE('',*,*,#2060,.F.);
#2776=ORIENTED_EDGE('',*,*,#1974,.T.);
#2777=ORIENTED_EDGE('',*,*,#1990,.T.);
#2778=ORIENTED_EDGE('',*,*,#2063,.F.);
#2779=ORIENTED_EDGE('',*,*,#1989,.T.);
#2780=ORIENTED_EDGE('',*,*,#2064,.F.);
#2781=ORIENTED_EDGE('',*,*,#2061,.F.);
#2782=ORIENTED_EDGE('',*,*,#2065,.T.);
#2783=ORIENTED_EDGE('',*,*,#1891,.F.);
#2784=ORIENTED_EDGE('',*,*,#2037,.T.);
#2785=ORIENTED_EDGE('',*,*,#2066,.T.);
#2786=ORIENTED_EDGE('',*,*,#2067,.T.);
#2787=ORIENTED_EDGE('',*,*,#2068,.T.);
#2788=ORIENTED_EDGE('',*,*,#2054,.F.);
#2789=ORIENTED_EDGE('',*,*,#1948,.F.);
#2790=ORIENTED_EDGE('',*,*,#1887,.F.);
#2791=ORIENTED_EDGE('',*,*,#2069,.T.);
#2792=ORIENTED_EDGE('',*,*,#2066,.F.);
#2793=ORIENTED_EDGE('',*,*,#2036,.T.);
#2794=ORIENTED_EDGE('',*,*,#2041,.T.);
#2795=ORIENTED_EDGE('',*,*,#2069,.F.);
#2796=ORIENTED_EDGE('',*,*,#2040,.T.);
#2797=ORIENTED_EDGE('',*,*,#2070,.F.);
#2798=ORIENTED_EDGE('',*,*,#2067,.F.);
#2799=ORIENTED_EDGE('',*,*,#2071,.T.);
#2800=ORIENTED_EDGE('',*,*,#2039,.T.);
#2801=ORIENTED_EDGE('',*,*,#2055,.F.);
#2802=ORIENTED_EDGE('',*,*,#2068,.F.);
#2803=ORIENTED_EDGE('',*,*,#2070,.T.);
#2804=ORIENTED_EDGE('',*,*,#1988,.T.);
#2805=ORIENTED_EDGE('',*,*,#2057,.F.);
#2806=ORIENTED_EDGE('',*,*,#2062,.F.);
#2807=ORIENTED_EDGE('',*,*,#2064,.T.);
#2808=ORIENTED_EDGE('',*,*,#2065,.F.);
#2809=ORIENTED_EDGE('',*,*,#2072,.T.);
#2810=ORIENTED_EDGE('',*,*,#2058,.F.);
#2811=ORIENTED_EDGE('',*,*,#2072,.F.);
#2812=ORIENTED_EDGE('',*,*,#2071,.F.);
#2813=ORIENTED_EDGE('',*,*,#2073,.T.);
#2814=ORIENTED_EDGE('',*,*,#2059,.F.);
#2815=ORIENTED_EDGE('',*,*,#2073,.F.);
#2816=ORIENTED_EDGE('',*,*,#2074,.T.);
#2817=ORIENTED_EDGE('',*,*,#2075,.T.);
#2818=ORIENTED_EDGE('',*,*,#2076,.F.);
#2819=ORIENTED_EDGE('',*,*,#2077,.T.);
#2820=ORIENTED_EDGE('',*,*,#2078,.T.);
#2821=ORIENTED_EDGE('',*,*,#2079,.T.);
#2822=ORIENTED_EDGE('',*,*,#2080,.T.);
#2823=ORIENTED_EDGE('',*,*,#2081,.T.);
#2824=ORIENTED_EDGE('',*,*,#2078,.F.);
#2825=ORIENTED_EDGE('',*,*,#2082,.T.);
#2826=ORIENTED_EDGE('',*,*,#2083,.T.);
#2827=ORIENTED_EDGE('',*,*,#2084,.T.);
#2828=ORIENTED_EDGE('',*,*,#2080,.F.);
#2829=ORIENTED_EDGE('',*,*,#2085,.T.);
#2830=ORIENTED_EDGE('',*,*,#2086,.T.);
#2831=ORIENTED_EDGE('',*,*,#2087,.T.);
#2832=ORIENTED_EDGE('',*,*,#2083,.F.);
#2833=ORIENTED_EDGE('',*,*,#2088,.T.);
#2834=ORIENTED_EDGE('',*,*,#2089,.T.);
#2835=ORIENTED_EDGE('',*,*,#2090,.T.);
#2836=ORIENTED_EDGE('',*,*,#2091,.T.);
#2837=ORIENTED_EDGE('',*,*,#2086,.F.);
#2838=ORIENTED_EDGE('',*,*,#2092,.F.);
#2839=ORIENTED_EDGE('',*,*,#2075,.F.);
#2840=ORIENTED_EDGE('',*,*,#2093,.T.);
#2841=ORIENTED_EDGE('',*,*,#2094,.T.);
#2842=ORIENTED_EDGE('',*,*,#2095,.T.);
#2843=ORIENTED_EDGE('',*,*,#2096,.T.);
#2844=ORIENTED_EDGE('',*,*,#2097,.T.);
#2845=ORIENTED_EDGE('',*,*,#2098,.T.);
#2846=ORIENTED_EDGE('',*,*,#2099,.T.);
#2847=ORIENTED_EDGE('',*,*,#2074,.F.);
#2848=ORIENTED_EDGE('',*,*,#2100,.F.);
#2849=ORIENTED_EDGE('',*,*,#2101,.F.);
#2850=ORIENTED_EDGE('',*,*,#2093,.F.);
#2851=ORIENTED_EDGE('',*,*,#2081,.F.);
#2852=ORIENTED_EDGE('',*,*,#2102,.T.);
#2853=ORIENTED_EDGE('',*,*,#2103,.F.);
#2854=ORIENTED_EDGE('',*,*,#2100,.T.);
#2855=ORIENTED_EDGE('',*,*,#2084,.F.);
#2856=ORIENTED_EDGE('',*,*,#2104,.F.);
#2857=ORIENTED_EDGE('',*,*,#2105,.F.);
#2858=ORIENTED_EDGE('',*,*,#2102,.F.);
#2859=ORIENTED_EDGE('',*,*,#2087,.F.);
#2860=ORIENTED_EDGE('',*,*,#2106,.T.);
#2861=ORIENTED_EDGE('',*,*,#2107,.F.);
#2862=ORIENTED_EDGE('',*,*,#2104,.T.);
#2863=ORIENTED_EDGE('',*,*,#2091,.F.);
#2864=ORIENTED_EDGE('',*,*,#2108,.F.);
#2865=ORIENTED_EDGE('',*,*,#2109,.F.);
#2866=ORIENTED_EDGE('',*,*,#2106,.F.);
#2867=ORIENTED_EDGE('',*,*,#2090,.F.);
#2868=ORIENTED_EDGE('',*,*,#2110,.F.);
#2869=ORIENTED_EDGE('',*,*,#2111,.T.);
#2870=ORIENTED_EDGE('',*,*,#2112,.T.);
#2871=ORIENTED_EDGE('',*,*,#2113,.T.);
#2872=ORIENTED_EDGE('',*,*,#2114,.T.);
#2873=ORIENTED_EDGE('',*,*,#2115,.T.);
#2874=ORIENTED_EDGE('',*,*,#2116,.T.);
#2875=ORIENTED_EDGE('',*,*,#2108,.T.);
#2876=ORIENTED_EDGE('',*,*,#2117,.T.);
#2877=ORIENTED_EDGE('',*,*,#2118,.T.);
#2878=ORIENTED_EDGE('',*,*,#2119,.F.);
#2879=ORIENTED_EDGE('',*,*,#2120,.T.);
#2880=ORIENTED_EDGE('',*,*,#2121,.T.);
#2881=ORIENTED_EDGE('',*,*,#2122,.T.);
#2882=ORIENTED_EDGE('',*,*,#2121,.F.);
#2883=ORIENTED_EDGE('',*,*,#2123,.T.);
#2884=ORIENTED_EDGE('',*,*,#2124,.T.);
#2885=ORIENTED_EDGE('',*,*,#2125,.T.);
#2886=ORIENTED_EDGE('',*,*,#2124,.F.);
#2887=ORIENTED_EDGE('',*,*,#2126,.T.);
#2888=ORIENTED_EDGE('',*,*,#2127,.T.);
#2889=ORIENTED_EDGE('',*,*,#2128,.T.);
#2890=ORIENTED_EDGE('',*,*,#2127,.F.);
#2891=ORIENTED_EDGE('',*,*,#2129,.T.);
#2892=ORIENTED_EDGE('',*,*,#2130,.T.);
#2893=ORIENTED_EDGE('',*,*,#2131,.T.);
#2894=ORIENTED_EDGE('',*,*,#2132,.T.);
#2895=ORIENTED_EDGE('',*,*,#2133,.T.);
#2896=ORIENTED_EDGE('',*,*,#2134,.T.);
#2897=ORIENTED_EDGE('',*,*,#2130,.F.);
#2898=ORIENTED_EDGE('',*,*,#2135,.T.);
#2899=ORIENTED_EDGE('',*,*,#2118,.F.);
#2900=ORIENTED_EDGE('',*,*,#2136,.T.);
#2901=ORIENTED_EDGE('',*,*,#2137,.T.);
#2902=ORIENTED_EDGE('',*,*,#2138,.T.);
#2903=ORIENTED_EDGE('',*,*,#2139,.T.);
#2904=ORIENTED_EDGE('',*,*,#2140,.T.);
#2905=ORIENTED_EDGE('',*,*,#2141,.T.);
#2906=ORIENTED_EDGE('',*,*,#2142,.T.);
#2907=ORIENTED_EDGE('',*,*,#2117,.F.);
#2908=ORIENTED_EDGE('',*,*,#2143,.F.);
#2909=ORIENTED_EDGE('',*,*,#2144,.F.);
#2910=ORIENTED_EDGE('',*,*,#2136,.F.);
#2911=ORIENTED_EDGE('',*,*,#2122,.F.);
#2912=ORIENTED_EDGE('',*,*,#2145,.T.);
#2913=ORIENTED_EDGE('',*,*,#2146,.F.);
#2914=ORIENTED_EDGE('',*,*,#2143,.T.);
#2915=ORIENTED_EDGE('',*,*,#2125,.F.);
#2916=ORIENTED_EDGE('',*,*,#2147,.F.);
#2917=ORIENTED_EDGE('',*,*,#2148,.F.);
#2918=ORIENTED_EDGE('',*,*,#2145,.F.);
#2919=ORIENTED_EDGE('',*,*,#2128,.F.);
#2920=ORIENTED_EDGE('',*,*,#2149,.T.);
#2921=ORIENTED_EDGE('',*,*,#2150,.F.);
#2922=ORIENTED_EDGE('',*,*,#2147,.T.);
#2923=ORIENTED_EDGE('',*,*,#2134,.F.);
#2924=ORIENTED_EDGE('',*,*,#2151,.F.);
#2925=ORIENTED_EDGE('',*,*,#2152,.F.);
#2926=ORIENTED_EDGE('',*,*,#2149,.F.);
#2927=ORIENTED_EDGE('',*,*,#2133,.F.);
#2928=ORIENTED_EDGE('',*,*,#2153,.F.);
#2929=ORIENTED_EDGE('',*,*,#2154,.T.);
#2930=ORIENTED_EDGE('',*,*,#2155,.T.);
#2931=ORIENTED_EDGE('',*,*,#2156,.T.);
#2932=ORIENTED_EDGE('',*,*,#2157,.T.);
#2933=ORIENTED_EDGE('',*,*,#2158,.T.);
#2934=ORIENTED_EDGE('',*,*,#2159,.T.);
#2935=ORIENTED_EDGE('',*,*,#2151,.T.);
#2936=ORIENTED_EDGE('',*,*,#2027,.T.);
#2937=ORIENTED_EDGE('',*,*,#2160,.F.);
#2938=ORIENTED_EDGE('',*,*,#2137,.F.);
#2939=ORIENTED_EDGE('',*,*,#2161,.F.);
#2940=ORIENTED_EDGE('',*,*,#2162,.F.);
#2941=ORIENTED_EDGE('',*,*,#2116,.F.);
#2942=ORIENTED_EDGE('',*,*,#2163,.F.);
#2943=ORIENTED_EDGE('',*,*,#1985,.T.);
#2944=ORIENTED_EDGE('',*,*,#2164,.T.);
#2945=ORIENTED_EDGE('',*,*,#2165,.T.);
#2946=ORIENTED_EDGE('',*,*,#2160,.T.);
#2947=ORIENTED_EDGE('',*,*,#2026,.T.);
#2948=ORIENTED_EDGE('',*,*,#2166,.T.);
#2949=ORIENTED_EDGE('',*,*,#2167,.T.);
#2950=ORIENTED_EDGE('',*,*,#2164,.F.);
#2951=ORIENTED_EDGE('',*,*,#1967,.T.);
#2952=ORIENTED_EDGE('',*,*,#2168,.T.);
#2953=ORIENTED_EDGE('',*,*,#2169,.T.);
#2954=ORIENTED_EDGE('',*,*,#2166,.F.);
#2955=ORIENTED_EDGE('',*,*,#1970,.T.);
#2956=ORIENTED_EDGE('',*,*,#2170,.T.);
#2957=ORIENTED_EDGE('',*,*,#2171,.T.);
#2958=ORIENTED_EDGE('',*,*,#2168,.F.);
#2959=ORIENTED_EDGE('',*,*,#1972,.T.);
#2960=ORIENTED_EDGE('',*,*,#2163,.T.);
#2961=ORIENTED_EDGE('',*,*,#2172,.T.);
#2962=ORIENTED_EDGE('',*,*,#2170,.F.);
#2963=ORIENTED_EDGE('',*,*,#1986,.T.);
#2964=ORIENTED_EDGE('',*,*,#2109,.T.);
#2965=ORIENTED_EDGE('',*,*,#2162,.T.);
#2966=ORIENTED_EDGE('',*,*,#1984,.T.);
#2967=ORIENTED_EDGE('',*,*,#2173,.T.);
#2968=ORIENTED_EDGE('',*,*,#1983,.T.);
#2969=ORIENTED_EDGE('',*,*,#2174,.T.);
#2970=ORIENTED_EDGE('',*,*,#2107,.T.);
#2971=ORIENTED_EDGE('',*,*,#2173,.F.);
#2972=ORIENTED_EDGE('',*,*,#1982,.T.);
#2973=ORIENTED_EDGE('',*,*,#2175,.T.);
#2974=ORIENTED_EDGE('',*,*,#2105,.T.);
#2975=ORIENTED_EDGE('',*,*,#2174,.F.);
#2976=ORIENTED_EDGE('',*,*,#1981,.T.);
#2977=ORIENTED_EDGE('',*,*,#2176,.T.);
#2978=ORIENTED_EDGE('',*,*,#2103,.T.);
#2979=ORIENTED_EDGE('',*,*,#2175,.F.);
#2980=ORIENTED_EDGE('',*,*,#2177,.F.);
#2981=ORIENTED_EDGE('',*,*,#2159,.F.);
#2982=ORIENTED_EDGE('',*,*,#2178,.F.);
#2983=ORIENTED_EDGE('',*,*,#2033,.T.);
#2984=ORIENTED_EDGE('',*,*,#1979,.T.);
#2985=ORIENTED_EDGE('',*,*,#2179,.F.);
#2986=ORIENTED_EDGE('',*,*,#2094,.F.);
#2987=ORIENTED_EDGE('',*,*,#2180,.F.);
#2988=ORIENTED_EDGE('',*,*,#2181,.T.);
#2989=ORIENTED_EDGE('',*,*,#2182,.T.);
#2990=ORIENTED_EDGE('',*,*,#2179,.T.);
#2991=ORIENTED_EDGE('',*,*,#1978,.T.);
#2992=ORIENTED_EDGE('',*,*,#2183,.T.);
#2993=ORIENTED_EDGE('',*,*,#2184,.T.);
#2994=ORIENTED_EDGE('',*,*,#2181,.F.);
#2995=ORIENTED_EDGE('',*,*,#2021,.T.);
#2996=ORIENTED_EDGE('',*,*,#2185,.T.);
#2997=ORIENTED_EDGE('',*,*,#2186,.T.);
#2998=ORIENTED_EDGE('',*,*,#2183,.F.);
#2999=ORIENTED_EDGE('',*,*,#2023,.T.);
#3000=ORIENTED_EDGE('',*,*,#2187,.T.);
#3001=ORIENTED_EDGE('',*,*,#2188,.T.);
#3002=ORIENTED_EDGE('',*,*,#2185,.F.);
#3003=ORIENTED_EDGE('',*,*,#2025,.T.);
#3004=ORIENTED_EDGE('',*,*,#2178,.T.);
#3005=ORIENTED_EDGE('',*,*,#2189,.T.);
#3006=ORIENTED_EDGE('',*,*,#2187,.F.);
#3007=ORIENTED_EDGE('',*,*,#2034,.T.);
#3008=ORIENTED_EDGE('',*,*,#1980,.T.);
#3009=ORIENTED_EDGE('',*,*,#2180,.T.);
#3010=ORIENTED_EDGE('',*,*,#2101,.T.);
#3011=ORIENTED_EDGE('',*,*,#2176,.F.);
#3012=ORIENTED_EDGE('',*,*,#2152,.T.);
#3013=ORIENTED_EDGE('',*,*,#2177,.T.);
#3014=ORIENTED_EDGE('',*,*,#2032,.T.);
#3015=ORIENTED_EDGE('',*,*,#2190,.T.);
#3016=ORIENTED_EDGE('',*,*,#2150,.T.);
#3017=ORIENTED_EDGE('',*,*,#2190,.F.);
#3018=ORIENTED_EDGE('',*,*,#2031,.T.);
#3019=ORIENTED_EDGE('',*,*,#2191,.T.);
#3020=ORIENTED_EDGE('',*,*,#2148,.T.);
#3021=ORIENTED_EDGE('',*,*,#2191,.F.);
#3022=ORIENTED_EDGE('',*,*,#2030,.T.);
#3023=ORIENTED_EDGE('',*,*,#2192,.T.);
#3024=ORIENTED_EDGE('',*,*,#2146,.T.);
#3025=ORIENTED_EDGE('',*,*,#2192,.F.);
#3026=ORIENTED_EDGE('',*,*,#2029,.T.);
#3027=ORIENTED_EDGE('',*,*,#2193,.T.);
#3028=ORIENTED_EDGE('',*,*,#2028,.T.);
#3029=ORIENTED_EDGE('',*,*,#2161,.T.);
#3030=ORIENTED_EDGE('',*,*,#2144,.T.);
#3031=ORIENTED_EDGE('',*,*,#2193,.F.);
#3032=ORIENTED_EDGE('',*,*,#2095,.F.);
#3033=ORIENTED_EDGE('',*,*,#2182,.F.);
#3034=ORIENTED_EDGE('',*,*,#2184,.F.);
#3035=ORIENTED_EDGE('',*,*,#2186,.F.);
#3036=ORIENTED_EDGE('',*,*,#2188,.F.);
#3037=ORIENTED_EDGE('',*,*,#2189,.F.);
#3038=ORIENTED_EDGE('',*,*,#2158,.F.);
#3039=ORIENTED_EDGE('',*,*,#2194,.F.);
#3040=ORIENTED_EDGE('',*,*,#2195,.F.);
#3041=ORIENTED_EDGE('',*,*,#2196,.F.);
#3042=ORIENTED_EDGE('',*,*,#2197,.F.);
#3043=ORIENTED_EDGE('',*,*,#2198,.F.);
#3044=ORIENTED_EDGE('',*,*,#2157,.F.);
#3045=ORIENTED_EDGE('',*,*,#2199,.T.);
#3046=ORIENTED_EDGE('',*,*,#2200,.F.);
#3047=ORIENTED_EDGE('',*,*,#2194,.T.);
#3048=ORIENTED_EDGE('',*,*,#2156,.F.);
#3049=ORIENTED_EDGE('',*,*,#2201,.T.);
#3050=ORIENTED_EDGE('',*,*,#2202,.T.);
#3051=ORIENTED_EDGE('',*,*,#2199,.F.);
#3052=ORIENTED_EDGE('',*,*,#2155,.F.);
#3053=ORIENTED_EDGE('',*,*,#2203,.F.);
#3054=ORIENTED_EDGE('',*,*,#2204,.T.);
#3055=ORIENTED_EDGE('',*,*,#2201,.F.);
#3056=ORIENTED_EDGE('',*,*,#2154,.F.);
#3057=ORIENTED_EDGE('',*,*,#2205,.T.);
#3058=ORIENTED_EDGE('',*,*,#2206,.T.);
#3059=ORIENTED_EDGE('',*,*,#2203,.T.);
#3060=ORIENTED_EDGE('',*,*,#2120,.F.);
#3061=ORIENTED_EDGE('',*,*,#2207,.F.);
#3062=ORIENTED_EDGE('',*,*,#2208,.F.);
#3063=ORIENTED_EDGE('',*,*,#2209,.F.);
#3064=ORIENTED_EDGE('',*,*,#2210,.T.);
#3065=ORIENTED_EDGE('',*,*,#2211,.F.);
#3066=ORIENTED_EDGE('',*,*,#2131,.F.);
#3067=ORIENTED_EDGE('',*,*,#2129,.F.);
#3068=ORIENTED_EDGE('',*,*,#2126,.F.);
#3069=ORIENTED_EDGE('',*,*,#2123,.F.);
#3070=ORIENTED_EDGE('',*,*,#2142,.F.);
#3071=ORIENTED_EDGE('',*,*,#2212,.T.);
#3072=ORIENTED_EDGE('',*,*,#2213,.F.);
#3073=ORIENTED_EDGE('',*,*,#2214,.T.);
#3074=ORIENTED_EDGE('',*,*,#2141,.F.);
#3075=ORIENTED_EDGE('',*,*,#2215,.F.);
#3076=ORIENTED_EDGE('',*,*,#2216,.F.);
#3077=ORIENTED_EDGE('',*,*,#2212,.F.);
#3078=ORIENTED_EDGE('',*,*,#2140,.F.);
#3079=ORIENTED_EDGE('',*,*,#2217,.F.);
#3080=ORIENTED_EDGE('',*,*,#2218,.F.);
#3081=ORIENTED_EDGE('',*,*,#2215,.T.);
#3082=ORIENTED_EDGE('',*,*,#2139,.F.);
#3083=ORIENTED_EDGE('',*,*,#2219,.T.);
#3084=ORIENTED_EDGE('',*,*,#2220,.T.);
#3085=ORIENTED_EDGE('',*,*,#2217,.T.);
#3086=ORIENTED_EDGE('',*,*,#2221,.T.);
#3087=ORIENTED_EDGE('',*,*,#2222,.T.);
#3088=ORIENTED_EDGE('',*,*,#2220,.F.);
#3089=ORIENTED_EDGE('',*,*,#2223,.T.);
#3090=ORIENTED_EDGE('',*,*,#2224,.T.);
#3091=ORIENTED_EDGE('',*,*,#2225,.T.);
#3092=ORIENTED_EDGE('',*,*,#2221,.F.);
#3093=ORIENTED_EDGE('',*,*,#2226,.T.);
#3094=ORIENTED_EDGE('',*,*,#2227,.T.);
#3095=ORIENTED_EDGE('',*,*,#2228,.T.);
#3096=ORIENTED_EDGE('',*,*,#2224,.F.);
#3097=ORIENTED_EDGE('',*,*,#2229,.T.);
#3098=ORIENTED_EDGE('',*,*,#2114,.F.);
#3099=ORIENTED_EDGE('',*,*,#2230,.T.);
#3100=ORIENTED_EDGE('',*,*,#2227,.F.);
#3101=ORIENTED_EDGE('',*,*,#2231,.T.);
#3102=ORIENTED_EDGE('',*,*,#2115,.F.);
#3103=ORIENTED_EDGE('',*,*,#2231,.F.);
#3104=ORIENTED_EDGE('',*,*,#2229,.F.);
#3105=ORIENTED_EDGE('',*,*,#2226,.F.);
#3106=ORIENTED_EDGE('',*,*,#2223,.F.);
#3107=ORIENTED_EDGE('',*,*,#2219,.F.);
#3108=ORIENTED_EDGE('',*,*,#2138,.F.);
#3109=ORIENTED_EDGE('',*,*,#2165,.F.);
#3110=ORIENTED_EDGE('',*,*,#2167,.F.);
#3111=ORIENTED_EDGE('',*,*,#2169,.F.);
#3112=ORIENTED_EDGE('',*,*,#2171,.F.);
#3113=ORIENTED_EDGE('',*,*,#2172,.F.);
#3114=ORIENTED_EDGE('',*,*,#2096,.F.);
#3115=ORIENTED_EDGE('',*,*,#2198,.T.);
#3116=ORIENTED_EDGE('',*,*,#2232,.T.);
#3117=ORIENTED_EDGE('',*,*,#2233,.T.);
#3118=ORIENTED_EDGE('',*,*,#2234,.T.);
#3119=ORIENTED_EDGE('',*,*,#2235,.T.);
#3120=ORIENTED_EDGE('',*,*,#2232,.F.);
#3121=ORIENTED_EDGE('',*,*,#2197,.T.);
#3122=ORIENTED_EDGE('',*,*,#2236,.T.);
#3123=ORIENTED_EDGE('',*,*,#2237,.T.);
#3124=ORIENTED_EDGE('',*,*,#2234,.F.);
#3125=ORIENTED_EDGE('',*,*,#2196,.T.);
#3126=ORIENTED_EDGE('',*,*,#2200,.T.);
#3127=ORIENTED_EDGE('',*,*,#2238,.T.);
#3128=ORIENTED_EDGE('',*,*,#2236,.F.);
#3129=ORIENTED_EDGE('',*,*,#2195,.T.);
#3130=ORIENTED_EDGE('',*,*,#2097,.F.);
#3131=ORIENTED_EDGE('',*,*,#2233,.F.);
#3132=ORIENTED_EDGE('',*,*,#2239,.F.);
#3133=ORIENTED_EDGE('',*,*,#2240,.T.);
#3134=ORIENTED_EDGE('',*,*,#2238,.F.);
#3135=ORIENTED_EDGE('',*,*,#2202,.F.);
#3136=ORIENTED_EDGE('',*,*,#2241,.T.);
#3137=ORIENTED_EDGE('',*,*,#2242,.T.);
#3138=ORIENTED_EDGE('',*,*,#2237,.F.);
#3139=ORIENTED_EDGE('',*,*,#2242,.F.);
#3140=ORIENTED_EDGE('',*,*,#2243,.T.);
#3141=ORIENTED_EDGE('',*,*,#2244,.T.);
#3142=ORIENTED_EDGE('',*,*,#2235,.F.);
#3143=ORIENTED_EDGE('',*,*,#2244,.F.);
#3144=ORIENTED_EDGE('',*,*,#2245,.T.);
#3145=ORIENTED_EDGE('',*,*,#2239,.T.);
#3146=ORIENTED_EDGE('',*,*,#2098,.F.);
#3147=ORIENTED_EDGE('',*,*,#2240,.F.);
#3148=ORIENTED_EDGE('',*,*,#2246,.F.);
#3149=ORIENTED_EDGE('',*,*,#2247,.F.);
#3150=ORIENTED_EDGE('',*,*,#2245,.F.);
#3151=ORIENTED_EDGE('',*,*,#2248,.F.);
#3152=ORIENTED_EDGE('',*,*,#2249,.F.);
#3153=ORIENTED_EDGE('',*,*,#2246,.T.);
#3154=ORIENTED_EDGE('',*,*,#2243,.F.);
#3155=ORIENTED_EDGE('',*,*,#2250,.F.);
#3156=ORIENTED_EDGE('',*,*,#2251,.F.);
#3157=ORIENTED_EDGE('',*,*,#2248,.T.);
#3158=ORIENTED_EDGE('',*,*,#2241,.F.);
#3159=ORIENTED_EDGE('',*,*,#2204,.F.);
#3160=ORIENTED_EDGE('',*,*,#2252,.F.);
#3161=ORIENTED_EDGE('',*,*,#2250,.T.);
#3162=ORIENTED_EDGE('',*,*,#2113,.F.);
#3163=ORIENTED_EDGE('',*,*,#2253,.T.);
#3164=ORIENTED_EDGE('',*,*,#2254,.T.);
#3165=ORIENTED_EDGE('',*,*,#2230,.F.);
#3166=ORIENTED_EDGE('',*,*,#2228,.F.);
#3167=ORIENTED_EDGE('',*,*,#2254,.F.);
#3168=ORIENTED_EDGE('',*,*,#2255,.T.);
#3169=ORIENTED_EDGE('',*,*,#2256,.T.);
#3170=ORIENTED_EDGE('',*,*,#2225,.F.);
#3171=ORIENTED_EDGE('',*,*,#2256,.F.);
#3172=ORIENTED_EDGE('',*,*,#2257,.T.);
#3173=ORIENTED_EDGE('',*,*,#2258,.T.);
#3174=ORIENTED_EDGE('',*,*,#2222,.F.);
#3175=ORIENTED_EDGE('',*,*,#2258,.F.);
#3176=ORIENTED_EDGE('',*,*,#2259,.T.);
#3177=ORIENTED_EDGE('',*,*,#2218,.T.);
#3178=ORIENTED_EDGE('',*,*,#2259,.F.);
#3179=ORIENTED_EDGE('',*,*,#2260,.F.);
#3180=ORIENTED_EDGE('',*,*,#2261,.F.);
#3181=ORIENTED_EDGE('',*,*,#2216,.T.);
#3182=ORIENTED_EDGE('',*,*,#2257,.F.);
#3183=ORIENTED_EDGE('',*,*,#2262,.F.);
#3184=ORIENTED_EDGE('',*,*,#2263,.F.);
#3185=ORIENTED_EDGE('',*,*,#2260,.T.);
#3186=ORIENTED_EDGE('',*,*,#2255,.F.);
#3187=ORIENTED_EDGE('',*,*,#2264,.F.);
#3188=ORIENTED_EDGE('',*,*,#2265,.F.);
#3189=ORIENTED_EDGE('',*,*,#2262,.T.);
#3190=ORIENTED_EDGE('',*,*,#2112,.F.);
#3191=ORIENTED_EDGE('',*,*,#2266,.F.);
#3192=ORIENTED_EDGE('',*,*,#2264,.T.);
#3193=ORIENTED_EDGE('',*,*,#2253,.F.);
#3194=ORIENTED_EDGE('',*,*,#2267,.T.);
#3195=ORIENTED_EDGE('',*,*,#2252,.T.);
#3196=ORIENTED_EDGE('',*,*,#2206,.F.);
#3197=ORIENTED_EDGE('',*,*,#2268,.T.);
#3198=ORIENTED_EDGE('',*,*,#2269,.T.);
#3199=ORIENTED_EDGE('',*,*,#2251,.T.);
#3200=ORIENTED_EDGE('',*,*,#2267,.F.);
#3201=ORIENTED_EDGE('',*,*,#2270,.T.);
#3202=ORIENTED_EDGE('',*,*,#2271,.T.);
#3203=ORIENTED_EDGE('',*,*,#2249,.T.);
#3204=ORIENTED_EDGE('',*,*,#2269,.F.);
#3205=ORIENTED_EDGE('',*,*,#2272,.T.);
#3206=ORIENTED_EDGE('',*,*,#2099,.F.);
#3207=ORIENTED_EDGE('',*,*,#2247,.T.);
#3208=ORIENTED_EDGE('',*,*,#2271,.F.);
#3209=ORIENTED_EDGE('',*,*,#2273,.T.);
#3210=ORIENTED_EDGE('',*,*,#2111,.F.);
#3211=ORIENTED_EDGE('',*,*,#2274,.T.);
#3212=ORIENTED_EDGE('',*,*,#2275,.T.);
#3213=ORIENTED_EDGE('',*,*,#2266,.T.);
#3214=ORIENTED_EDGE('',*,*,#2276,.T.);
#3215=ORIENTED_EDGE('',*,*,#2265,.T.);
#3216=ORIENTED_EDGE('',*,*,#2275,.F.);
#3217=ORIENTED_EDGE('',*,*,#2277,.T.);
#3218=ORIENTED_EDGE('',*,*,#2278,.T.);
#3219=ORIENTED_EDGE('',*,*,#2263,.T.);
#3220=ORIENTED_EDGE('',*,*,#2276,.F.);
#3221=ORIENTED_EDGE('',*,*,#2279,.T.);
#3222=ORIENTED_EDGE('',*,*,#2213,.T.);
#3223=ORIENTED_EDGE('',*,*,#2261,.T.);
#3224=ORIENTED_EDGE('',*,*,#2278,.F.);
#3225=ORIENTED_EDGE('',*,*,#2280,.T.);
#3226=ORIENTED_EDGE('',*,*,#2077,.F.);
#3227=ORIENTED_EDGE('',*,*,#2281,.F.);
#3228=ORIENTED_EDGE('',*,*,#2282,.F.);
#3229=ORIENTED_EDGE('',*,*,#2283,.F.);
#3230=ORIENTED_EDGE('',*,*,#2284,.T.);
#3231=ORIENTED_EDGE('',*,*,#2285,.F.);
#3232=ORIENTED_EDGE('',*,*,#2088,.F.);
#3233=ORIENTED_EDGE('',*,*,#2085,.F.);
#3234=ORIENTED_EDGE('',*,*,#2082,.F.);
#3235=ORIENTED_EDGE('',*,*,#2079,.F.);
#3236=ORIENTED_EDGE('',*,*,#2092,.T.);
#3237=ORIENTED_EDGE('',*,*,#2273,.F.);
#3238=ORIENTED_EDGE('',*,*,#2272,.F.);
#3239=ORIENTED_EDGE('',*,*,#2270,.F.);
#3240=ORIENTED_EDGE('',*,*,#2268,.F.);
#3241=ORIENTED_EDGE('',*,*,#2205,.F.);
#3242=ORIENTED_EDGE('',*,*,#2153,.T.);
#3243=ORIENTED_EDGE('',*,*,#2132,.F.);
#3244=ORIENTED_EDGE('',*,*,#2211,.T.);
#3245=ORIENTED_EDGE('',*,*,#2286,.T.);
#3246=ORIENTED_EDGE('',*,*,#2287,.T.);
#3247=ORIENTED_EDGE('',*,*,#2288,.T.);
#3248=ORIENTED_EDGE('',*,*,#2281,.T.);
#3249=ORIENTED_EDGE('',*,*,#2076,.T.);
#3250=ORIENTED_EDGE('',*,*,#2110,.T.);
#3251=ORIENTED_EDGE('',*,*,#2089,.F.);
#3252=ORIENTED_EDGE('',*,*,#2285,.T.);
#3253=ORIENTED_EDGE('',*,*,#2289,.T.);
#3254=ORIENTED_EDGE('',*,*,#2290,.T.);
#3255=ORIENTED_EDGE('',*,*,#2291,.T.);
#3256=ORIENTED_EDGE('',*,*,#2207,.T.);
#3257=ORIENTED_EDGE('',*,*,#2119,.T.);
#3258=ORIENTED_EDGE('',*,*,#2135,.F.);
#3259=ORIENTED_EDGE('',*,*,#2214,.F.);
#3260=ORIENTED_EDGE('',*,*,#2280,.F.);
#3261=ORIENTED_EDGE('',*,*,#2279,.F.);
#3262=ORIENTED_EDGE('',*,*,#2277,.F.);
#3263=ORIENTED_EDGE('',*,*,#2274,.F.);
#3264=ORIENTED_EDGE('',*,*,#2292,.F.);
#3265=ORIENTED_EDGE('',*,*,#2293,.T.);
#3266=ORIENTED_EDGE('',*,*,#2287,.F.);
#3267=ORIENTED_EDGE('',*,*,#2294,.F.);
#3268=ORIENTED_EDGE('',*,*,#2295,.F.);
#3269=ORIENTED_EDGE('',*,*,#2294,.T.);
#3270=ORIENTED_EDGE('',*,*,#2286,.F.);
#3271=ORIENTED_EDGE('',*,*,#2210,.F.);
#3272=ORIENTED_EDGE('',*,*,#2296,.F.);
#3273=ORIENTED_EDGE('',*,*,#2208,.T.);
#3274=ORIENTED_EDGE('',*,*,#2291,.F.);
#3275=ORIENTED_EDGE('',*,*,#2297,.F.);
#3276=ORIENTED_EDGE('',*,*,#2298,.F.);
#3277=ORIENTED_EDGE('',*,*,#2297,.T.);
#3278=ORIENTED_EDGE('',*,*,#2290,.F.);
#3279=ORIENTED_EDGE('',*,*,#2299,.F.);
#3280=ORIENTED_EDGE('',*,*,#2300,.F.);
#3281=ORIENTED_EDGE('',*,*,#2299,.T.);
#3282=ORIENTED_EDGE('',*,*,#2289,.F.);
#3283=ORIENTED_EDGE('',*,*,#2284,.F.);
#3284=ORIENTED_EDGE('',*,*,#2301,.F.);
#3285=ORIENTED_EDGE('',*,*,#2282,.T.);
#3286=ORIENTED_EDGE('',*,*,#2288,.F.);
#3287=ORIENTED_EDGE('',*,*,#2293,.F.);
#3288=ORIENTED_EDGE('',*,*,#2292,.T.);
#3289=ORIENTED_EDGE('',*,*,#2295,.T.);
#3290=ORIENTED_EDGE('',*,*,#2209,.T.);
#3291=ORIENTED_EDGE('',*,*,#2296,.T.);
#3292=ORIENTED_EDGE('',*,*,#2298,.T.);
#3293=ORIENTED_EDGE('',*,*,#2300,.T.);
#3294=ORIENTED_EDGE('',*,*,#2283,.T.);
#3295=ORIENTED_EDGE('',*,*,#2301,.T.);
#3296=ORIENTED_EDGE('',*,*,#2302,.F.);
#3297=ORIENTED_EDGE('',*,*,#2303,.F.);
#3298=ORIENTED_EDGE('',*,*,#2304,.T.);
#3299=ORIENTED_EDGE('',*,*,#2305,.F.);
#3300=ORIENTED_EDGE('',*,*,#2306,.F.);
#3301=ORIENTED_EDGE('',*,*,#2307,.F.);
#3302=ORIENTED_EDGE('',*,*,#2308,.T.);
#3303=ORIENTED_EDGE('',*,*,#2309,.F.);
#3304=ORIENTED_EDGE('',*,*,#2310,.F.);
#3305=ORIENTED_EDGE('',*,*,#2311,.F.);
#3306=ORIENTED_EDGE('',*,*,#2312,.T.);
#3307=ORIENTED_EDGE('',*,*,#2313,.F.);
#3308=ORIENTED_EDGE('',*,*,#2314,.F.);
#3309=ORIENTED_EDGE('',*,*,#2315,.F.);
#3310=ORIENTED_EDGE('',*,*,#2316,.F.);
#3311=ORIENTED_EDGE('',*,*,#2317,.F.);
#3312=ORIENTED_EDGE('',*,*,#2318,.F.);
#3313=ORIENTED_EDGE('',*,*,#2319,.F.);
#3314=ORIENTED_EDGE('',*,*,#2320,.F.);
#3315=ORIENTED_EDGE('',*,*,#2321,.F.);
#3316=ORIENTED_EDGE('',*,*,#1854,.T.);
#3317=ORIENTED_EDGE('',*,*,#1927,.F.);
#3318=ORIENTED_EDGE('',*,*,#2322,.F.);
#3319=ORIENTED_EDGE('',*,*,#1937,.F.);
#3320=ORIENTED_EDGE('',*,*,#1874,.T.);
#3321=ORIENTED_EDGE('',*,*,#2323,.F.);
#3322=ORIENTED_EDGE('',*,*,#1930,.F.);
#3323=ORIENTED_EDGE('',*,*,#2324,.F.);
#3324=ORIENTED_EDGE('',*,*,#1846,.T.);
#3325=ORIENTED_EDGE('',*,*,#1896,.F.);
#3326=ORIENTED_EDGE('',*,*,#2325,.F.);
#3327=ORIENTED_EDGE('',*,*,#1907,.F.);
#3328=ORIENTED_EDGE('',*,*,#1826,.T.);
#3329=ORIENTED_EDGE('',*,*,#2326,.F.);
#3330=ORIENTED_EDGE('',*,*,#1899,.F.);
#3331=ORIENTED_EDGE('',*,*,#2327,.F.);
#3332=ORIENTED_EDGE('',*,*,#2328,.T.);
#3333=ORIENTED_EDGE('',*,*,#2329,.F.);
#3334=ORIENTED_EDGE('',*,*,#2330,.F.);
#3335=ORIENTED_EDGE('',*,*,#2318,.T.);
#3336=ORIENTED_EDGE('',*,*,#2331,.F.);
#3337=ORIENTED_EDGE('',*,*,#2313,.T.);
#3338=ORIENTED_EDGE('',*,*,#2332,.T.);
#3339=ORIENTED_EDGE('',*,*,#2333,.F.);
#3340=ORIENTED_EDGE('',*,*,#2334,.F.);
#3341=ORIENTED_EDGE('',*,*,#2305,.T.);
#3342=ORIENTED_EDGE('',*,*,#2335,.T.);
#3343=ORIENTED_EDGE('',*,*,#2336,.F.);
#3344=ORIENTED_EDGE('',*,*,#2337,.F.);
#3345=ORIENTED_EDGE('',*,*,#2309,.T.);
#3346=ORIENTED_EDGE('',*,*,#2338,.T.);
#3347=ORIENTED_EDGE('',*,*,#2339,.F.);
#3348=ORIENTED_EDGE('',*,*,#2340,.F.);
#3349=ORIENTED_EDGE('',*,*,#2341,.T.);
#3350=ORIENTED_EDGE('',*,*,#2046,.F.);
#3351=ORIENTED_EDGE('',*,*,#2342,.F.);
#3352=ORIENTED_EDGE('',*,*,#2343,.F.);
#3353=ORIENTED_EDGE('',*,*,#2344,.T.);
#3354=ORIENTED_EDGE('',*,*,#2044,.F.);
#3355=ORIENTED_EDGE('',*,*,#2345,.F.);
#3356=ORIENTED_EDGE('',*,*,#2346,.T.);
#3357=ORIENTED_EDGE('',*,*,#2347,.T.);
#3358=ORIENTED_EDGE('',*,*,#2348,.T.);
#3359=ORIENTED_EDGE('',*,*,#2340,.T.);
#3360=ORIENTED_EDGE('',*,*,#2349,.T.);
#3361=ORIENTED_EDGE('',*,*,#2343,.T.);
#3362=ORIENTED_EDGE('',*,*,#2350,.T.);
#3363=ORIENTED_EDGE('',*,*,#2351,.T.);
#3364=ORIENTED_EDGE('',*,*,#2352,.F.);
#3365=ORIENTED_EDGE('',*,*,#2353,.F.);
#3366=ORIENTED_EDGE('',*,*,#2354,.F.);
#3367=ORIENTED_EDGE('',*,*,#2339,.T.);
#3368=ORIENTED_EDGE('',*,*,#2354,.T.);
#3369=ORIENTED_EDGE('',*,*,#2355,.F.);
#3370=ORIENTED_EDGE('',*,*,#2306,.T.);
#3371=ORIENTED_EDGE('',*,*,#2337,.T.);
#3372=ORIENTED_EDGE('',*,*,#2353,.T.);
#3373=ORIENTED_EDGE('',*,*,#2356,.F.);
#3374=ORIENTED_EDGE('',*,*,#2307,.T.);
#3375=ORIENTED_EDGE('',*,*,#2355,.T.);
#3376=ORIENTED_EDGE('',*,*,#2352,.T.);
#3377=ORIENTED_EDGE('',*,*,#2338,.F.);
#3378=ORIENTED_EDGE('',*,*,#2308,.F.);
#3379=ORIENTED_EDGE('',*,*,#2356,.T.);
#3380=ORIENTED_EDGE('',*,*,#2357,.F.);
#3381=ORIENTED_EDGE('',*,*,#2358,.F.);
#3382=ORIENTED_EDGE('',*,*,#2359,.F.);
#3383=ORIENTED_EDGE('',*,*,#2336,.T.);
#3384=ORIENTED_EDGE('',*,*,#2359,.T.);
#3385=ORIENTED_EDGE('',*,*,#2360,.F.);
#3386=ORIENTED_EDGE('',*,*,#2302,.T.);
#3387=ORIENTED_EDGE('',*,*,#2334,.T.);
#3388=ORIENTED_EDGE('',*,*,#2358,.T.);
#3389=ORIENTED_EDGE('',*,*,#2361,.F.);
#3390=ORIENTED_EDGE('',*,*,#2303,.T.);
#3391=ORIENTED_EDGE('',*,*,#2360,.T.);
#3392=ORIENTED_EDGE('',*,*,#2357,.T.);
#3393=ORIENTED_EDGE('',*,*,#2335,.F.);
#3394=ORIENTED_EDGE('',*,*,#2304,.F.);
#3395=ORIENTED_EDGE('',*,*,#2361,.T.);
#3396=ORIENTED_EDGE('',*,*,#2362,.F.);
#3397=ORIENTED_EDGE('',*,*,#2363,.F.);
#3398=ORIENTED_EDGE('',*,*,#2364,.F.);
#3399=ORIENTED_EDGE('',*,*,#2333,.T.);
#3400=ORIENTED_EDGE('',*,*,#2364,.T.);
#3401=ORIENTED_EDGE('',*,*,#2365,.F.);
#3402=ORIENTED_EDGE('',*,*,#2310,.T.);
#3403=ORIENTED_EDGE('',*,*,#2331,.T.);
#3404=ORIENTED_EDGE('',*,*,#2363,.T.);
#3405=ORIENTED_EDGE('',*,*,#2366,.F.);
#3406=ORIENTED_EDGE('',*,*,#2311,.T.);
#3407=ORIENTED_EDGE('',*,*,#2365,.T.);
#3408=ORIENTED_EDGE('',*,*,#2362,.T.);
#3409=ORIENTED_EDGE('',*,*,#2332,.F.);
#3410=ORIENTED_EDGE('',*,*,#2312,.F.);
#3411=ORIENTED_EDGE('',*,*,#2366,.T.);
#3412=ORIENTED_EDGE('',*,*,#2367,.F.);
#3413=ORIENTED_EDGE('',*,*,#2368,.F.);
#3414=ORIENTED_EDGE('',*,*,#2369,.F.);
#3415=ORIENTED_EDGE('',*,*,#2329,.T.);
#3416=ORIENTED_EDGE('',*,*,#2369,.T.);
#3417=ORIENTED_EDGE('',*,*,#2370,.F.);
#3418=ORIENTED_EDGE('',*,*,#2319,.T.);
#3419=ORIENTED_EDGE('',*,*,#2330,.T.);
#3420=ORIENTED_EDGE('',*,*,#2368,.T.);
#3421=ORIENTED_EDGE('',*,*,#2371,.F.);
#3422=ORIENTED_EDGE('',*,*,#2320,.T.);
#3423=ORIENTED_EDGE('',*,*,#2370,.T.);
#3424=ORIENTED_EDGE('',*,*,#2367,.T.);
#3425=ORIENTED_EDGE('',*,*,#2328,.F.);
#3426=ORIENTED_EDGE('',*,*,#2321,.T.);
#3427=ORIENTED_EDGE('',*,*,#2371,.T.);
#3428=ORIENTED_EDGE('',*,*,#1856,.T.);
#3429=ORIENTED_EDGE('',*,*,#2372,.T.);
#3430=ORIENTED_EDGE('',*,*,#1928,.T.);
#3431=ORIENTED_EDGE('',*,*,#1848,.T.);
#3432=ORIENTED_EDGE('',*,*,#2373,.T.);
#3433=ORIENTED_EDGE('',*,*,#1897,.T.);
#3434=ORIENTED_EDGE('',*,*,#1847,.T.);
#3435=ORIENTED_EDGE('',*,*,#2327,.T.);
#3436=ORIENTED_EDGE('',*,*,#1898,.T.);
#3437=ORIENTED_EDGE('',*,*,#2373,.F.);
#3438=ORIENTED_EDGE('',*,*,#2325,.T.);
#3439=ORIENTED_EDGE('',*,*,#1895,.T.);
#3440=ORIENTED_EDGE('',*,*,#1905,.F.);
#3441=ORIENTED_EDGE('',*,*,#1843,.T.);
#3442=ORIENTED_EDGE('',*,*,#1885,.F.);
#3443=ORIENTED_EDGE('',*,*,#1829,.F.);
#3444=ORIENTED_EDGE('',*,*,#1904,.F.);
#3445=ORIENTED_EDGE('',*,*,#1908,.F.);
#3446=ORIENTED_EDGE('',*,*,#1825,.T.);
#3447=ORIENTED_EDGE('',*,*,#1906,.F.);
#3448=ORIENTED_EDGE('',*,*,#1900,.F.);
#3449=ORIENTED_EDGE('',*,*,#2326,.T.);
#3450=ORIENTED_EDGE('',*,*,#2315,.T.);
#3451=ORIENTED_EDGE('',*,*,#2374,.T.);
#3452=ORIENTED_EDGE('',*,*,#2346,.F.);
#3453=ORIENTED_EDGE('',*,*,#2342,.T.);
#3454=ORIENTED_EDGE('',*,*,#2045,.F.);
#3455=ORIENTED_EDGE('',*,*,#2344,.F.);
#3456=ORIENTED_EDGE('',*,*,#2349,.F.);
#3457=ORIENTED_EDGE('',*,*,#2375,.F.);
#3458=ORIENTED_EDGE('',*,*,#2316,.T.);
#3459=ORIENTED_EDGE('',*,*,#2375,.T.);
#3460=ORIENTED_EDGE('',*,*,#2351,.F.);
#3461=ORIENTED_EDGE('',*,*,#2376,.F.);
#3462=ORIENTED_EDGE('',*,*,#2317,.T.);
#3463=ORIENTED_EDGE('',*,*,#2376,.T.);
#3464=ORIENTED_EDGE('',*,*,#2350,.F.);
#3465=ORIENTED_EDGE('',*,*,#2345,.T.);
#3466=ORIENTED_EDGE('',*,*,#2047,.F.);
#3467=ORIENTED_EDGE('',*,*,#2341,.F.);
#3468=ORIENTED_EDGE('',*,*,#2348,.F.);
#3469=ORIENTED_EDGE('',*,*,#2377,.F.);
#3470=ORIENTED_EDGE('',*,*,#2314,.T.);
#3471=ORIENTED_EDGE('',*,*,#2377,.T.);
#3472=ORIENTED_EDGE('',*,*,#2347,.F.);
#3473=ORIENTED_EDGE('',*,*,#2374,.F.);
#3474=ORIENTED_EDGE('',*,*,#1873,.T.);
#3475=ORIENTED_EDGE('',*,*,#1936,.F.);
#3476=ORIENTED_EDGE('',*,*,#1931,.F.);
#3477=ORIENTED_EDGE('',*,*,#2323,.T.);
#3478=ORIENTED_EDGE('',*,*,#1855,.T.);
#3479=ORIENTED_EDGE('',*,*,#2324,.T.);
#3480=ORIENTED_EDGE('',*,*,#1929,.T.);
#3481=ORIENTED_EDGE('',*,*,#2372,.F.);
#3482=ORIENTED_EDGE('',*,*,#2322,.T.);
#3483=ORIENTED_EDGE('',*,*,#1926,.T.);
#3484=ORIENTED_EDGE('',*,*,#1935,.F.);
#3485=ORIENTED_EDGE('',*,*,#1851,.T.);
#3486=ORIENTED_EDGE('',*,*,#2006,.F.);
#3487=ORIENTED_EDGE('',*,*,#1877,.F.);
#3488=ORIENTED_EDGE('',*,*,#1934,.F.);
#3489=ORIENTED_EDGE('',*,*,#1938,.F.);
#3490=CYLINDRICAL_SURFACE('',#3795,3.10005009822976);
#3491=CYLINDRICAL_SURFACE('',#3799,3.10005009822976);
#3492=CYLINDRICAL_SURFACE('',#3805,3.10005009822976);
#3493=CYLINDRICAL_SURFACE('',#3809,3.10005009822976);
#3494=CYLINDRICAL_SURFACE('',#3818,3.);
#3495=CYLINDRICAL_SURFACE('',#3820,3.);
#3496=CYLINDRICAL_SURFACE('',#3837,3.);
#3497=CYLINDRICAL_SURFACE('',#3839,3.);
#3498=CYLINDRICAL_SURFACE('',#3859,3.);
#3499=CYLINDRICAL_SURFACE('',#3860,3.);
#3500=CYLINDRICAL_SURFACE('',#3868,3.);
#3501=CYLINDRICAL_SURFACE('',#3869,3.);
#3502=CYLINDRICAL_SURFACE('',#3871,3.);
#3503=CYLINDRICAL_SURFACE('',#3873,3.);
#3504=CYLINDRICAL_SURFACE('',#3874,3.);
#3505=CYLINDRICAL_SURFACE('',#3875,1.75);
#3506=CYLINDRICAL_SURFACE('',#3878,1.75);
#3507=CYLINDRICAL_SURFACE('',#3883,7.);
#3508=CYLINDRICAL_SURFACE('',#3893,3.);
#3509=CYLINDRICAL_SURFACE('',#3894,3.);
#3510=CYLINDRICAL_SURFACE('',#3902,3.);
#3511=CYLINDRICAL_SURFACE('',#3903,3.);
#3512=CYLINDRICAL_SURFACE('',#3905,3.);
#3513=CYLINDRICAL_SURFACE('',#3907,3.);
#3514=CYLINDRICAL_SURFACE('',#3908,3.);
#3515=CYLINDRICAL_SURFACE('',#3909,1.75);
#3516=CYLINDRICAL_SURFACE('',#3912,1.75);
#3517=CYLINDRICAL_SURFACE('',#3917,7.);
#3518=CYLINDRICAL_SURFACE('',#3925,3.5);
#3519=CYLINDRICAL_SURFACE('',#3928,3.5);
#3520=CYLINDRICAL_SURFACE('',#3939,7.);
#3521=CYLINDRICAL_SURFACE('',#3941,0.5);
#3522=CYLINDRICAL_SURFACE('',#3945,7.);
#3523=CYLINDRICAL_SURFACE('',#3947,0.5);
#3524=CYLINDRICAL_SURFACE('',#3951,3.5);
#3525=CYLINDRICAL_SURFACE('',#3952,3.5);
#3526=CYLINDRICAL_SURFACE('',#3953,1.75);
#3527=CYLINDRICAL_SURFACE('',#3954,1.75);
#3528=CYLINDRICAL_SURFACE('',#3955,0.3);
#3529=CYLINDRICAL_SURFACE('',#3958,0.3);
#3530=CYLINDRICAL_SURFACE('',#3960,0.3);
#3531=CYLINDRICAL_SURFACE('',#3962,0.3);
#3532=CYLINDRICAL_SURFACE('',#3964,0.3);
#3533=CYLINDRICAL_SURFACE('',#3966,1.);
#3534=CYLINDRICAL_SURFACE('',#3976,1.);
#3535=CYLINDRICAL_SURFACE('',#3981,0.3);
#3536=CYLINDRICAL_SURFACE('',#3984,0.3);
#3537=CYLINDRICAL_SURFACE('',#3986,0.3);
#3538=CYLINDRICAL_SURFACE('',#3988,0.3);
#3539=CYLINDRICAL_SURFACE('',#3990,0.3);
#3540=CYLINDRICAL_SURFACE('',#3992,1.);
#3541=CYLINDRICAL_SURFACE('',#4002,1.);
#3542=CYLINDRICAL_SURFACE('',#4013,0.4);
#3543=CYLINDRICAL_SURFACE('',#4018,0.4);
#3544=CYLINDRICAL_SURFACE('',#4023,0.4);
#3545=CYLINDRICAL_SURFACE('',#4024,0.4);
#3546=CYLINDRICAL_SURFACE('',#4026,0.4);
#3547=CYLINDRICAL_SURFACE('',#4028,0.4);
#3548=CYLINDRICAL_SURFACE('',#4030,0.4);
#3549=CYLINDRICAL_SURFACE('',#4038,0.4);
#3550=CYLINDRICAL_SURFACE('',#4043,0.4);
#3551=CYLINDRICAL_SURFACE('',#4048,0.4);
#3552=CYLINDRICAL_SURFACE('',#4049,0.4);
#3553=CYLINDRICAL_SURFACE('',#4050,0.4);
#3554=CYLINDRICAL_SURFACE('',#4052,0.4);
#3555=CYLINDRICAL_SURFACE('',#4054,0.4);
#3556=CYLINDRICAL_SURFACE('',#4056,0.4);
#3557=CYLINDRICAL_SURFACE('',#4058,0.4);
#3558=CYLINDRICAL_SURFACE('',#4062,0.3);
#3559=CYLINDRICAL_SURFACE('',#4071,0.3);
#3560=CYLINDRICAL_SURFACE('',#4077,0.3);
#3561=CYLINDRICAL_SURFACE('',#4083,0.3);
#3562=CYLINDRICAL_SURFACE('',#4085,0.3);
#3563=CYLINDRICAL_SURFACE('',#4090,0.3);
#3564=CYLINDRICAL_SURFACE('',#4101,0.599999999999995);
#3565=CYLINDRICAL_SURFACE('',#4104,0.600000000000003);
#3566=CYLINDRICAL_SURFACE('',#4112,0.600000000000001);
#3567=CYLINDRICAL_SURFACE('',#4115,0.600000000000001);
#3568=CYLINDRICAL_SURFACE('',#4138,0.950000000000002);
#3569=CYLINDRICAL_SURFACE('',#4140,0.95);
#3570=CYLINDRICAL_SURFACE('',#4143,0.95);
#3571=CYLINDRICAL_SURFACE('',#4145,0.949999999999995);
#3572=CYLINDRICAL_SURFACE('',#4154,1.60000000000005);
#3573=CYLINDRICAL_SURFACE('',#4156,1.60000000000005);
#3574=CYLINDRICAL_SURFACE('',#4184,1.4);
#3575=CYLINDRICAL_SURFACE('',#4186,1.4);
#3576=ADVANCED_FACE('',(#189),#3490,.F.);
#3577=ADVANCED_FACE('',(#190),#3491,.F.);
#3578=ADVANCED_FACE('',(#191),#3492,.F.);
#3579=ADVANCED_FACE('',(#192),#3493,.F.);
#3580=ADVANCED_FACE('',(#193),#187,.T.);
#3581=ADVANCED_FACE('',(#194),#3494,.F.);
#3582=ADVANCED_FACE('',(#195),#3495,.F.);
#3583=ADVANCED_FACE('',(#196),#179,.F.);
#3584=ADVANCED_FACE('',(#197),#163,.T.);
#3585=ADVANCED_FACE('',(#198),#66,.T.);
#3586=ADVANCED_FACE('',(#199),#67,.T.);
#3587=ADVANCED_FACE('',(#200),#68,.T.);
#3588=ADVANCED_FACE('',(#201),#69,.F.);
#3589=ADVANCED_FACE('',(#202),#70,.F.);
#3590=ADVANCED_FACE('',(#203),#71,.F.);
#3591=ADVANCED_FACE('',(#204),#72,.T.);
#3592=ADVANCED_FACE('',(#205),#188,.T.);
#3593=ADVANCED_FACE('',(#206),#3496,.F.);
#3594=ADVANCED_FACE('',(#207),#3497,.F.);
#3595=ADVANCED_FACE('',(#208),#180,.F.);
#3596=ADVANCED_FACE('',(#209),#164,.T.);
#3597=ADVANCED_FACE('',(#210),#73,.T.);
#3598=ADVANCED_FACE('',(#211),#74,.T.);
#3599=ADVANCED_FACE('',(#212),#75,.T.);
#3600=ADVANCED_FACE('',(#213),#76,.F.);
#3601=ADVANCED_FACE('',(#214),#77,.F.);
#3602=ADVANCED_FACE('',(#215),#78,.F.);
#3603=ADVANCED_FACE('',(#216),#79,.T.);
#3604=ADVANCED_FACE('',(#217),#181,.F.);
#3605=ADVANCED_FACE('',(#218),#182,.F.);
#3606=ADVANCED_FACE('',(#219),#3498,.T.);
#3607=ADVANCED_FACE('',(#220),#3499,.T.);
#3608=ADVANCED_FACE('',(#221),#183,.F.);
#3609=ADVANCED_FACE('',(#222),#165,.T.);
#3610=ADVANCED_FACE('',(#223),#3500,.T.);
#3611=ADVANCED_FACE('',(#224),#3501,.F.);
#3612=ADVANCED_FACE('',(#225),#3502,.T.);
#3613=ADVANCED_FACE('',(#226),#3503,.F.);
#3614=ADVANCED_FACE('',(#227),#3504,.T.);
#3615=ADVANCED_FACE('',(#228),#3505,.T.);
#3616=ADVANCED_FACE('',(#229),#80,.T.);
#3617=ADVANCED_FACE('',(#230),#3506,.T.);
#3618=ADVANCED_FACE('',(#231),#81,.T.);
#3619=ADVANCED_FACE('',(#232),#3507,.F.);
#3620=ADVANCED_FACE('',(#233),#82,.T.);
#3621=ADVANCED_FACE('',(#234),#184,.F.);
#3622=ADVANCED_FACE('',(#235),#185,.F.);
#3623=ADVANCED_FACE('',(#236),#3508,.T.);
#3624=ADVANCED_FACE('',(#237),#3509,.T.);
#3625=ADVANCED_FACE('',(#238),#186,.F.);
#3626=ADVANCED_FACE('',(#239),#166,.T.);
#3627=ADVANCED_FACE('',(#240),#3510,.T.);
#3628=ADVANCED_FACE('',(#241),#3511,.F.);
#3629=ADVANCED_FACE('',(#242),#3512,.T.);
#3630=ADVANCED_FACE('',(#243),#3513,.F.);
#3631=ADVANCED_FACE('',(#244),#3514,.T.);
#3632=ADVANCED_FACE('',(#245),#3515,.T.);
#3633=ADVANCED_FACE('',(#246),#83,.T.);
#3634=ADVANCED_FACE('',(#247),#3516,.T.);
#3635=ADVANCED_FACE('',(#248),#84,.T.);
#3636=ADVANCED_FACE('',(#249),#3517,.F.);
#3637=ADVANCED_FACE('',(#250),#85,.T.);
#3638=ADVANCED_FACE('',(#251),#86,.F.);
#3639=ADVANCED_FACE('',(#252),#87,.T.);
#3640=ADVANCED_FACE('',(#253),#3518,.F.);
#3641=ADVANCED_FACE('',(#254),#88,.T.);
#3642=ADVANCED_FACE('',(#255),#3519,.F.);
#3643=ADVANCED_FACE('',(#256,#23,#24),#89,.T.);
#3644=ADVANCED_FACE('',(#257),#90,.T.);
#3645=ADVANCED_FACE('',(#258),#91,.T.);
#3646=ADVANCED_FACE('',(#259),#3520,.F.);
#3647=ADVANCED_FACE('',(#260),#3521,.F.);
#3648=ADVANCED_FACE('',(#261,#25),#92,.F.);
#3649=ADVANCED_FACE('',(#262),#3522,.F.);
#3650=ADVANCED_FACE('',(#263),#3523,.F.);
#3651=ADVANCED_FACE('',(#264,#26),#93,.F.);
#3652=ADVANCED_FACE('',(#265),#3524,.T.);
#3653=ADVANCED_FACE('',(#266),#3525,.T.);
#3654=ADVANCED_FACE('',(#267),#3526,.F.);
#3655=ADVANCED_FACE('',(#268),#3527,.F.);
#3656=ADVANCED_FACE('',(#269),#3528,.T.);
#3657=ADVANCED_FACE('',(#270),#3529,.T.);
#3658=ADVANCED_FACE('',(#271),#3530,.T.);
#3659=ADVANCED_FACE('',(#272),#3531,.T.);
#3660=ADVANCED_FACE('',(#273),#3532,.T.);
#3661=ADVANCED_FACE('',(#274),#3533,.T.);
#3662=ADVANCED_FACE('',(#275),#94,.F.);
#3663=ADVANCED_FACE('',(#276),#95,.T.);
#3664=ADVANCED_FACE('',(#277),#96,.T.);
#3665=ADVANCED_FACE('',(#278),#97,.T.);
#3666=ADVANCED_FACE('',(#279),#98,.F.);
#3667=ADVANCED_FACE('',(#280),#3534,.T.);
#3668=ADVANCED_FACE('',(#281),#3535,.T.);
#3669=ADVANCED_FACE('',(#282),#3536,.T.);
#3670=ADVANCED_FACE('',(#283),#3537,.T.);
#3671=ADVANCED_FACE('',(#284),#3538,.T.);
#3672=ADVANCED_FACE('',(#285),#3539,.T.);
#3673=ADVANCED_FACE('',(#286),#3540,.T.);
#3674=ADVANCED_FACE('',(#287),#99,.F.);
#3675=ADVANCED_FACE('',(#288),#100,.T.);
#3676=ADVANCED_FACE('',(#289),#101,.T.);
#3677=ADVANCED_FACE('',(#290),#102,.T.);
#3678=ADVANCED_FACE('',(#291),#103,.F.);
#3679=ADVANCED_FACE('',(#292),#3541,.T.);
#3680=ADVANCED_FACE('',(#293),#167,.T.);
#3681=ADVANCED_FACE('',(#294),#168,.T.);
#3682=ADVANCED_FACE('',(#295),#3542,.T.);
#3683=ADVANCED_FACE('',(#296),#169,.T.);
#3684=ADVANCED_FACE('',(#297),#3543,.T.);
#3685=ADVANCED_FACE('',(#298),#170,.T.);
#3686=ADVANCED_FACE('',(#299),#3544,.T.);
#3687=ADVANCED_FACE('',(#300),#3545,.T.);
#3688=ADVANCED_FACE('',(#301),#3546,.T.);
#3689=ADVANCED_FACE('',(#302),#3547,.T.);
#3690=ADVANCED_FACE('',(#303),#3548,.T.);
#3691=ADVANCED_FACE('',(#304),#171,.T.);
#3692=ADVANCED_FACE('',(#305),#172,.T.);
#3693=ADVANCED_FACE('',(#306),#3549,.T.);
#3694=ADVANCED_FACE('',(#307),#173,.T.);
#3695=ADVANCED_FACE('',(#308),#3550,.T.);
#3696=ADVANCED_FACE('',(#309),#174,.T.);
#3697=ADVANCED_FACE('',(#310),#3551,.T.);
#3698=ADVANCED_FACE('',(#311),#3552,.T.);
#3699=ADVANCED_FACE('',(#312),#3553,.T.);
#3700=ADVANCED_FACE('',(#313),#3554,.T.);
#3701=ADVANCED_FACE('',(#314),#3555,.T.);
#3702=ADVANCED_FACE('',(#315),#3556,.T.);
#3703=ADVANCED_FACE('',(#316),#3557,.T.);
#3704=ADVANCED_FACE('',(#317),#104,.T.);
#3705=ADVANCED_FACE('',(#318),#3558,.T.);
#3706=ADVANCED_FACE('',(#319),#105,.T.);
#3707=ADVANCED_FACE('',(#320),#106,.T.);
#3708=ADVANCED_FACE('',(#321),#107,.T.);
#3709=ADVANCED_FACE('',(#322),#108,.T.);
#3710=ADVANCED_FACE('',(#323),#109,.T.);
#3711=ADVANCED_FACE('',(#324),#110,.T.);
#3712=ADVANCED_FACE('',(#325),#111,.T.);
#3713=ADVANCED_FACE('',(#326),#3559,.T.);
#3714=ADVANCED_FACE('',(#327),#175,.T.);
#3715=ADVANCED_FACE('',(#328),#3560,.T.);
#3716=ADVANCED_FACE('',(#329),#176,.T.);
#3717=ADVANCED_FACE('',(#330),#3561,.T.);
#3718=ADVANCED_FACE('',(#331),#112,.T.);
#3719=ADVANCED_FACE('',(#332),#3562,.T.);
#3720=ADVANCED_FACE('',(#333),#177,.T.);
#3721=ADVANCED_FACE('',(#334),#3563,.T.);
#3722=ADVANCED_FACE('',(#335),#178,.T.);
#3723=ADVANCED_FACE('',(#336),#113,.T.);
#3724=ADVANCED_FACE('',(#337),#15,.F.);
#3725=ADVANCED_FACE('',(#338),#114,.T.);
#3726=ADVANCED_FACE('',(#339),#16,.F.);
#3727=ADVANCED_FACE('',(#340),#115,.T.);
#3728=ADVANCED_FACE('',(#341),#3564,.F.);
#3729=ADVANCED_FACE('',(#342),#116,.T.);
#3730=ADVANCED_FACE('',(#343),#3565,.F.);
#3731=ADVANCED_FACE('',(#344),#117,.T.);
#3732=ADVANCED_FACE('',(#345),#17,.F.);
#3733=ADVANCED_FACE('',(#346),#118,.T.);
#3734=ADVANCED_FACE('',(#347),#18,.F.);
#3735=ADVANCED_FACE('',(#348),#3566,.F.);
#3736=ADVANCED_FACE('',(#349),#119,.T.);
#3737=ADVANCED_FACE('',(#350),#3567,.F.);
#3738=ADVANCED_FACE('',(#351),#120,.T.);
#3739=ADVANCED_FACE('',(#352),#19,.F.);
#3740=ADVANCED_FACE('',(#353),#121,.T.);
#3741=ADVANCED_FACE('',(#354),#20,.F.);
#3742=ADVANCED_FACE('',(#355),#122,.T.);
#3743=ADVANCED_FACE('',(#356),#123,.T.);
#3744=ADVANCED_FACE('',(#357),#21,.F.);
#3745=ADVANCED_FACE('',(#358),#124,.T.);
#3746=ADVANCED_FACE('',(#359),#22,.F.);
#3747=ADVANCED_FACE('',(#360),#125,.T.);
#3748=ADVANCED_FACE('',(#361),#126,.F.);
#3749=ADVANCED_FACE('',(#362),#127,.F.);
#3750=ADVANCED_FACE('',(#363),#128,.T.);
#3751=ADVANCED_FACE('',(#364),#3568,.F.);
#3752=ADVANCED_FACE('',(#365),#3569,.F.);
#3753=ADVANCED_FACE('',(#366),#129,.T.);
#3754=ADVANCED_FACE('',(#367),#3570,.F.);
#3755=ADVANCED_FACE('',(#368),#3571,.F.);
#3756=ADVANCED_FACE('',(#369,#27,#28,#29,#30,#31,#32,#33),#130,.F.);
#3757=ADVANCED_FACE('',(#370),#131,.T.);
#3758=ADVANCED_FACE('',(#371),#132,.T.);
#3759=ADVANCED_FACE('',(#372),#133,.T.);
#3760=ADVANCED_FACE('',(#373),#134,.T.);
#3761=ADVANCED_FACE('',(#374),#3572,.F.);
#3762=ADVANCED_FACE('',(#375),#3573,.F.);
#3763=ADVANCED_FACE('',(#376),#135,.T.);
#3764=ADVANCED_FACE('',(#377),#136,.T.);
#3765=ADVANCED_FACE('',(#378),#137,.T.);
#3766=ADVANCED_FACE('',(#379),#138,.T.);
#3767=ADVANCED_FACE('',(#380),#139,.T.);
#3768=ADVANCED_FACE('',(#381),#140,.T.);
#3769=ADVANCED_FACE('',(#382),#141,.T.);
#3770=ADVANCED_FACE('',(#383),#142,.T.);
#3771=ADVANCED_FACE('',(#384),#143,.T.);
#3772=ADVANCED_FACE('',(#385),#144,.T.);
#3773=ADVANCED_FACE('',(#386),#145,.T.);
#3774=ADVANCED_FACE('',(#387),#146,.T.);
#3775=ADVANCED_FACE('',(#388),#147,.T.);
#3776=ADVANCED_FACE('',(#389),#148,.T.);
#3777=ADVANCED_FACE('',(#390),#149,.T.);
#3778=ADVANCED_FACE('',(#391),#150,.T.);
#3779=ADVANCED_FACE('',(#392),#151,.T.);
#3780=ADVANCED_FACE('',(#393),#152,.T.);
#3781=ADVANCED_FACE('',(#394),#153,.F.);
#3782=ADVANCED_FACE('',(#395),#154,.F.);
#3783=ADVANCED_FACE('',(#396),#155,.T.);
#3784=ADVANCED_FACE('',(#397),#156,.T.);
#3785=ADVANCED_FACE('',(#398),#157,.T.);
#3786=ADVANCED_FACE('',(#399),#158,.T.);
#3787=ADVANCED_FACE('',(#400),#3574,.F.);
#3788=ADVANCED_FACE('',(#401),#159,.T.);
#3789=ADVANCED_FACE('',(#402),#3575,.F.);
#3790=ADVANCED_FACE('',(#403),#160,.T.);
#3791=ADVANCED_FACE('',(#404),#161,.T.);
#3792=ADVANCED_FACE('',(#405),#162,.T.);
#3793=CLOSED_SHELL('',(#3576,#3577,#3578,#3579,#3580,#3581,#3582,#3583,
#3584,#3585,#3586,#3587,#3588,#3589,#3590,#3591,#3592,#3593,#3594,#3595,
#3596,#3597,#3598,#3599,#3600,#3601,#3602,#3603,#3604,#3605,#3606,#3607,
#3608,#3609,#3610,#3611,#3612,#3613,#3614,#3615,#3616,#3617,#3618,#3619,
#3620,#3621,#3622,#3623,#3624,#3625,#3626,#3627,#3628,#3629,#3630,#3631,
#3632,#3633,#3634,#3635,#3636,#3637,#3638,#3639,#3640,#3641,#3642,#3643,
#3644,#3645,#3646,#3647,#3648,#3649,#3650,#3651,#3652,#3653,#3654,#3655,
#3656,#3657,#3658,#3659,#3660,#3661,#3662,#3663,#3664,#3665,#3666,#3667,
#3668,#3669,#3670,#3671,#3672,#3673,#3674,#3675,#3676,#3677,#3678,#3679,
#3680,#3681,#3682,#3683,#3684,#3685,#3686,#3687,#3688,#3689,#3690,#3691,
#3692,#3693,#3694,#3695,#3696,#3697,#3698,#3699,#3700,#3701,#3702,#3703,
#3704,#3705,#3706,#3707,#3708,#3709,#3710,#3711,#3712,#3713,#3714,#3715,
#3716,#3717,#3718,#3719,#3720,#3721,#3722,#3723,#3724,#3725,#3726,#3727,
#3728,#3729,#3730,#3731,#3732,#3733,#3734,#3735,#3736,#3737,#3738,#3739,
#3740,#3741,#3742,#3743,#3744,#3745,#3746,#3747,#3748,#3749,#3750,#3751,
#3752,#3753,#3754,#3755,#3756,#3757,#3758,#3759,#3760,#3761,#3762,#3763,
#3764,#3765,#3766,#3767,#3768,#3769,#3770,#3771,#3772,#3773,#3774,#3775,
#3776,#3777,#3778,#3779,#3780,#3781,#3782,#3783,#3784,#3785,#3786,#3787,
#3788,#3789,#3790,#3791,#3792));
#3794=AXIS2_PLACEMENT_3D('',#5302,#4190,#4191);
#3795=AXIS2_PLACEMENT_3D('',#5303,#4192,#4193);
#3796=AXIS2_PLACEMENT_3D('',#5319,#4195,#4196);
#3797=AXIS2_PLACEMENT_3D('',#5323,#4198,#4199);
#3798=AXIS2_PLACEMENT_3D('',#5327,#4201,#4202);
#3799=AXIS2_PLACEMENT_3D('',#5385,#4204,#4205);
#3800=AXIS2_PLACEMENT_3D('',#5403,#4206,#4207);
#3801=AXIS2_PLACEMENT_3D('',#5416,#4208,#4209);
#3802=AXIS2_PLACEMENT_3D('',#5435,#4211,#4212);
#3803=AXIS2_PLACEMENT_3D('',#5439,#4214,#4215);
#3804=AXIS2_PLACEMENT_3D('',#5443,#4217,#4218);
#3805=AXIS2_PLACEMENT_3D('',#5445,#4220,#4221);
#3806=AXIS2_PLACEMENT_3D('',#5461,#4223,#4224);
#3807=AXIS2_PLACEMENT_3D('',#5465,#4226,#4227);
#3808=AXIS2_PLACEMENT_3D('',#5469,#4229,#4230);
#3809=AXIS2_PLACEMENT_3D('',#5527,#4232,#4233);
#3810=AXIS2_PLACEMENT_3D('',#5545,#4234,#4235);
#3811=AXIS2_PLACEMENT_3D('',#5558,#4236,#4237);
#3812=AXIS2_PLACEMENT_3D('',#5577,#4239,#4240);
#3813=AXIS2_PLACEMENT_3D('',#5581,#4242,#4243);
#3814=AXIS2_PLACEMENT_3D('',#5585,#4245,#4246);
#3815=AXIS2_PLACEMENT_3D('',#5597,#4248,#4249);
#3816=AXIS2_PLACEMENT_3D('',#5599,#4250,#4251);
#3817=AXIS2_PLACEMENT_3D('',#5600,#4252,#4253);
#3818=AXIS2_PLACEMENT_3D('',#5601,#4254,#4255);
#3819=AXIS2_PLACEMENT_3D('',#5603,#4256,#4257);
#3820=AXIS2_PLACEMENT_3D('',#5605,#4259,#4260);
#3821=AXIS2_PLACEMENT_3D('',#5655,#4262,#4263);
#3822=AXIS2_PLACEMENT_3D('',#5664,#4264,#4265);
#3823=AXIS2_PLACEMENT_3D('',#5665,#4266,#4267);
#3824=AXIS2_PLACEMENT_3D('',#5667,#4268,#4269);
#3825=AXIS2_PLACEMENT_3D('',#5669,#4270,#4271);
#3826=AXIS2_PLACEMENT_3D('',#5670,#4272,#4273);
#3827=AXIS2_PLACEMENT_3D('',#5671,#4274,#4275);
#3828=AXIS2_PLACEMENT_3D('',#5675,#4278,#4279);
#3829=AXIS2_PLACEMENT_3D('',#5681,#4283,#4284);
#3830=AXIS2_PLACEMENT_3D('',#5695,#4290,#4291);
#3831=AXIS2_PLACEMENT_3D('',#5699,#4294,#4295);
#3832=AXIS2_PLACEMENT_3D('',#5701,#4297,#4298);
#3833=AXIS2_PLACEMENT_3D('',#5703,#4300,#4301);
#3834=AXIS2_PLACEMENT_3D('',#5717,#4304,#4305);
#3835=AXIS2_PLACEMENT_3D('',#5719,#4306,#4307);
#3836=AXIS2_PLACEMENT_3D('',#5720,#4308,#4309);
#3837=AXIS2_PLACEMENT_3D('',#5721,#4310,#4311);
#3838=AXIS2_PLACEMENT_3D('',#5723,#4312,#4313);
#3839=AXIS2_PLACEMENT_3D('',#5725,#4315,#4316);
#3840=AXIS2_PLACEMENT_3D('',#5774,#4318,#4319);
#3841=AXIS2_PLACEMENT_3D('',#5783,#4320,#4321);
#3842=AXIS2_PLACEMENT_3D('',#5784,#4322,#4323);
#3843=AXIS2_PLACEMENT_3D('',#5786,#4324,#4325);
#3844=AXIS2_PLACEMENT_3D('',#5788,#4326,#4327);
#3845=AXIS2_PLACEMENT_3D('',#5789,#4328,#4329);
#3846=AXIS2_PLACEMENT_3D('',#5790,#4330,#4331);
#3847=AXIS2_PLACEMENT_3D('',#5794,#4334,#4335);
#3848=AXIS2_PLACEMENT_3D('',#5800,#4339,#4340);
#3849=AXIS2_PLACEMENT_3D('',#5810,#4346,#4347);
#3850=AXIS2_PLACEMENT_3D('',#5814,#4350,#4351);
#3851=AXIS2_PLACEMENT_3D('',#5816,#4353,#4354);
#3852=AXIS2_PLACEMENT_3D('',#5818,#4356,#4357);
#3853=AXIS2_PLACEMENT_3D('',#5853,#4360,#4361);
#3854=AXIS2_PLACEMENT_3D('',#5855,#4362,#4363);
#3855=AXIS2_PLACEMENT_3D('',#5856,#4364,#4365);
#3856=AXIS2_PLACEMENT_3D('',#5889,#4366,#4367);
#3857=AXIS2_PLACEMENT_3D('',#5891,#4368,#4369);
#3858=AXIS2_PLACEMENT_3D('',#5892,#4370,#4371);
#3859=AXIS2_PLACEMENT_3D('',#5893,#4372,#4373);
#3860=AXIS2_PLACEMENT_3D('',#5895,#4375,#4376);
#3861=AXIS2_PLACEMENT_3D('',#5898,#4377,#4378);
#3862=AXIS2_PLACEMENT_3D('',#5945,#4381,#4382);
#3863=AXIS2_PLACEMENT_3D('',#5954,#4383,#4384);
#3864=AXIS2_PLACEMENT_3D('',#5955,#4385,#4386);
#3865=AXIS2_PLACEMENT_3D('',#5957,#4387,#4388);
#3866=AXIS2_PLACEMENT_3D('',#5959,#4389,#4390);
#3867=AXIS2_PLACEMENT_3D('',#5960,#4391,#4392);
#3868=AXIS2_PLACEMENT_3D('',#5961,#4393,#4394);
#3869=AXIS2_PLACEMENT_3D('',#5964,#4397,#4398);
#3870=AXIS2_PLACEMENT_3D('',#5966,#4399,#4400);
#3871=AXIS2_PLACEMENT_3D('',#5968,#4402,#4403);
#3872=AXIS2_PLACEMENT_3D('',#5971,#4404,#4405);
#3873=AXIS2_PLACEMENT_3D('',#5974,#4408,#4409);
#3874=AXIS2_PLACEMENT_3D('',#5976,#4411,#4412);
#3875=AXIS2_PLACEMENT_3D('',#5979,#4415,#4416);
#3876=AXIS2_PLACEMENT_3D('',#5983,#4418,#4419);
#3877=AXIS2_PLACEMENT_3D('',#5985,#4421,#4422);
#3878=AXIS2_PLACEMENT_3D('',#5989,#4425,#4426);
#3879=AXIS2_PLACEMENT_3D('',#5992,#4428,#4429);
#3880=AXIS2_PLACEMENT_3D('',#5993,#4430,#4431);
#3881=AXIS2_PLACEMENT_3D('',#6006,#4438,#4439);
#3882=AXIS2_PLACEMENT_3D('',#6018,#4445,#4446);
#3883=AXIS2_PLACEMENT_3D('',#6020,#4448,#4449);
#3884=AXIS2_PLACEMENT_3D('',#6022,#4450,#4451);
#3885=AXIS2_PLACEMENT_3D('',#6026,#4453,#4454);
#3886=AXIS2_PLACEMENT_3D('',#6033,#4455,#4456);
#3887=AXIS2_PLACEMENT_3D('',#6067,#4459,#4460);
#3888=AXIS2_PLACEMENT_3D('',#6069,#4461,#4462);
#3889=AXIS2_PLACEMENT_3D('',#6070,#4463,#4464);
#3890=AXIS2_PLACEMENT_3D('',#6103,#4465,#4466);
#3891=AXIS2_PLACEMENT_3D('',#6105,#4467,#4468);
#3892=AXIS2_PLACEMENT_3D('',#6106,#4469,#4470);
#3893=AXIS2_PLACEMENT_3D('',#6107,#4471,#4472);
#3894=AXIS2_PLACEMENT_3D('',#6108,#4473,#4474);
#3895=AXIS2_PLACEMENT_3D('',#6111,#4475,#4476);
#3896=AXIS2_PLACEMENT_3D('',#6158,#4479,#4480);
#3897=AXIS2_PLACEMENT_3D('',#6167,#4481,#4482);
#3898=AXIS2_PLACEMENT_3D('',#6172,#4483,#4484);
#3899=AXIS2_PLACEMENT_3D('',#6174,#4485,#4486);
#3900=AXIS2_PLACEMENT_3D('',#6176,#4487,#4488);
#3901=AXIS2_PLACEMENT_3D('',#6177,#4489,#4490);
#3902=AXIS2_PLACEMENT_3D('',#6178,#4491,#4492);
#3903=AXIS2_PLACEMENT_3D('',#6181,#4495,#4496);
#3904=AXIS2_PLACEMENT_3D('',#6183,#4497,#4498);
#3905=AXIS2_PLACEMENT_3D('',#6185,#4500,#4501);
#3906=AXIS2_PLACEMENT_3D('',#6188,#4502,#4503);
#3907=AXIS2_PLACEMENT_3D('',#6191,#4506,#4507);
#3908=AXIS2_PLACEMENT_3D('',#6193,#4509,#4510);
#3909=AXIS2_PLACEMENT_3D('',#6196,#4513,#4514);
#3910=AXIS2_PLACEMENT_3D('',#6199,#4516,#4517);
#3911=AXIS2_PLACEMENT_3D('',#6200,#4518,#4519);
#3912=AXIS2_PLACEMENT_3D('',#6204,#4522,#4523);
#3913=AXIS2_PLACEMENT_3D('',#6207,#4525,#4526);
#3914=AXIS2_PLACEMENT_3D('',#6208,#4527,#4528);
#3915=AXIS2_PLACEMENT_3D('',#6212,#4530,#4531);
#3916=AXIS2_PLACEMENT_3D('',#6224,#4537,#4538);
#3917=AXIS2_PLACEMENT_3D('',#6231,#4543,#4544);
#3918=AXIS2_PLACEMENT_3D('',#6233,#4545,#4546);
#3919=AXIS2_PLACEMENT_3D('',#6237,#4548,#4549);
#3920=AXIS2_PLACEMENT_3D('',#6244,#4550,#4551);
#3921=AXIS2_PLACEMENT_3D('',#6248,#4554,#4555);
#3922=AXIS2_PLACEMENT_3D('',#6251,#4556,#4557);
#3923=AXIS2_PLACEMENT_3D('',#6255,#4559,#4560);
#3924=AXIS2_PLACEMENT_3D('',#6257,#4562,#4563);
#3925=AXIS2_PLACEMENT_3D('',#6261,#4566,#4567);
#3926=AXIS2_PLACEMENT_3D('',#6262,#4568,#4569);
#3927=AXIS2_PLACEMENT_3D('',#6263,#4570,#4571);
#3928=AXIS2_PLACEMENT_3D('',#6267,#4574,#4575);
#3929=AXIS2_PLACEMENT_3D('',#6268,#4576,#4577);
#3930=AXIS2_PLACEMENT_3D('',#6269,#4578,#4579);
#3931=AXIS2_PLACEMENT_3D('',#6271,#4580,#4581);
#3932=AXIS2_PLACEMENT_3D('',#6272,#4582,#4583);
#3933=AXIS2_PLACEMENT_3D('',#6274,#4584,#4585);
#3934=AXIS2_PLACEMENT_3D('',#6275,#4586,#4587);
#3935=AXIS2_PLACEMENT_3D('',#6277,#4588,#4589);
#3936=AXIS2_PLACEMENT_3D('',#6279,#4590,#4591);
#3937=AXIS2_PLACEMENT_3D('',#6280,#4592,#4593);
#3938=AXIS2_PLACEMENT_3D('',#6281,#4594,#4595);
#3939=AXIS2_PLACEMENT_3D('',#6282,#4596,#4597);
#3940=AXIS2_PLACEMENT_3D('',#6291,#4598,#4599);
#3941=AXIS2_PLACEMENT_3D('',#6293,#4601,#4602);
#3942=AXIS2_PLACEMENT_3D('',#6295,#4604,#4605);
#3943=AXIS2_PLACEMENT_3D('',#6296,#4606,#4607);
#3944=AXIS2_PLACEMENT_3D('',#6298,#4608,#4609);
#3945=AXIS2_PLACEMENT_3D('',#6299,#4610,#4611);
#3946=AXIS2_PLACEMENT_3D('',#6308,#4612,#4613);
#3947=AXIS2_PLACEMENT_3D('',#6310,#4615,#4616);
#3948=AXIS2_PLACEMENT_3D('',#6312,#4618,#4619);
#3949=AXIS2_PLACEMENT_3D('',#6313,#4620,#4621);
#3950=AXIS2_PLACEMENT_3D('',#6315,#4622,#4623);
#3951=AXIS2_PLACEMENT_3D('',#6316,#4624,#4625);
#3952=AXIS2_PLACEMENT_3D('',#6317,#4626,#4627);
#3953=AXIS2_PLACEMENT_3D('',#6318,#4628,#4629);
#3954=AXIS2_PLACEMENT_3D('',#6320,#4631,#4632);
#3955=AXIS2_PLACEMENT_3D('',#6322,#4634,#4635);
#3956=AXIS2_PLACEMENT_3D('',#6332,#4637,#4638);
#3957=AXIS2_PLACEMENT_3D('',#6335,#4640,#4641);
#3958=AXIS2_PLACEMENT_3D('',#6336,#4642,#4643);
#3959=AXIS2_PLACEMENT_3D('',#6340,#4645,#4646);
#3960=AXIS2_PLACEMENT_3D('',#6342,#4648,#4649);
#3961=AXIS2_PLACEMENT_3D('',#6346,#4651,#4652);
#3962=AXIS2_PLACEMENT_3D('',#6348,#4654,#4655);
#3963=AXIS2_PLACEMENT_3D('',#6352,#4657,#4658);
#3964=AXIS2_PLACEMENT_3D('',#6354,#4660,#4661);
#3965=AXIS2_PLACEMENT_3D('',#6358,#4663,#4664);
#3966=AXIS2_PLACEMENT_3D('',#6365,#4666,#4667);
#3967=AXIS2_PLACEMENT_3D('',#6371,#4670,#4671);
#3968=AXIS2_PLACEMENT_3D('',#6380,#4673,#4674);
#3969=AXIS2_PLACEMENT_3D('',#6382,#4675,#4676);
#3970=AXIS2_PLACEMENT_3D('',#6383,#4677,#4678);
#3971=AXIS2_PLACEMENT_3D('',#6384,#4679,#4680);
#3972=AXIS2_PLACEMENT_3D('',#6388,#4683,#4684);
#3973=AXIS2_PLACEMENT_3D('',#6392,#4687,#4688);
#3974=AXIS2_PLACEMENT_3D('',#6396,#4691,#4692);
#3975=AXIS2_PLACEMENT_3D('',#6400,#4695,#4696);
#3976=AXIS2_PLACEMENT_3D('',#6404,#4699,#4700);
#3977=AXIS2_PLACEMENT_3D('',#6408,#4702,#4703);
#3978=AXIS2_PLACEMENT_3D('',#6410,#4704,#4705);
#3979=AXIS2_PLACEMENT_3D('',#6412,#4706,#4707);
#3980=AXIS2_PLACEMENT_3D('',#6420,#4709,#4710);
#3981=AXIS2_PLACEMENT_3D('',#6421,#4711,#4712);
#3982=AXIS2_PLACEMENT_3D('',#6431,#4714,#4715);
#3983=AXIS2_PLACEMENT_3D('',#6434,#4717,#4718);
#3984=AXIS2_PLACEMENT_3D('',#6435,#4719,#4720);
#3985=AXIS2_PLACEMENT_3D('',#6440,#4723,#4724);
#3986=AXIS2_PLACEMENT_3D('',#6441,#4725,#4726);
#3987=AXIS2_PLACEMENT_3D('',#6446,#4729,#4730);
#3988=AXIS2_PLACEMENT_3D('',#6447,#4731,#4732);
#3989=AXIS2_PLACEMENT_3D('',#6452,#4735,#4736);
#3990=AXIS2_PLACEMENT_3D('',#6453,#4737,#4738);
#3991=AXIS2_PLACEMENT_3D('',#6457,#4740,#4741);
#3992=AXIS2_PLACEMENT_3D('',#6464,#4743,#4744);
#3993=AXIS2_PLACEMENT_3D('',#6470,#4747,#4748);
#3994=AXIS2_PLACEMENT_3D('',#6481,#4750,#4751);
#3995=AXIS2_PLACEMENT_3D('',#6483,#4752,#4753);
#3996=AXIS2_PLACEMENT_3D('',#6484,#4754,#4755);
#3997=AXIS2_PLACEMENT_3D('',#6485,#4756,#4757);
#3998=AXIS2_PLACEMENT_3D('',#6489,#4760,#4761);
#3999=AXIS2_PLACEMENT_3D('',#6493,#4764,#4765);
#4000=AXIS2_PLACEMENT_3D('',#6497,#4768,#4769);
#4001=AXIS2_PLACEMENT_3D('',#6501,#4772,#4773);
#4002=AXIS2_PLACEMENT_3D('',#6505,#4776,#4777);
#4003=AXIS2_PLACEMENT_3D('',#6509,#4779,#4780);
#4004=AXIS2_PLACEMENT_3D('',#6511,#4781,#4782);
#4005=AXIS2_PLACEMENT_3D('',#6513,#4783,#4784);
#4006=AXIS2_PLACEMENT_3D('',#6523,#4786,#4787);
#4007=AXIS2_PLACEMENT_3D('',#6524,#4788,#4789);
#4008=AXIS2_PLACEMENT_3D('',#6525,#4790,#4791);
#4009=AXIS2_PLACEMENT_3D('',#6526,#4792,#4793);
#4010=AXIS2_PLACEMENT_3D('',#6527,#4794,#4795);
#4011=AXIS2_PLACEMENT_3D('',#6528,#4796,#4797);
#4012=AXIS2_PLACEMENT_3D('',#6529,#4798,#4799);
#4013=AXIS2_PLACEMENT_3D('',#6530,#4800,#4801);
#4014=AXIS2_PLACEMENT_3D('',#6532,#4802,#4803);
#4015=AXIS2_PLACEMENT_3D('',#6534,#4805,#4806);
#4016=AXIS2_PLACEMENT_3D('',#6536,#4807,#4808);
#4017=AXIS2_PLACEMENT_3D('',#6537,#4809,#4810);
#4018=AXIS2_PLACEMENT_3D('',#6538,#4811,#4812);
#4019=AXIS2_PLACEMENT_3D('',#6540,#4813,#4814);
#4020=AXIS2_PLACEMENT_3D('',#6542,#4816,#4817);
#4021=AXIS2_PLACEMENT_3D('',#6544,#4818,#4819);
#4022=AXIS2_PLACEMENT_3D('',#6545,#4820,#4821);
#4023=AXIS2_PLACEMENT_3D('',#6546,#4822,#4823);
#4024=AXIS2_PLACEMENT_3D('',#6548,#4825,#4826);
#4025=AXIS2_PLACEMENT_3D('',#6549,#4827,#4828);
#4026=AXIS2_PLACEMENT_3D('',#6550,#4829,#4830);
#4027=AXIS2_PLACEMENT_3D('',#6551,#4831,#4832);
#4028=AXIS2_PLACEMENT_3D('',#6552,#4833,#4834);
#4029=AXIS2_PLACEMENT_3D('',#6553,#4835,#4836);
#4030=AXIS2_PLACEMENT_3D('',#6554,#4837,#4838);
#4031=AXIS2_PLACEMENT_3D('',#6555,#4839,#4840);
#4032=AXIS2_PLACEMENT_3D('',#6556,#4841,#4842);
#4033=AXIS2_PLACEMENT_3D('',#6557,#4843,#4844);
#4034=AXIS2_PLACEMENT_3D('',#6558,#4845,#4846);
#4035=AXIS2_PLACEMENT_3D('',#6559,#4847,#4848);
#4036=AXIS2_PLACEMENT_3D('',#6560,#4849,#4850);
#4037=AXIS2_PLACEMENT_3D('',#6561,#4851,#4852);
#4038=AXIS2_PLACEMENT_3D('',#6562,#4853,#4854);
#4039=AXIS2_PLACEMENT_3D('',#6564,#4855,#4856);
#4040=AXIS2_PLACEMENT_3D('',#6566,#4858,#4859);
#4041=AXIS2_PLACEMENT_3D('',#6568,#4860,#4861);
#4042=AXIS2_PLACEMENT_3D('',#6569,#4862,#4863);
#4043=AXIS2_PLACEMENT_3D('',#6570,#4864,#4865);
#4044=AXIS2_PLACEMENT_3D('',#6572,#4866,#4867);
#4045=AXIS2_PLACEMENT_3D('',#6574,#4869,#4870);
#4046=AXIS2_PLACEMENT_3D('',#6576,#4871,#4872);
#4047=AXIS2_PLACEMENT_3D('',#6577,#4873,#4874);
#4048=AXIS2_PLACEMENT_3D('',#6578,#4875,#4876);
#4049=AXIS2_PLACEMENT_3D('',#6580,#4878,#4879);
#4050=AXIS2_PLACEMENT_3D('',#6581,#4880,#4881);
#4051=AXIS2_PLACEMENT_3D('',#6582,#4882,#4883);
#4052=AXIS2_PLACEMENT_3D('',#6583,#4884,#4885);
#4053=AXIS2_PLACEMENT_3D('',#6584,#4886,#4887);
#4054=AXIS2_PLACEMENT_3D('',#6585,#4888,#4889);
#4055=AXIS2_PLACEMENT_3D('',#6586,#4890,#4891);
#4056=AXIS2_PLACEMENT_3D('',#6587,#4892,#4893);
#4057=AXIS2_PLACEMENT_3D('',#6588,#4894,#4895);
#4058=AXIS2_PLACEMENT_3D('',#6589,#4896,#4897);
#4059=AXIS2_PLACEMENT_3D('',#6590,#4898,#4899);
#4060=AXIS2_PLACEMENT_3D('',#6594,#4901,#4902);
#4061=AXIS2_PLACEMENT_3D('',#6598,#4904,#4905);
#4062=AXIS2_PLACEMENT_3D('',#6600,#4907,#4908);
#4063=AXIS2_PLACEMENT_3D('',#6603,#4910,#4911);
#4064=AXIS2_PLACEMENT_3D('',#6604,#4912,#4913);
#4065=AXIS2_PLACEMENT_3D('',#6608,#4916,#4917);
#4066=AXIS2_PLACEMENT_3D('',#6612,#4920,#4921);
#4067=AXIS2_PLACEMENT_3D('',#6616,#4924,#4925);
#4068=AXIS2_PLACEMENT_3D('',#6626,#4931,#4932);
#4069=AXIS2_PLACEMENT_3D('',#6632,#4936,#4937);
#4070=AXIS2_PLACEMENT_3D('',#6636,#4940,#4941);
#4071=AXIS2_PLACEMENT_3D('',#6640,#4944,#4945);
#4072=AXIS2_PLACEMENT_3D('',#6643,#4947,#4948);
#4073=AXIS2_PLACEMENT_3D('',#6644,#4949,#4950);
#4074=AXIS2_PLACEMENT_3D('',#6647,#4951,#4952);
#4075=AXIS2_PLACEMENT_3D('',#6648,#4953,#4954);
#4076=AXIS2_PLACEMENT_3D('',#6649,#4955,#4956);
#4077=AXIS2_PLACEMENT_3D('',#6650,#4957,#4958);
#4078=AXIS2_PLACEMENT_3D('',#6653,#4959,#4960);
#4079=AXIS2_PLACEMENT_3D('',#6656,#4963,#4964);
#4080=AXIS2_PLACEMENT_3D('',#6659,#4965,#4966);
#4081=AXIS2_PLACEMENT_3D('',#6660,#4967,#4968);
#4082=AXIS2_PLACEMENT_3D('',#6661,#4969,#4970);
#4083=AXIS2_PLACEMENT_3D('',#6662,#4971,#4972);
#4084=AXIS2_PLACEMENT_3D('',#6665,#4975,#4976);
#4085=AXIS2_PLACEMENT_3D('',#6666,#4977,#4978);
#4086=AXIS2_PLACEMENT_3D('',#6668,#4979,#4980);
#4087=AXIS2_PLACEMENT_3D('',#6670,#4982,#4983);
#4088=AXIS2_PLACEMENT_3D('',#6672,#4984,#4985);
#4089=AXIS2_PLACEMENT_3D('',#6673,#4986,#4987);
#4090=AXIS2_PLACEMENT_3D('',#6674,#4988,#4989);
#4091=AXIS2_PLACEMENT_3D('',#6676,#4990,#4991);
#4092=AXIS2_PLACEMENT_3D('',#6678,#4993,#4994);
#4093=AXIS2_PLACEMENT_3D('',#6679,#4995,#4996);
#4094=AXIS2_PLACEMENT_3D('',#6680,#4997,#4998);
#4095=AXIS2_PLACEMENT_3D('',#6684,#5001,#5002);
#4096=AXIS2_PLACEMENT_3D('',#6686,#5003,#5004);
#4097=AXIS2_PLACEMENT_3D('',#6688,#5006,#5007);
#4098=AXIS2_PLACEMENT_3D('',#6692,#5010,#5011);
#4099=AXIS2_PLACEMENT_3D('',#6693,#5012,#5013);
#4100=AXIS2_PLACEMENT_3D('',#6694,#5014,#5015);
#4101=AXIS2_PLACEMENT_3D('',#6698,#5018,#5019);
#4102=AXIS2_PLACEMENT_3D('',#6701,#5021,#5022);
#4103=AXIS2_PLACEMENT_3D('',#6702,#5023,#5024);
#4104=AXIS2_PLACEMENT_3D('',#6706,#5027,#5028);
#4105=AXIS2_PLACEMENT_3D('',#6707,#5029,#5030);
#4106=AXIS2_PLACEMENT_3D('',#6708,#5031,#5032);
#4107=AXIS2_PLACEMENT_3D('',#6712,#5035,#5036);
#4108=AXIS2_PLACEMENT_3D('',#6714,#5037,#5038);
#4109=AXIS2_PLACEMENT_3D('',#6716,#5040,#5041);
#4110=AXIS2_PLACEMENT_3D('',#6720,#5044,#5045);
#4111=AXIS2_PLACEMENT_3D('',#6721,#5046,#5047);
#4112=AXIS2_PLACEMENT_3D('',#6722,#5048,#5049);
#4113=AXIS2_PLACEMENT_3D('',#6725,#5051,#5052);
#4114=AXIS2_PLACEMENT_3D('',#6726,#5053,#5054);
#4115=AXIS2_PLACEMENT_3D('',#6730,#5057,#5058);
#4116=AXIS2_PLACEMENT_3D('',#6733,#5060,#5061);
#4117=AXIS2_PLACEMENT_3D('',#6734,#5062,#5063);
#4118=AXIS2_PLACEMENT_3D('',#6736,#5065,#5066);
#4119=AXIS2_PLACEMENT_3D('',#6739,#5068,#5069);
#4120=AXIS2_PLACEMENT_3D('',#6740,#5070,#5071);
#4121=AXIS2_PLACEMENT_3D('',#6744,#5074,#5075);
#4122=AXIS2_PLACEMENT_3D('',#6747,#5077,#5078);
#4123=AXIS2_PLACEMENT_3D('',#6748,#5079,#5080);
#4124=AXIS2_PLACEMENT_3D('',#6750,#5082,#5083);
#4125=AXIS2_PLACEMENT_3D('',#6754,#5086,#5087);
#4126=AXIS2_PLACEMENT_3D('',#6757,#5089,#5090);
#4127=AXIS2_PLACEMENT_3D('',#6758,#5091,#5092);
#4128=AXIS2_PLACEMENT_3D('',#6762,#5095,#5096);
#4129=AXIS2_PLACEMENT_3D('',#6763,#5097,#5098);
#4130=AXIS2_PLACEMENT_3D('',#6764,#5099,#5100);
#4131=AXIS2_PLACEMENT_3D('',#6774,#5106,#5107);
#4132=AXIS2_PLACEMENT_3D('',#6776,#5108,#5109);
#4133=AXIS2_PLACEMENT_3D('',#6779,#5111,#5112);
#4134=AXIS2_PLACEMENT_3D('',#6780,#5113,#5114);
#4135=AXIS2_PLACEMENT_3D('',#6782,#5115,#5116);
#4136=AXIS2_PLACEMENT_3D('',#6785,#5118,#5119);
#4137=AXIS2_PLACEMENT_3D('',#6786,#5120,#5121);
#4138=AXIS2_PLACEMENT_3D('',#6792,#5125,#5126);
#4139=AXIS2_PLACEMENT_3D('',#6793,#5127,#5128);
#4140=AXIS2_PLACEMENT_3D('',#6794,#5129,#5130);
#4141=AXIS2_PLACEMENT_3D('',#6796,#5131,#5132);
#4142=AXIS2_PLACEMENT_3D('',#6798,#5134,#5135);
#4143=AXIS2_PLACEMENT_3D('',#6802,#5138,#5139);
#4144=AXIS2_PLACEMENT_3D('',#6803,#5140,#5141);
#4145=AXIS2_PLACEMENT_3D('',#6804,#5142,#5143);
#4146=AXIS2_PLACEMENT_3D('',#6805,#5144,#5145);
#4147=AXIS2_PLACEMENT_3D('',#6806,#5146,#5147);
#4148=AXIS2_PLACEMENT_3D('',#6833,#5160,#5161);
#4149=AXIS2_PLACEMENT_3D('',#6837,#5163,#5164);
#4150=AXIS2_PLACEMENT_3D('',#6853,#5176,#5177);
#4151=AXIS2_PLACEMENT_3D('',#6859,#5181,#5182);
#4152=AXIS2_PLACEMENT_3D('',#6865,#5186,#5187);
#4153=AXIS2_PLACEMENT_3D('',#6871,#5191,#5192);
#4154=AXIS2_PLACEMENT_3D('',#6877,#5196,#5197);
#4155=AXIS2_PLACEMENT_3D('',#6880,#5198,#5199);
#4156=AXIS2_PLACEMENT_3D('',#6883,#5202,#5203);
#4157=AXIS2_PLACEMENT_3D('',#6886,#5204,#5205);
#4158=AXIS2_PLACEMENT_3D('',#6889,#5208,#5209);
#4159=AXIS2_PLACEMENT_3D('',#6893,#5211,#5212);
#4160=AXIS2_PLACEMENT_3D('',#6895,#5214,#5215);
#4161=AXIS2_PLACEMENT_3D('',#6900,#5218,#5219);
#4162=AXIS2_PLACEMENT_3D('',#6901,#5220,#5221);
#4163=AXIS2_PLACEMENT_3D('',#6907,#5225,#5226);
#4164=AXIS2_PLACEMENT_3D('',#6909,#5228,#5229);
#4165=AXIS2_PLACEMENT_3D('',#6911,#5231,#5232);
#4166=AXIS2_PLACEMENT_3D('',#6912,#5233,#5234);
#4167=AXIS2_PLACEMENT_3D('',#6918,#5238,#5239);
#4168=AXIS2_PLACEMENT_3D('',#6920,#5241,#5242);
#4169=AXIS2_PLACEMENT_3D('',#6922,#5244,#5245);
#4170=AXIS2_PLACEMENT_3D('',#6923,#5246,#5247);
#4171=AXIS2_PLACEMENT_3D('',#6929,#5251,#5252);
#4172=AXIS2_PLACEMENT_3D('',#6931,#5254,#5255);
#4173=AXIS2_PLACEMENT_3D('',#6933,#5257,#5258);
#4174=AXIS2_PLACEMENT_3D('',#6934,#5259,#5260);
#4175=AXIS2_PLACEMENT_3D('',#6940,#5264,#5265);
#4176=AXIS2_PLACEMENT_3D('',#6942,#5267,#5268);
#4177=AXIS2_PLACEMENT_3D('',#6944,#5270,#5271);
#4178=AXIS2_PLACEMENT_3D('',#6945,#5272,#5273);
#4179=AXIS2_PLACEMENT_3D('',#6947,#5275,#5276);
#4180=AXIS2_PLACEMENT_3D('',#6949,#5278,#5279);
#4181=AXIS2_PLACEMENT_3D('',#6950,#5280,#5281);
#4182=AXIS2_PLACEMENT_3D('',#6951,#5282,#5283);
#4183=AXIS2_PLACEMENT_3D('',#6952,#5284,#5285);
#4184=AXIS2_PLACEMENT_3D('',#6955,#5288,#5289);
#4185=AXIS2_PLACEMENT_3D('',#6957,#5291,#5292);
#4186=AXIS2_PLACEMENT_3D('',#6959,#5294,#5295);
#4187=AXIS2_PLACEMENT_3D('',#6960,#5296,#5297);
#4188=AXIS2_PLACEMENT_3D('',#6961,#5298,#5299);
#4189=AXIS2_PLACEMENT_3D('',#6962,#5300,#5301);
#4190=DIRECTION('axis',(0.,0.,1.));
#4191=DIRECTION('refdir',(1.,0.,0.));
#4192=DIRECTION('center_axis',(0.,0.,-1.));
#4193=DIRECTION('ref_axis',(1.,7.6571373978539E-16,0.));
#4194=DIRECTION('',(0.,0.,-1.));
#4195=DIRECTION('center_axis',(0.,0.,-1.));
#4196=DIRECTION('ref_axis',(-1.,0.,0.));
#4197=DIRECTION('',(0.,0.,-1.));
#4198=DIRECTION('center_axis',(0.,0.,-1.));
#4199=DIRECTION('ref_axis',(-1.,0.,0.));
#4200=DIRECTION('',(0.,0.,1.));
#4201=DIRECTION('center_axis',(0.,0.,-1.));
#4202=DIRECTION('ref_axis',(-1.,0.,0.));
#4203=DIRECTION('',(0.,0.,-1.));
#4204=DIRECTION('center_axis',(0.,0.,-1.));
#4205=DIRECTION('ref_axis',(-1.,0.,0.));
#4206=DIRECTION('center_axis',(0.,0.,1.));
#4207=DIRECTION('ref_axis',(-1.,0.,0.));
#4208=DIRECTION('center_axis',(0.,0.,1.));
#4209=DIRECTION('ref_axis',(-1.,0.,0.));
#4210=DIRECTION('',(0.,0.,-1.));
#4211=DIRECTION('center_axis',(0.,0.,-1.));
#4212=DIRECTION('ref_axis',(-1.,0.,0.));
#4213=DIRECTION('',(0.,0.,-1.));
#4214=DIRECTION('center_axis',(0.,0.,-1.));
#4215=DIRECTION('ref_axis',(-1.,0.,0.));
#4216=DIRECTION('',(0.,0.,1.));
#4217=DIRECTION('center_axis',(0.,0.,-1.));
#4218=DIRECTION('ref_axis',(-1.,0.,0.));
#4219=DIRECTION('',(0.,0.,-1.));
#4220=DIRECTION('center_axis',(0.,0.,-1.));
#4221=DIRECTION('ref_axis',(-1.,0.,0.));
#4222=DIRECTION('',(0.,0.,-1.));
#4223=DIRECTION('center_axis',(0.,0.,-1.));
#4224=DIRECTION('ref_axis',(-1.,0.,0.));
#4225=DIRECTION('',(0.,0.,-1.));
#4226=DIRECTION('center_axis',(0.,0.,-1.));
#4227=DIRECTION('ref_axis',(-1.,0.,0.));
#4228=DIRECTION('',(0.,0.,1.));
#4229=DIRECTION('center_axis',(0.,0.,-1.));
#4230=DIRECTION('ref_axis',(-1.,0.,0.));
#4231=DIRECTION('',(0.,0.,-1.));
#4232=DIRECTION('center_axis',(0.,0.,-1.));
#4233=DIRECTION('ref_axis',(1.,1.22464679914735E-16,0.));
#4234=DIRECTION('center_axis',(0.,0.,1.));
#4235=DIRECTION('ref_axis',(-1.,0.,0.));
#4236=DIRECTION('center_axis',(0.,0.,1.));
#4237=DIRECTION('ref_axis',(-1.,0.,0.));
#4238=DIRECTION('',(0.,0.,-1.));
#4239=DIRECTION('center_axis',(0.,0.,-1.));
#4240=DIRECTION('ref_axis',(-1.,0.,0.));
#4241=DIRECTION('',(0.,0.,-1.));
#4242=DIRECTION('center_axis',(0.,0.,-1.));
#4243=DIRECTION('ref_axis',(-1.,0.,0.));
#4244=DIRECTION('',(0.,0.,1.));
#4245=DIRECTION('center_axis',(0.,0.,-1.));
#4246=DIRECTION('ref_axis',(-1.,0.,0.));
#4247=DIRECTION('',(0.,0.,-1.));
#4248=DIRECTION('center_axis',(0.277221302839291,-0.960806093471563,0.));
#4249=DIRECTION('ref_axis',(0.960806093471563,0.277221302839291,0.));
#4250=DIRECTION('center_axis',(0.,0.,-1.));
#4251=DIRECTION('ref_axis',(1.,-6.34413156928661E-16,0.));
#4252=DIRECTION('center_axis',(0.277221302839293,0.960806093471563,0.));
#4253=DIRECTION('ref_axis',(0.,0.,1.));
#4254=DIRECTION('center_axis',(0.277221302839291,-0.960806093471563,0.));
#4255=DIRECTION('ref_axis',(0.679392504099098,0.196025063127032,0.707106781186548));
#4256=DIRECTION('center_axis',(0.277221302839292,-0.960806093471563,1.02592491109588E-16));
#4257=DIRECTION('ref_axis',(0.960806093471563,0.277221302839291,0.));
#4258=DIRECTION('',(0.277221302839291,-0.960806093471563,0.));
#4259=DIRECTION('center_axis',(0.277221302839291,-0.960806093471563,0.));
#4260=DIRECTION('ref_axis',(0.679392504099098,0.196025063127032,0.707106781186548));
#4261=DIRECTION('',(0.277221302839291,-0.960806093471563,0.));
#4262=DIRECTION('center_axis',(-0.977884084090126,-0.209147598798591,0.));
#4263=DIRECTION('ref_axis',(-0.209147598798591,0.977884084090126,0.));
#4264=DIRECTION('center_axis',(0.,0.,-1.));
#4265=DIRECTION('ref_axis',(-0.960806093471563,-0.277221302839292,0.));
#4266=DIRECTION('center_axis',(0.,0.,-1.));
#4267=DIRECTION('ref_axis',(-1.,0.,0.));
#4268=DIRECTION('center_axis',(0.,0.,-1.));
#4269=DIRECTION('ref_axis',(0.302905446527686,-0.953020613871423,0.));
#4270=DIRECTION('center_axis',(-1.,0.,0.));
#4271=DIRECTION('ref_axis',(0.,1.,0.));
#4272=DIRECTION('center_axis',(0.,0.,1.));
#4273=DIRECTION('ref_axis',(0.302905446527686,-0.953020613871422,0.));
#4274=DIRECTION('center_axis',(0.,0.,-1.));
#4275=DIRECTION('ref_axis',(1.,0.,0.));
#4276=DIRECTION('',(0.,-1.,0.));
#4277=DIRECTION('',(-1.,-9.73879846162418E-17,0.));
#4278=DIRECTION('center_axis',(1.,0.,0.));
#4279=DIRECTION('ref_axis',(0.,-1.,0.));
#4280=DIRECTION('',(0.,-1.,0.));
#4281=DIRECTION('',(0.,0.,-1.));
#4282=DIRECTION('',(0.,-1.,0.));
#4283=DIRECTION('center_axis',(1.15648231731787E-16,1.,0.));
#4284=DIRECTION('ref_axis',(1.,-1.15648231731787E-16,0.));
#4285=DIRECTION('',(1.,-1.15648231731787E-16,0.));
#4286=DIRECTION('',(0.,0.,-1.));
#4287=DIRECTION('',(1.,-1.15648231731787E-16,0.));
#4288=DIRECTION('',(0.,0.,-1.));
#4289=DIRECTION('',(1.,-1.15648231731787E-16,0.));
#4290=DIRECTION('center_axis',(0.,0.,-1.));
#4291=DIRECTION('ref_axis',(1.,0.,0.));
#4292=DIRECTION('',(0.,1.,0.));
#4293=DIRECTION('',(-1.,0.,0.));
#4294=DIRECTION('center_axis',(0.,0.,-1.));
#4295=DIRECTION('ref_axis',(1.,0.,0.));
#4296=DIRECTION('',(-1.,0.,0.));
#4297=DIRECTION('center_axis',(0.,0.,-1.));
#4298=DIRECTION('ref_axis',(1.,0.,0.));
#4299=DIRECTION('',(0.,1.,0.));
#4300=DIRECTION('center_axis',(-1.,0.,0.));
#4301=DIRECTION('ref_axis',(0.,1.,0.));
#4302=DIRECTION('',(0.,1.,0.));
#4303=DIRECTION('',(0.,0.,-1.));
#4304=DIRECTION('center_axis',(-0.277221302839294,0.960806093471562,0.));
#4305=DIRECTION('ref_axis',(-0.960806093471562,-0.277221302839294,0.));
#4306=DIRECTION('center_axis',(0.,0.,-1.));
#4307=DIRECTION('ref_axis',(-1.,-9.51619735392991E-16,0.));
#4308=DIRECTION('center_axis',(-0.277221302839291,-0.960806093471563,0.));
#4309=DIRECTION('ref_axis',(0.,0.,1.));
#4310=DIRECTION('center_axis',(-0.277221302839294,0.960806093471562,0.));
#4311=DIRECTION('ref_axis',(-0.679392504099097,-0.196025063127034,0.707106781186548));
#4312=DIRECTION('center_axis',(-0.277221302839294,0.960806093471562,-7.51923500857907E-17));
#4313=DIRECTION('ref_axis',(-0.960806093471562,-0.277221302839294,0.));
#4314=DIRECTION('',(-0.277221302839294,0.960806093471562,0.));
#4315=DIRECTION('center_axis',(-0.277221302839294,0.960806093471562,0.));
#4316=DIRECTION('ref_axis',(-0.679392504099097,-0.196025063127034,0.707106781186548));
#4317=DIRECTION('',(-0.277221302839294,0.960806093471562,0.));
#4318=DIRECTION('center_axis',(0.977884084090125,0.209147598798594,0.));
#4319=DIRECTION('ref_axis',(0.209147598798594,-0.977884084090125,0.));
#4320=DIRECTION('center_axis',(0.,0.,-1.));
#4321=DIRECTION('ref_axis',(0.960806093471562,0.277221302839294,0.));
#4322=DIRECTION('center_axis',(0.,0.,-1.));
#4323=DIRECTION('ref_axis',(-1.,0.,0.));
#4324=DIRECTION('center_axis',(0.,0.,-1.));
#4325=DIRECTION('ref_axis',(-0.302905446527688,0.953020613871422,0.));
#4326=DIRECTION('center_axis',(1.,3.70074341541719E-16,0.));
#4327=DIRECTION('ref_axis',(3.70074341541719E-16,-1.,0.));
#4328=DIRECTION('center_axis',(0.,0.,1.));
#4329=DIRECTION('ref_axis',(-0.302905446527688,0.953020613871422,0.));
#4330=DIRECTION('center_axis',(0.,0.,-1.));
#4331=DIRECTION('ref_axis',(1.,0.,0.));
#4332=DIRECTION('',(5.69345140833414E-16,1.,0.));
#4333=DIRECTION('',(1.,2.06949467309514E-16,0.));
#4334=DIRECTION('center_axis',(1.,0.,0.));
#4335=DIRECTION('ref_axis',(0.,-1.,0.));
#4336=DIRECTION('',(0.,-1.,0.));
#4337=DIRECTION('',(0.,0.,-1.));
#4338=DIRECTION('',(0.,-1.,0.));
#4339=DIRECTION('center_axis',(1.15648231731787E-16,1.,0.));
#4340=DIRECTION('ref_axis',(1.,-1.15648231731787E-16,0.));
#4341=DIRECTION('',(1.,-1.15648231731787E-16,0.));
#4342=DIRECTION('',(0.,0.,-1.));
#4343=DIRECTION('',(1.,-1.15648231731787E-16,0.));
#4344=DIRECTION('',(0.,0.,-1.));
#4345=DIRECTION('',(1.,-1.15648231731787E-16,0.));
#4346=DIRECTION('center_axis',(0.,0.,-1.));
#4347=DIRECTION('ref_axis',(1.,0.,0.));
#4348=DIRECTION('',(0.,1.,0.));
#4349=DIRECTION('',(-1.,0.,0.));
#4350=DIRECTION('center_axis',(0.,0.,-1.));
#4351=DIRECTION('ref_axis',(1.,0.,0.));
#4352=DIRECTION('',(-1.,0.,0.));
#4353=DIRECTION('center_axis',(0.,0.,-1.));
#4354=DIRECTION('ref_axis',(1.,0.,0.));
#4355=DIRECTION('',(0.,1.,0.));
#4356=DIRECTION('center_axis',(-1.,0.,0.));
#4357=DIRECTION('ref_axis',(0.,1.,0.));
#4358=DIRECTION('',(0.,1.,0.));
#4359=DIRECTION('',(0.,0.,-1.));
#4360=DIRECTION('center_axis',(-0.923076923076923,-0.384615384615384,0.));
#4361=DIRECTION('ref_axis',(-0.384615384615384,0.923076923076923,0.));
#4362=DIRECTION('center_axis',(0.384615384615385,0.923076923076923,0.));
#4363=DIRECTION('ref_axis',(-0.923076923076923,0.384615384615385,0.));
#4364=DIRECTION('center_axis',(-1.58603289232165E-16,1.58603289232165E-16,
-1.));
#4365=DIRECTION('ref_axis',(-1.,0.,1.58603289232165E-16));
#4366=DIRECTION('center_axis',(0.384615384615385,-0.923076923076923,0.));
#4367=DIRECTION('ref_axis',(-0.923076923076923,-0.384615384615385,0.));
#4368=DIRECTION('center_axis',(-0.923076923076923,0.384615384615384,-7.11681426041766E-17));
#4369=DIRECTION('ref_axis',(-0.384615384615384,-0.923076923076923,0.));
#4370=DIRECTION('center_axis',(0.,0.,-1.));
#4371=DIRECTION('ref_axis',(0.,-1.,0.));
#4372=DIRECTION('center_axis',(1.,9.73879846162418E-17,0.));
#4373=DIRECTION('ref_axis',(0.,0.707106781186548,-0.707106781186548));
#4374=DIRECTION('',(1.,9.73879846162418E-17,0.));
#4375=DIRECTION('center_axis',(0.,0.,-1.));
#4376=DIRECTION('ref_axis',(-0.974731692563717,0.223378887793522,0.));
#4377=DIRECTION('center_axis',(0.,0.,1.));
#4378=DIRECTION('ref_axis',(-0.974731692563717,0.223378887793522,0.));
#4379=DIRECTION('',(0.,0.,1.));
#4380=DIRECTION('',(0.,0.,-1.));
#4381=DIRECTION('center_axis',(0.,0.,-1.));
#4382=DIRECTION('ref_axis',(-0.744199970335608,-0.667956887944484,0.));
#4383=DIRECTION('center_axis',(-0.977884084090125,0.209147598798592,0.));
#4384=DIRECTION('ref_axis',(0.,0.,-1.));
#4385=DIRECTION('center_axis',(0.,0.,1.));
#4386=DIRECTION('ref_axis',(1.,0.,0.));
#4387=DIRECTION('center_axis',(0.,0.,1.));
#4388=DIRECTION('ref_axis',(0.302905446527686,0.953020613871423,0.));
#4389=DIRECTION('center_axis',(1.,0.,0.));
#4390=DIRECTION('ref_axis',(0.,-1.,0.));
#4391=DIRECTION('center_axis',(0.,0.,-1.));
#4392=DIRECTION('ref_axis',(0.302905446527686,0.953020613871423,0.));
#4393=DIRECTION('center_axis',(-1.,-2.06949467309514E-16,0.));
#4394=DIRECTION('ref_axis',(0.,-0.707106781186548,-0.707106781186548));
#4395=DIRECTION('',(1.,2.06949467309514E-16,0.));
#4396=DIRECTION('',(-1.,-2.06949467309514E-16,0.));
#4397=DIRECTION('center_axis',(-0.277221302839293,-0.960806093471563,0.));
#4398=DIRECTION('ref_axis',(0.679392504099098,-0.196025063127034,0.707106781186547));
#4399=DIRECTION('center_axis',(0.277221302839293,0.960806093471563,0.));
#4400=DIRECTION('ref_axis',(0.,0.,1.));
#4401=DIRECTION('',(-0.277221302839293,-0.960806093471563,0.));
#4402=DIRECTION('center_axis',(0.,0.,-1.));
#4403=DIRECTION('ref_axis',(-0.974731692563717,-0.223378887793522,0.));
#4404=DIRECTION('center_axis',(0.,0.,1.));
#4405=DIRECTION('ref_axis',(-0.974731692563717,-0.223378887793522,0.));
#4406=DIRECTION('',(0.,0.,1.));
#4407=DIRECTION('',(0.,0.,-1.));
#4408=DIRECTION('center_axis',(-0.277221302839293,-0.960806093471563,0.));
#4409=DIRECTION('ref_axis',(0.679392504099098,-0.196025063127034,0.707106781186547));
#4410=DIRECTION('',(-0.277221302839293,-0.960806093471563,0.));
#4411=DIRECTION('center_axis',(0.,1.,0.));
#4412=DIRECTION('ref_axis',(-0.707106781186547,0.,-0.707106781186548));
#4413=DIRECTION('',(0.,-1.,0.));
#4414=DIRECTION('',(0.,1.,0.));
#4415=DIRECTION('center_axis',(0.,0.,1.));
#4416=DIRECTION('ref_axis',(-1.,6.34413156928661E-16,0.));
#4417=DIRECTION('',(0.,0.,1.));
#4418=DIRECTION('center_axis',(0.,0.,1.));
#4419=DIRECTION('ref_axis',(-0.707106781186547,0.707106781186548,0.));
#4420=DIRECTION('',(0.,0.,1.));
#4421=DIRECTION('center_axis',(-1.,0.,0.));
#4422=DIRECTION('ref_axis',(0.,-1.,0.));
#4423=DIRECTION('',(0.,0.,1.));
#4424=DIRECTION('',(0.,-1.,0.));
#4425=DIRECTION('center_axis',(0.,0.,1.));
#4426=DIRECTION('ref_axis',(0.,-1.,0.));
#4427=DIRECTION('',(0.,0.,1.));
#4428=DIRECTION('center_axis',(0.,0.,1.));
#4429=DIRECTION('ref_axis',(-0.707106781186548,-0.707106781186548,0.));
#4430=DIRECTION('center_axis',(2.06949467309514E-16,-1.,0.));
#4431=DIRECTION('ref_axis',(1.,2.06949467309514E-16,0.));
#4432=DIRECTION('',(0.,0.,-1.));
#4433=DIRECTION('',(-1.,-2.06949467309514E-16,0.));
#4434=DIRECTION('',(0.,0.,1.));
#4435=DIRECTION('',(-1.,-2.06949467309514E-16,0.));
#4436=DIRECTION('',(0.,0.,1.));
#4437=DIRECTION('',(1.,2.06949467309514E-16,0.));
#4438=DIRECTION('center_axis',(-2.06949467309514E-16,1.,0.));
#4439=DIRECTION('ref_axis',(-0.707106781186546,-3.2710259555912E-16,0.707106781186549));
#4440=DIRECTION('',(0.,0.,1.));
#4441=DIRECTION('',(0.707106781186548,1.46335371697501E-16,0.707106781186548));
#4442=DIRECTION('',(1.,2.06949467309514E-16,0.));
#4443=DIRECTION('',(0.707106781186548,1.46335371697501E-16,-0.707106781186548));
#4444=DIRECTION('',(0.,0.,-1.));
#4445=DIRECTION('center_axis',(-2.06949467309514E-16,1.,0.));
#4446=DIRECTION('ref_axis',(0.707106781186546,0.,0.707106781186549));
#4447=DIRECTION('',(1.,2.06949467309514E-16,0.));
#4448=DIRECTION('center_axis',(0.,0.,-1.));
#4449=DIRECTION('ref_axis',(1.58603289232165E-16,-1.,0.));
#4450=DIRECTION('center_axis',(0.,0.,1.));
#4451=DIRECTION('ref_axis',(-4.75809867696496E-16,1.,0.));
#4452=DIRECTION('',(0.,0.,-1.));
#4453=DIRECTION('center_axis',(0.,0.,1.));
#4454=DIRECTION('ref_axis',(1.58603289232165E-16,-1.,0.));
#4455=DIRECTION('center_axis',(-0.960806093471563,0.277221302839293,0.));
#4456=DIRECTION('ref_axis',(0.277221302839293,0.960806093471563,0.));
#4457=DIRECTION('',(0.,0.,-1.));
#4458=DIRECTION('',(0.277221302839293,0.960806093471563,0.));
#4459=DIRECTION('center_axis',(0.923076923076923,0.384615384615386,7.11681426041769E-17));
#4460=DIRECTION('ref_axis',(0.384615384615386,-0.923076923076923,0.));
#4461=DIRECTION('center_axis',(-0.384615384615386,-0.923076923076923,0.));
#4462=DIRECTION('ref_axis',(0.923076923076923,-0.384615384615386,0.));
#4463=DIRECTION('center_axis',(0.,0.,-1.));
#4464=DIRECTION('ref_axis',(1.,-4.75809867696497E-16,0.));
#4465=DIRECTION('center_axis',(-0.384615384615384,0.923076923076923,2.84672570416707E-16));
#4466=DIRECTION('ref_axis',(0.923076923076923,0.384615384615384,0.));
#4467=DIRECTION('center_axis',(0.923076923076923,-0.384615384615384,0.));
#4468=DIRECTION('ref_axis',(0.384615384615384,0.923076923076923,0.));
#4469=DIRECTION('center_axis',(0.,0.,-1.));
#4470=DIRECTION('ref_axis',(0.,1.,0.));
#4471=DIRECTION('center_axis',(-1.,-2.06949467309514E-16,0.));
#4472=DIRECTION('ref_axis',(0.,-0.707106781186548,-0.707106781186548));
#4473=DIRECTION('center_axis',(0.,0.,-1.));
#4474=DIRECTION('ref_axis',(0.974731692563718,-0.22337888779352,0.));
#4475=DIRECTION('center_axis',(0.,0.,1.));
#4476=DIRECTION('ref_axis',(0.974731692563718,-0.22337888779352,0.));
#4477=DIRECTION('',(0.,0.,1.));
#4478=DIRECTION('',(0.,0.,-1.));
#4479=DIRECTION('center_axis',(0.,0.,-1.));
#4480=DIRECTION('ref_axis',(0.744199970335608,0.667956887944484,0.));
#4481=DIRECTION('center_axis',(0.977884084090126,-0.209147598798591,0.));
#4482=DIRECTION('ref_axis',(0.,0.,-1.));
#4483=DIRECTION('center_axis',(0.,0.,1.));
#4484=DIRECTION('ref_axis',(1.,0.,0.));
#4485=DIRECTION('center_axis',(0.,0.,1.));
#4486=DIRECTION('ref_axis',(-0.302905446527686,-0.953020613871423,0.));
#4487=DIRECTION('center_axis',(-1.,0.,0.));
#4488=DIRECTION('ref_axis',(0.,1.,0.));
#4489=DIRECTION('center_axis',(0.,0.,-1.));
#4490=DIRECTION('ref_axis',(-0.302905446527686,-0.953020613871423,0.));
#4491=DIRECTION('center_axis',(1.,9.73879846162418E-17,0.));
#4492=DIRECTION('ref_axis',(0.,0.707106781186548,-0.707106781186548));
#4493=DIRECTION('',(-1.,-9.73879846162418E-17,0.));
#4494=DIRECTION('',(1.,9.73879846162418E-17,0.));
#4495=DIRECTION('center_axis',(0.277221302839291,0.960806093471563,0.));
#4496=DIRECTION('ref_axis',(-0.679392504099098,0.196025063127032,0.707106781186547));
#4497=DIRECTION('center_axis',(-0.277221302839291,-0.960806093471563,0.));
#4498=DIRECTION('ref_axis',(0.,0.,1.));
#4499=DIRECTION('',(0.277221302839291,0.960806093471563,0.));
#4500=DIRECTION('center_axis',(0.,0.,-1.));
#4501=DIRECTION('ref_axis',(0.974731692563717,0.223378887793523,0.));
#4502=DIRECTION('center_axis',(0.,0.,1.));
#4503=DIRECTION('ref_axis',(0.974731692563717,0.223378887793523,0.));
#4504=DIRECTION('',(0.,0.,1.));
#4505=DIRECTION('',(0.,0.,-1.));
#4506=DIRECTION('center_axis',(0.277221302839291,0.960806093471563,0.));
#4507=DIRECTION('ref_axis',(-0.679392504099098,0.196025063127032,0.707106781186547));
#4508=DIRECTION('',(0.277221302839291,0.960806093471563,0.));
#4509=DIRECTION('center_axis',(-5.69345140833414E-16,-1.,0.));
#4510=DIRECTION('ref_axis',(0.707106781186548,-5.23364152894591E-16,-0.707106781186547));
#4511=DIRECTION('',(5.69345140833414E-16,1.,0.));
#4512=DIRECTION('',(-5.69345140833414E-16,-1.,0.));
#4513=DIRECTION('center_axis',(0.,0.,1.));
#4514=DIRECTION('ref_axis',(1.,-3.17206578464331E-16,0.));
#4515=DIRECTION('',(0.,0.,1.));
#4516=DIRECTION('center_axis',(0.,0.,1.));
#4517=DIRECTION('ref_axis',(0.707106781186547,-0.707106781186548,0.));
#4518=DIRECTION('center_axis',(1.,-5.69345140833414E-16,0.));
#4519=DIRECTION('ref_axis',(5.69345140833414E-16,1.,0.));
#4520=DIRECTION('',(0.,0.,1.));
#4521=DIRECTION('',(5.69345140833414E-16,1.,0.));
#4522=DIRECTION('center_axis',(0.,0.,1.));
#4523=DIRECTION('ref_axis',(0.,1.,0.));
#4524=DIRECTION('',(0.,0.,1.));
#4525=DIRECTION('center_axis',(0.,0.,1.));
#4526=DIRECTION('ref_axis',(0.707106781186548,0.707106781186547,0.));
#4527=DIRECTION('center_axis',(-9.73879846162418E-17,1.,0.));
#4528=DIRECTION('ref_axis',(-1.,-9.73879846162418E-17,0.));
#4529=DIRECTION('',(-1.,-9.73879846162418E-17,0.));
#4530=DIRECTION('center_axis',(9.73879846162418E-17,-1.,0.));
#4531=DIRECTION('ref_axis',(0.707106781186546,0.,0.707106781186549));
#4532=DIRECTION('',(0.,0.,1.));
#4533=DIRECTION('',(-0.707106781186548,-6.88637043282357E-17,0.707106781186548));
#4534=DIRECTION('',(-1.,-9.73879846162418E-17,0.));
#4535=DIRECTION('',(-0.707106781186548,-6.88637043282357E-17,-0.707106781186548));
#4536=DIRECTION('',(0.,0.,-1.));
#4537=DIRECTION('center_axis',(9.73879846162418E-17,-1.,0.));
#4538=DIRECTION('ref_axis',(-0.707106781186546,0.,0.707106781186549));
#4539=DIRECTION('',(-1.,-9.73879846162418E-17,0.));
#4540=DIRECTION('',(0.,0.,-1.));
#4541=DIRECTION('',(1.,9.73879846162418E-17,0.));
#4542=DIRECTION('',(0.,0.,1.));
#4543=DIRECTION('center_axis',(0.,0.,-1.));
#4544=DIRECTION('ref_axis',(-1.58603289232165E-16,1.,0.));
#4545=DIRECTION('center_axis',(0.,0.,1.));
#4546=DIRECTION('ref_axis',(7.93016446160827E-16,-1.,0.));
#4547=DIRECTION('',(0.,0.,-1.));
#4548=DIRECTION('center_axis',(0.,0.,1.));
#4549=DIRECTION('ref_axis',(-1.58603289232165E-16,1.,0.));
#4550=DIRECTION('center_axis',(0.960806093471563,-0.277221302839291,0.));
#4551=DIRECTION('ref_axis',(-0.277221302839291,-0.960806093471563,0.));
#4552=DIRECTION('',(0.,0.,-1.));
#4553=DIRECTION('',(-0.277221302839291,-0.960806093471563,0.));
#4554=DIRECTION('center_axis',(0.,0.,-1.));
#4555=DIRECTION('ref_axis',(1.,0.,0.));
#4556=DIRECTION('center_axis',(0.,0.,1.));
#4557=DIRECTION('ref_axis',(-0.749999999999977,0.661437827766174,0.));
#4558=DIRECTION('',(0.,-1.,0.));
#4559=DIRECTION('center_axis',(0.,0.,1.));
#4560=DIRECTION('ref_axis',(0.749999999999975,-0.661437827766176,0.));
#4561=DIRECTION('',(7.69801162016676E-16,1.,0.));
#4562=DIRECTION('center_axis',(-0.960806093471563,-0.277221302839291,0.));
#4563=DIRECTION('ref_axis',(-0.277221302839291,0.960806093471563,0.));
#4564=DIRECTION('',(-0.277221302839291,0.960806093471563,0.));
#4565=DIRECTION('',(0.,0.,-1.));
#4566=DIRECTION('center_axis',(0.,0.,-1.));
#4567=DIRECTION('ref_axis',(1.,0.,0.));
#4568=DIRECTION('center_axis',(0.,0.,1.));
#4569=DIRECTION('ref_axis',(1.,0.,0.));
#4570=DIRECTION('center_axis',(0.960806093471562,0.277221302839294,0.));
#4571=DIRECTION('ref_axis',(0.277221302839294,-0.960806093471562,0.));
#4572=DIRECTION('',(0.277221302839294,-0.960806093471562,0.));
#4573=DIRECTION('',(0.,0.,-1.));
#4574=DIRECTION('center_axis',(0.,0.,-1.));
#4575=DIRECTION('ref_axis',(-1.,-1.22464679914735E-16,0.));
#4576=DIRECTION('center_axis',(0.,0.,1.));
#4577=DIRECTION('ref_axis',(1.,0.,0.));
#4578=DIRECTION('center_axis',(0.,0.,-1.));
#4579=DIRECTION('ref_axis',(1.,0.,0.));
#4580=DIRECTION('center_axis',(0.,0.,1.));
#4581=DIRECTION('ref_axis',(0.942809041582063,-0.333333333333333,0.));
#4582=DIRECTION('center_axis',(0.,0.,-1.));
#4583=DIRECTION('ref_axis',(-0.942809041582064,0.333333333333333,0.));
#4584=DIRECTION('center_axis',(0.,0.,1.));
#4585=DIRECTION('ref_axis',(-0.942809041582064,0.333333333333333,0.));
#4586=DIRECTION('center_axis',(0.,0.,-1.));
#4587=DIRECTION('ref_axis',(0.942809041582063,-0.333333333333334,0.));
#4588=DIRECTION('center_axis',(0.,0.,1.));
#4589=DIRECTION('ref_axis',(1.,0.,0.));
#4590=DIRECTION('center_axis',(0.,0.,1.));
#4591=DIRECTION('ref_axis',(1.,0.,0.));
#4592=DIRECTION('center_axis',(0.,0.,-1.));
#4593=DIRECTION('ref_axis',(1.,0.,0.));
#4594=DIRECTION('center_axis',(0.,0.,-1.));
#4595=DIRECTION('ref_axis',(1.,0.,0.));
#4596=DIRECTION('center_axis',(0.,0.,1.));
#4597=DIRECTION('ref_axis',(1.58603289232165E-16,-1.,0.));
#4598=DIRECTION('center_axis',(0.,0.,1.));
#4599=DIRECTION('ref_axis',(1.58603289232165E-16,-1.,0.));
#4600=DIRECTION('',(0.,0.,-1.));
#4601=DIRECTION('center_axis',(1.,2.06949467309514E-16,0.));
#4602=DIRECTION('ref_axis',(0.,0.707106781186548,-0.707106781186548));
#4603=DIRECTION('',(-1.,-2.06949467309514E-16,0.));
#4604=DIRECTION('center_axis',(0.,0.,-1.));
#4605=DIRECTION('ref_axis',(1.,0.,0.));
#4606=DIRECTION('center_axis',(0.,0.,-1.));
#4607=DIRECTION('ref_axis',(0.707106781186549,-0.707106781186546,0.));
#4608=DIRECTION('center_axis',(0.,0.,-1.));
#4609=DIRECTION('ref_axis',(1.,0.,0.));
#4610=DIRECTION('center_axis',(0.,0.,1.));
#4611=DIRECTION('ref_axis',(-1.58603289232165E-16,1.,0.));
#4612=DIRECTION('center_axis',(0.,0.,1.));
#4613=DIRECTION('ref_axis',(-1.58603289232165E-16,1.,0.));
#4614=DIRECTION('',(0.,0.,-1.));
#4615=DIRECTION('center_axis',(-1.,-9.73879846162418E-17,0.));
#4616=DIRECTION('ref_axis',(0.,-0.707106781186549,-0.707106781186546));
#4617=DIRECTION('',(1.,9.73879846162418E-17,0.));
#4618=DIRECTION('center_axis',(0.,0.,-1.));
#4619=DIRECTION('ref_axis',(1.,0.,0.));
#4620=DIRECTION('center_axis',(0.,0.,-1.));
#4621=DIRECTION('ref_axis',(0.707106781186548,0.707106781186548,0.));
#4622=DIRECTION('center_axis',(0.,0.,-1.));
#4623=DIRECTION('ref_axis',(1.,0.,0.));
#4624=DIRECTION('center_axis',(0.,0.,1.));
#4625=DIRECTION('ref_axis',(-0.707106781186547,0.707106781186548,0.));
#4626=DIRECTION('center_axis',(0.,0.,1.));
#4627=DIRECTION('ref_axis',(-0.707106781186546,-0.707106781186549,0.));
#4628=DIRECTION('center_axis',(0.,0.,1.));
#4629=DIRECTION('ref_axis',(1.,0.,0.));
#4630=DIRECTION('',(0.,0.,-1.));
#4631=DIRECTION('center_axis',(0.,0.,1.));
#4632=DIRECTION('ref_axis',(1.,0.,0.));
#4633=DIRECTION('',(0.,0.,-1.));
#4634=DIRECTION('center_axis',(0.,0.,1.));
#4635=DIRECTION('ref_axis',(-0.707106781186548,0.707106781186547,0.));
#4636=DIRECTION('',(0.,0.,1.));
#4637=DIRECTION('center_axis',(0.,0.,1.));
#4638=DIRECTION('ref_axis',(-0.707106781186548,0.707106781186547,0.));
#4639=DIRECTION('',(0.,0.,-1.));
#4640=DIRECTION('center_axis',(0.382683432365094,0.,0.923879532511285));
#4641=DIRECTION('ref_axis',(0.923879532511285,0.,-0.382683432365094));
#4642=DIRECTION('center_axis',(-0.707106781186548,-7.63956719891365E-17,
-0.707106781186548));
#4643=DIRECTION('ref_axis',(-0.499999999999999,0.707106781186547,0.500000000000002));
#4644=DIRECTION('',(-0.707106781186548,-7.63956719891365E-17,-0.707106781186548));
#4645=DIRECTION('center_axis',(0.923879532511286,-1.70952054828993E-15,
0.382683432365092));
#4646=DIRECTION('ref_axis',(-0.382683432365092,4.32677920423276E-15,0.923879532511286));
#4647=DIRECTION('',(0.707106781186548,7.63956719891365E-17,0.707106781186548));
#4648=DIRECTION('center_axis',(1.,1.08039795433643E-16,0.));
#4649=DIRECTION('ref_axis',(0.,0.707106781186547,0.707106781186548));
#4650=DIRECTION('',(-1.,-1.08039795433643E-16,0.));
#4651=DIRECTION('center_axis',(0.923879532511288,-2.5642808224349E-15,-0.382683432365088));
#4652=DIRECTION('ref_axis',(-0.382683432365088,-6.47304313014844E-15,-0.923879532511288));
#4653=DIRECTION('',(1.,1.08039795433643E-16,0.));
#4654=DIRECTION('center_axis',(-0.707106781186548,-7.63956719891365E-17,
0.707106781186548));
#4655=DIRECTION('ref_axis',(0.5,0.707106781186548,0.5));
#4656=DIRECTION('',(-0.707106781186548,-7.63956719891365E-17,0.707106781186548));
#4657=DIRECTION('center_axis',(0.382683432365088,-3.41904109657986E-15,
-0.923879532511288));
#4658=DIRECTION('ref_axis',(0.923879532511288,8.45392689706972E-15,0.382683432365088));
#4659=DIRECTION('',(0.707106781186548,7.63956719891365E-17,-0.707106781186548));
#4660=DIRECTION('center_axis',(0.,0.,-1.));
#4661=DIRECTION('ref_axis',(0.707106781186548,0.707106781186547,0.));
#4662=DIRECTION('',(0.,0.,1.));
#4663=DIRECTION('center_axis',(0.,0.,1.));
#4664=DIRECTION('ref_axis',(0.707106781186548,0.707106781186547,0.));
#4665=DIRECTION('',(0.,0.,-1.));
#4666=DIRECTION('center_axis',(0.,-1.,0.));
#4667=DIRECTION('ref_axis',(-0.707106781186547,0.,0.707106781186548));
#4668=DIRECTION('',(0.,1.,0.));
#4669=DIRECTION('',(0.,-1.,0.));
#4670=DIRECTION('center_axis',(0.,-1.,0.));
#4671=DIRECTION('ref_axis',(-1.,0.,0.));
#4672=DIRECTION('',(0.,1.,0.));
#4673=DIRECTION('center_axis',(6.02557412872063E-17,-0.707106781186548,
-0.707106781186547));
#4674=DIRECTION('ref_axis',(-1.47196168001604E-16,-0.707106781186547,0.707106781186548));
#4675=DIRECTION('center_axis',(8.52144865392116E-17,-1.,0.));
#4676=DIRECTION('ref_axis',(-0.707106781186547,0.,0.707106781186548));
#4677=DIRECTION('center_axis',(6.02557412872061E-17,-0.707106781186545,
0.70710678118655));
#4678=DIRECTION('ref_axis',(0.,0.70710678118655,0.707106781186545));
#4679=DIRECTION('center_axis',(1.,0.,0.));
#4680=DIRECTION('ref_axis',(0.,-1.,0.));
#4681=DIRECTION('',(0.,1.,0.));
#4682=DIRECTION('',(0.,0.,-1.));
#4683=DIRECTION('center_axis',(-0.707106781186548,0.,0.707106781186548));
#4684=DIRECTION('ref_axis',(0.707106781186548,0.,0.707106781186548));
#4685=DIRECTION('',(0.,-1.,0.));
#4686=DIRECTION('',(-0.707106781186548,-1.46335371697501E-16,-0.707106781186548));
#4687=DIRECTION('center_axis',(0.,0.,1.));
#4688=DIRECTION('ref_axis',(1.,0.,0.));
#4689=DIRECTION('',(0.,1.,0.));
#4690=DIRECTION('',(-1.,-2.06949467309514E-16,0.));
#4691=DIRECTION('center_axis',(0.707106781186548,0.,0.707106781186548));
#4692=DIRECTION('ref_axis',(0.707106781186548,0.,-0.707106781186548));
#4693=DIRECTION('',(0.,-1.,0.));
#4694=DIRECTION('',(-0.707106781186548,-1.46335371697501E-16,0.707106781186548));
#4695=DIRECTION('center_axis',(-1.,0.,0.));
#4696=DIRECTION('ref_axis',(0.,1.,0.));
#4697=DIRECTION('',(0.,1.,0.));
#4698=DIRECTION('',(0.,0.,1.));
#4699=DIRECTION('center_axis',(0.,1.,0.));
#4700=DIRECTION('ref_axis',(0.707106781186547,0.,0.707106781186548));
#4701=DIRECTION('',(0.,-1.,0.));
#4702=DIRECTION('center_axis',(6.02557412872061E-17,-0.707106781186545,
0.70710678118655));
#4703=DIRECTION('ref_axis',(4.90653893338678E-17,0.70710678118655,0.707106781186545));
#4704=DIRECTION('center_axis',(8.52144865392116E-17,-1.,0.));
#4705=DIRECTION('ref_axis',(0.707106781186547,0.,0.707106781186548));
#4706=DIRECTION('center_axis',(6.02557412872063E-17,-0.707106781186548,
-0.707106781186547));
#4707=DIRECTION('ref_axis',(-1.47196168001604E-16,-0.707106781186547,0.707106781186548));
#4708=DIRECTION('',(0.,-1.,0.));
#4709=DIRECTION('center_axis',(0.,-1.,0.));
#4710=DIRECTION('ref_axis',(0.,0.,1.));
#4711=DIRECTION('center_axis',(0.,0.,1.));
#4712=DIRECTION('ref_axis',(0.707106781186547,-0.707106781186547,0.));
#4713=DIRECTION('',(0.,0.,1.));
#4714=DIRECTION('center_axis',(0.,0.,1.));
#4715=DIRECTION('ref_axis',(0.707106781186547,-0.707106781186547,0.));
#4716=DIRECTION('',(0.,0.,-1.));
#4717=DIRECTION('center_axis',(-0.382683432365094,0.,0.923879532511285));
#4718=DIRECTION('ref_axis',(-0.923879532511285,0.,-0.382683432365094));
#4719=DIRECTION('center_axis',(0.707106781186548,0.,-0.707106781186548));
#4720=DIRECTION('ref_axis',(0.499999999999999,-0.707106781186547,0.500000000000001));
#4721=DIRECTION('',(-0.707106781186548,0.,0.707106781186548));
#4722=DIRECTION('',(0.707106781186548,0.,-0.707106781186548));
#4723=DIRECTION('center_axis',(-0.923879532511286,1.70952054828992E-15,
0.382683432365092));
#4724=DIRECTION('ref_axis',(0.382683432365092,-4.12714769283706E-15,0.923879532511286));
#4725=DIRECTION('center_axis',(-1.,0.,0.));
#4726=DIRECTION('ref_axis',(0.,-0.707106781186547,0.707106781186547));
#4727=DIRECTION('',(-1.,0.,0.));
#4728=DIRECTION('',(1.,0.,0.));
#4729=DIRECTION('center_axis',(-0.923879532511288,2.56428082243489E-15,
-0.382683432365088));
#4730=DIRECTION('ref_axis',(0.382683432365088,6.19072153925559E-15,-0.923879532511288));
#4731=DIRECTION('center_axis',(0.707106781186548,0.,0.707106781186548));
#4732=DIRECTION('ref_axis',(-0.499999999999999,-0.707106781186549,0.499999999999998));
#4733=DIRECTION('',(-0.707106781186548,0.,-0.707106781186548));
#4734=DIRECTION('',(0.707106781186548,0.,0.707106781186548));
#4735=DIRECTION('center_axis',(-0.382683432365088,0.,-0.923879532511288));
#4736=DIRECTION('ref_axis',(-0.923879532511288,0.,0.382683432365088));
#4737=DIRECTION('center_axis',(0.,0.,-1.));
#4738=DIRECTION('ref_axis',(-0.707106781186547,-0.707106781186547,0.));
#4739=DIRECTION('',(0.,0.,1.));
#4740=DIRECTION('center_axis',(0.,0.,1.));
#4741=DIRECTION('ref_axis',(-0.707106781186547,-0.707106781186547,0.));
#4742=DIRECTION('',(0.,0.,-1.));
#4743=DIRECTION('center_axis',(0.,1.,0.));
#4744=DIRECTION('ref_axis',(0.707106781186547,0.,0.707106781186548));
#4745=DIRECTION('',(0.,1.,0.));
#4746=DIRECTION('',(0.,1.,0.));
#4747=DIRECTION('center_axis',(0.,1.,-1.11022302462516E-15));
#4748=DIRECTION('ref_axis',(1.,0.,0.));
#4749=DIRECTION('',(0.,-1.,0.));
#4750=DIRECTION('center_axis',(6.88637043282357E-17,0.707106781186548,-0.707106781186548));
#4751=DIRECTION('ref_axis',(-1.47196168001604E-16,0.707106781186547,0.707106781186547));
#4752=DIRECTION('center_axis',(9.73879846162418E-17,1.,0.));
#4753=DIRECTION('ref_axis',(0.707106781186547,0.,0.707106781186548));
#4754=DIRECTION('center_axis',(6.88637043282352E-17,0.707106781186542,0.707106781186553));
#4755=DIRECTION('ref_axis',(4.90653893338676E-17,-0.707106781186553,0.707106781186542));
#4756=DIRECTION('center_axis',(-1.,0.,0.));
#4757=DIRECTION('ref_axis',(0.,1.,0.));
#4758=DIRECTION('',(0.,-1.,0.));
#4759=DIRECTION('',(0.,0.,-1.));
#4760=DIRECTION('center_axis',(0.707106781186548,0.,0.707106781186548));
#4761=DIRECTION('ref_axis',(0.707106781186548,0.,-0.707106781186548));
#4762=DIRECTION('',(0.,1.,0.));
#4763=DIRECTION('',(0.707106781186548,6.88637043282358E-17,-0.707106781186548));
#4764=DIRECTION('center_axis',(0.,0.,1.));
#4765=DIRECTION('ref_axis',(1.,0.,0.));
#4766=DIRECTION('',(0.,-1.,0.));
#4767=DIRECTION('',(1.,9.73879846162418E-17,0.));
#4768=DIRECTION('center_axis',(-0.707106781186548,0.,0.707106781186548));
#4769=DIRECTION('ref_axis',(0.707106781186548,0.,0.707106781186548));
#4770=DIRECTION('',(0.,1.,0.));
#4771=DIRECTION('',(0.707106781186548,6.88637043282358E-17,0.707106781186548));
#4772=DIRECTION('center_axis',(1.,0.,0.));
#4773=DIRECTION('ref_axis',(0.,-1.,0.));
#4774=DIRECTION('',(0.,-1.,0.));
#4775=DIRECTION('',(0.,0.,1.));
#4776=DIRECTION('center_axis',(0.,-1.,0.));
#4777=DIRECTION('ref_axis',(-0.707106781186547,0.,0.707106781186548));
#4778=DIRECTION('',(0.,1.,0.));
#4779=DIRECTION('center_axis',(6.88637043282352E-17,0.707106781186542,0.707106781186553));
#4780=DIRECTION('ref_axis',(-4.90653893338676E-17,-0.707106781186553,0.707106781186542));
#4781=DIRECTION('center_axis',(9.73879846162418E-17,1.,0.));
#4782=DIRECTION('ref_axis',(-0.707106781186547,0.,0.707106781186548));
#4783=DIRECTION('center_axis',(6.88637043282357E-17,0.707106781186548,-0.707106781186548));
#4784=DIRECTION('ref_axis',(-1.47196168001604E-16,0.707106781186547,0.707106781186547));
#4785=DIRECTION('',(0.,1.,0.));
#4786=DIRECTION('center_axis',(0.,1.,0.));
#4787=DIRECTION('ref_axis',(0.,0.,1.));
#4788=DIRECTION('center_axis',(0.,-1.,0.));
#4789=DIRECTION('ref_axis',(0.,0.,-1.));
#4790=DIRECTION('center_axis',(-1.,0.,0.));
#4791=DIRECTION('ref_axis',(0.,0.,1.));
#4792=DIRECTION('center_axis',(0.,0.,-1.));
#4793=DIRECTION('ref_axis',(0.,1.,0.));
#4794=DIRECTION('center_axis',(0.,-1.,0.));
#4795=DIRECTION('ref_axis',(0.,0.,-1.));
#4796=DIRECTION('center_axis',(0.,0.,-1.));
#4797=DIRECTION('ref_axis',(1.,0.,0.));
#4798=DIRECTION('center_axis',(-1.,0.,0.));
#4799=DIRECTION('ref_axis',(0.,-1.,0.));
#4800=DIRECTION('center_axis',(-1.,-9.73879846162418E-17,0.));
#4801=DIRECTION('ref_axis',(0.,0.707106781186548,0.707106781186548));
#4802=DIRECTION('center_axis',(1.,-5.55111512312578E-15,0.));
#4803=DIRECTION('ref_axis',(5.55111512312578E-15,1.,0.));
#4804=DIRECTION('',(1.,9.73879846162418E-17,0.));
#4805=DIRECTION('center_axis',(0.,0.,1.));
#4806=DIRECTION('ref_axis',(1.,0.,0.));
#4807=DIRECTION('center_axis',(2.77555756156289E-15,1.,0.));
#4808=DIRECTION('ref_axis',(-1.,2.77555756156289E-15,0.));
#4809=DIRECTION('center_axis',(0.,0.,-1.));
#4810=DIRECTION('ref_axis',(-0.707106781186547,0.707106781186548,0.));
#4811=DIRECTION('center_axis',(0.,-1.,0.));
#4812=DIRECTION('ref_axis',(-0.707106781186548,0.,0.707106781186548));
#4813=DIRECTION('center_axis',(1.04083408558608E-15,1.,0.));
#4814=DIRECTION('ref_axis',(-1.,1.04083408558608E-15,0.));
#4815=DIRECTION('',(0.,1.,0.));
#4816=DIRECTION('center_axis',(0.,0.,1.));
#4817=DIRECTION('ref_axis',(1.,0.,0.));
#4818=DIRECTION('center_axis',(-1.,0.,0.));
#4819=DIRECTION('ref_axis',(0.,-1.,0.));
#4820=DIRECTION('center_axis',(0.,0.,-1.));
#4821=DIRECTION('ref_axis',(-0.707106781186548,-0.707106781186547,0.));
#4822=DIRECTION('center_axis',(1.,2.06949467309514E-16,0.));
#4823=DIRECTION('ref_axis',(0.,-0.707106781186548,0.707106781186548));
#4824=DIRECTION('',(-1.,-2.06949467309514E-16,0.));
#4825=DIRECTION('center_axis',(0.,0.,1.));
#4826=DIRECTION('ref_axis',(0.707106781186548,-0.707106781186547,0.));
#4827=DIRECTION('center_axis',(-0.382683432365094,-3.62644071682066E-15,
0.923879532511285));
#4828=DIRECTION('ref_axis',(-0.923879532511285,-8.75500236169035E-15,-0.382683432365094));
#4829=DIRECTION('center_axis',(0.707106781186548,1.46335371697501E-16,-0.707106781186548));
#4830=DIRECTION('ref_axis',(0.500000000000001,-0.707106781186546,0.500000000000001));
#4831=DIRECTION('center_axis',(-0.923879532511285,1.28214041121744E-15,
0.382683432365095));
#4832=DIRECTION('ref_axis',(0.382683432365095,-3.47775352385057E-15,0.923879532511285));
#4833=DIRECTION('center_axis',(-1.,-2.06949467309514E-16,0.));
#4834=DIRECTION('ref_axis',(0.,-0.707106781186548,0.707106781186547));
#4835=DIRECTION('center_axis',(-0.923879532511288,-1.01660043762101E-15,
-0.382683432365087));
#4836=DIRECTION('ref_axis',(0.382683432365087,-1.91350554484406E-15,-0.923879532511288));
#4837=DIRECTION('center_axis',(0.707106781186548,1.46335371697501E-16,0.707106781186548));
#4838=DIRECTION('ref_axis',(-0.5,-0.707106781186548,0.499999999999999));
#4839=DIRECTION('center_axis',(-0.382683432365089,0.,-0.923879532511287));
#4840=DIRECTION('ref_axis',(-0.923879532511287,-3.82392754222746E-16,0.382683432365089));
#4841=DIRECTION('center_axis',(0.,1.,0.));
#4842=DIRECTION('ref_axis',(0.,0.,1.));
#4843=DIRECTION('center_axis',(0.,0.,-1.));
#4844=DIRECTION('ref_axis',(-1.,0.,0.));
#4845=DIRECTION('center_axis',(1.,0.,0.));
#4846=DIRECTION('ref_axis',(0.,1.,0.));
#4847=DIRECTION('center_axis',(0.,1.,0.));
#4848=DIRECTION('ref_axis',(0.,0.,1.));
#4849=DIRECTION('center_axis',(1.,0.,0.));
#4850=DIRECTION('ref_axis',(0.,0.,1.));
#4851=DIRECTION('center_axis',(0.,0.,-1.));
#4852=DIRECTION('ref_axis',(0.,-1.,0.));
#4853=DIRECTION('center_axis',(1.,2.06949467309514E-16,0.));
#4854=DIRECTION('ref_axis',(0.,-0.707106781186548,0.707106781186548));
#4855=DIRECTION('center_axis',(-1.,0.,0.));
#4856=DIRECTION('ref_axis',(0.,-1.,0.));
#4857=DIRECTION('',(-1.,-2.06949467309514E-16,0.));
#4858=DIRECTION('center_axis',(0.,0.,1.));
#4859=DIRECTION('ref_axis',(1.,0.,0.));
#4860=DIRECTION('center_axis',(-3.46944695195361E-16,-1.,0.));
#4861=DIRECTION('ref_axis',(1.,-3.46944695195361E-16,0.));
#4862=DIRECTION('center_axis',(0.,0.,-1.));
#4863=DIRECTION('ref_axis',(0.707106781186547,-0.707106781186548,0.));
#4864=DIRECTION('center_axis',(5.69345140833414E-16,1.,0.));
#4865=DIRECTION('ref_axis',(0.707106781186548,0.,0.707106781186548));
#4866=DIRECTION('center_axis',(0.,-1.,0.));
#4867=DIRECTION('ref_axis',(1.,0.,0.));
#4868=DIRECTION('',(-5.69345140833414E-16,-1.,0.));
#4869=DIRECTION('center_axis',(0.,0.,1.));
#4870=DIRECTION('ref_axis',(1.,0.,0.));
#4871=DIRECTION('center_axis',(1.,0.,0.));
#4872=DIRECTION('ref_axis',(0.,1.,0.));
#4873=DIRECTION('center_axis',(0.,0.,-1.));
#4874=DIRECTION('ref_axis',(0.707106781186548,0.707106781186547,0.));
#4875=DIRECTION('center_axis',(-1.,-9.73879846162418E-17,0.));
#4876=DIRECTION('ref_axis',(0.,0.707106781186548,0.707106781186548));
#4877=DIRECTION('',(1.,9.73879846162418E-17,0.));
#4878=DIRECTION('center_axis',(0.,0.,-1.));
#4879=DIRECTION('ref_axis',(-0.707106781186548,-0.707106781186547,0.));
#4880=DIRECTION('center_axis',(0.,0.,1.));
#4881=DIRECTION('ref_axis',(-0.707106781186548,0.707106781186548,0.));
#4882=DIRECTION('center_axis',(0.382683432365091,2.56428082243489E-15,0.923879532511286));
#4883=DIRECTION('ref_axis',(0.923879532511286,6.19072153925551E-15,-0.382683432365091));
#4884=DIRECTION('center_axis',(-0.707106781186548,-6.88637043282358E-17,
-0.707106781186548));
#4885=DIRECTION('ref_axis',(-0.499999999999999,0.707106781186549,0.499999999999999));
#4886=DIRECTION('center_axis',(0.923879532511286,0.,0.382683432365093));
#4887=DIRECTION('ref_axis',(-0.382683432365093,1.79949531398941E-16,0.923879532511285));
#4888=DIRECTION('center_axis',(1.,9.73879846162418E-17,0.));
#4889=DIRECTION('ref_axis',(0.,0.707106781186548,0.707106781186547));
#4890=DIRECTION('center_axis',(0.923879532511287,0.,-0.38268343236509));
#4891=DIRECTION('ref_axis',(-0.38268343236509,-2.54487067847064E-16,-0.923879532511287));
#4892=DIRECTION('center_axis',(-0.707106781186548,-6.88637043282358E-17,
0.707106781186548));
#4893=DIRECTION('ref_axis',(0.499999999999999,0.707106781186549,0.499999999999999));
#4894=DIRECTION('center_axis',(0.382683432365089,0.,-0.923879532511287));
#4895=DIRECTION('ref_axis',(0.923879532511287,1.79949531398939E-16,0.382683432365089));
#4896=DIRECTION('center_axis',(0.,0.,-1.));
#4897=DIRECTION('ref_axis',(0.707106781186548,0.707106781186548,0.));
#4898=DIRECTION('center_axis',(0.,0.,1.));
#4899=DIRECTION('ref_axis',(-1.,0.,0.));
#4900=DIRECTION('',(-1.,9.73879846162418E-17,0.));
#4901=DIRECTION('center_axis',(0.,0.,1.));
#4902=DIRECTION('ref_axis',(0.707106781186546,0.707106781186549,0.));
#4903=DIRECTION('',(5.69345140833413E-16,1.,0.));
#4904=DIRECTION('center_axis',(0.,0.,1.));
#4905=DIRECTION('ref_axis',(0.707106781186548,-0.707106781186547,0.));
#4906=DIRECTION('',(1.,8.52144865392116E-17,0.));
#4907=DIRECTION('center_axis',(-1.,9.73879846162418E-17,0.));
#4908=DIRECTION('ref_axis',(0.,-0.38268343236509,0.923879532511286));
#4909=DIRECTION('',(1.,-9.73879846162418E-17,0.));
#4910=DIRECTION('center_axis',(1.,0.,0.));
#4911=DIRECTION('ref_axis',(0.,0.,1.));
#4912=DIRECTION('center_axis',(-6.88637043282357E-17,-0.707106781186548,
0.707106781186548));
#4913=DIRECTION('ref_axis',(1.,0.,9.73879846162418E-17));
#4914=DIRECTION('',(1.,-9.73879846162418E-17,0.));
#4915=DIRECTION('',(0.,0.707106781186547,0.707106781186548));
#4916=DIRECTION('center_axis',(-9.73879846162418E-17,-1.,0.));
#4917=DIRECTION('ref_axis',(1.,-9.73879846162418E-17,0.));
#4918=DIRECTION('',(-1.,9.73879846162418E-17,0.));
#4919=DIRECTION('',(0.,0.,1.));
#4920=DIRECTION('center_axis',(-6.88637043282352E-17,-0.707106781186542,
-0.707106781186553));
#4921=DIRECTION('ref_axis',(-1.,0.,9.73879846162404E-17));
#4922=DIRECTION('',(1.,-9.73879846162418E-17,0.));
#4923=DIRECTION('',(0.,-0.70710678118655,0.707106781186545));
#4924=DIRECTION('center_axis',(0.,-1.,0.));
#4925=DIRECTION('ref_axis',(1.,0.,0.));
#4926=DIRECTION('',(1.,0.,0.));
#4927=DIRECTION('',(0.,0.,1.));
#4928=DIRECTION('',(-1.,0.,0.));
#4929=DIRECTION('',(0.,0.,1.));
#4930=DIRECTION('',(1.,0.,0.));
#4931=DIRECTION('center_axis',(-6.88637043282352E-17,-0.707106781186542,
-0.707106781186553));
#4932=DIRECTION('ref_axis',(-1.,0.,9.73879846162404E-17));
#4933=DIRECTION('',(-1.,9.73879846162418E-17,0.));
#4934=DIRECTION('',(0.,-0.707106781186547,0.707106781186547));
#4935=DIRECTION('',(1.,-9.73879846162418E-17,0.));
#4936=DIRECTION('center_axis',(-9.73879846162418E-17,-1.,0.));
#4937=DIRECTION('ref_axis',(1.,-9.73879846162418E-17,0.));
#4938=DIRECTION('',(1.,-9.73879846162418E-17,0.));
#4939=DIRECTION('',(0.,0.,1.));
#4940=DIRECTION('center_axis',(-6.88637043282357E-17,-0.707106781186548,
0.707106781186548));
#4941=DIRECTION('ref_axis',(1.,0.,9.73879846162418E-17));
#4942=DIRECTION('',(1.,-9.73879846162418E-17,0.));
#4943=DIRECTION('',(-3.92523114670943E-15,0.707106781186548,0.707106781186546));
#4944=DIRECTION('center_axis',(-1.,9.73879846162418E-17,0.));
#4945=DIRECTION('ref_axis',(0.,-0.38268343236509,0.923879532511286));
#4946=DIRECTION('',(-1.,9.73879846162418E-17,0.));
#4947=DIRECTION('center_axis',(1.,0.,0.));
#4948=DIRECTION('ref_axis',(0.,0.,1.));
#4949=DIRECTION('center_axis',(0.,0.,1.));
#4950=DIRECTION('ref_axis',(1.,0.,0.));
#4951=DIRECTION('center_axis',(1.04672830578919E-14,1.,0.));
#4952=DIRECTION('ref_axis',(0.,0.,1.));
#4953=DIRECTION('center_axis',(0.,0.,-1.));
#4954=DIRECTION('ref_axis',(-0.70710678118655,0.707106781186545,0.));
#4955=DIRECTION('center_axis',(0.,0.,1.));
#4956=DIRECTION('ref_axis',(-0.707106781186548,0.707106781186547,0.));
#4957=DIRECTION('center_axis',(-2.84672570416707E-16,-1.,0.));
#4958=DIRECTION('ref_axis',(0.382683432365094,0.,0.923879532511285));
#4959=DIRECTION('center_axis',(6.54205191118237E-16,1.,0.));
#4960=DIRECTION('ref_axis',(0.,0.,1.));
#4961=DIRECTION('',(2.84672570416707E-16,1.,1.74315279842105E-32));
#4962=DIRECTION('',(-2.84672570416707E-16,-1.,0.));
#4963=DIRECTION('center_axis',(0.,0.,1.));
#4964=DIRECTION('ref_axis',(1.,0.,0.));
#4965=DIRECTION('center_axis',(-1.,1.04672830578919E-14,0.));
#4966=DIRECTION('ref_axis',(0.,0.,1.));
#4967=DIRECTION('center_axis',(0.,0.,-1.));
#4968=DIRECTION('ref_axis',(-0.707106781186545,-0.70710678118655,0.));
#4969=DIRECTION('center_axis',(0.,0.,1.));
#4970=DIRECTION('ref_axis',(-0.707106781186546,-0.707106781186549,0.));
#4971=DIRECTION('center_axis',(1.,8.52144865392116E-17,0.));
#4972=DIRECTION('ref_axis',(0.,0.382683432365089,0.923879532511287));
#4973=DIRECTION('',(-1.,-8.52144865392116E-17,0.));
#4974=DIRECTION('',(1.,8.52144865392116E-17,0.));
#4975=DIRECTION('center_axis',(0.,0.,1.));
#4976=DIRECTION('ref_axis',(-1.,0.,0.));
#4977=DIRECTION('center_axis',(1.,8.52144865392116E-17,0.));
#4978=DIRECTION('ref_axis',(0.,0.382683432365089,0.923879532511287));
#4979=DIRECTION('center_axis',(-1.,0.,0.));
#4980=DIRECTION('ref_axis',(0.,0.,1.));
#4981=DIRECTION('',(-1.,-8.52144865392116E-17,0.));
#4982=DIRECTION('center_axis',(0.,0.,1.));
#4983=DIRECTION('ref_axis',(1.,0.,0.));
#4984=DIRECTION('center_axis',(-3.27102595559118E-15,-1.,0.));
#4985=DIRECTION('ref_axis',(0.,0.,1.));
#4986=DIRECTION('center_axis',(0.,0.,-1.));
#4987=DIRECTION('ref_axis',(0.707106781186549,-0.707106781186546,0.));
#4988=DIRECTION('center_axis',(5.69345140833413E-16,1.,0.));
#4989=DIRECTION('ref_axis',(-0.382683432365087,0.,0.923879532511288));
#4990=DIRECTION('center_axis',(0.,-1.,0.));
#4991=DIRECTION('ref_axis',(0.,0.,1.));
#4992=DIRECTION('',(-5.69345140833413E-16,-1.,3.4863055968421E-32));
#4993=DIRECTION('center_axis',(0.,0.,1.));
#4994=DIRECTION('ref_axis',(1.,0.,0.));
#4995=DIRECTION('center_axis',(-1.72134340155302E-15,1.72134340155302E-15,
-1.));
#4996=DIRECTION('ref_axis',(0.707106781186547,0.707106781186547,0.));
#4997=DIRECTION('center_axis',(-6.02557412872063E-17,0.707106781186548,
0.707106781186547));
#4998=DIRECTION('ref_axis',(1.,0.,8.52144865392116E-17));
#4999=DIRECTION('',(0.,-0.707106781186548,0.707106781186547));
#5000=DIRECTION('',(-1.,-8.52144865392116E-17,0.));
#5001=DIRECTION('center_axis',(0.,0.,1.));
#5002=DIRECTION('ref_axis',(1.,5.55111512312576E-15,0.));
#5003=DIRECTION('center_axis',(0.,0.,-1.));
#5004=DIRECTION('ref_axis',(1.,5.55111512312576E-15,0.));
#5005=DIRECTION('',(0.707106781186548,3.92523114670943E-15,0.707106781186548));
#5006=DIRECTION('center_axis',(-0.707106781186548,4.02587809918917E-16,
0.707106781186548));
#5007=DIRECTION('ref_axis',(0.707106781186548,0.,0.707106781186548));
#5008=DIRECTION('',(-5.69345140833414E-16,-1.,0.));
#5009=DIRECTION('',(0.707106781186549,0.,0.707106781186546));
#5010=DIRECTION('center_axis',(0.,0.,1.));
#5011=DIRECTION('ref_axis',(0.,-1.,0.));
#5012=DIRECTION('center_axis',(0.,0.,-1.));
#5013=DIRECTION('ref_axis',(0.,-1.,0.));
#5014=DIRECTION('center_axis',(-8.52144865392116E-17,1.,0.));
#5015=DIRECTION('ref_axis',(-1.,-8.52144865392116E-17,0.));
#5016=DIRECTION('',(0.,0.,1.));
#5017=DIRECTION('',(1.,8.52144865392116E-17,0.));
#5018=DIRECTION('center_axis',(0.,0.,1.));
#5019=DIRECTION('ref_axis',(0.,-1.,0.));
#5020=DIRECTION('',(0.,0.,1.));
#5021=DIRECTION('center_axis',(0.,0.,1.));
#5022=DIRECTION('ref_axis',(0.,-1.,0.));
#5023=DIRECTION('center_axis',(-1.,5.69345140833414E-16,0.));
#5024=DIRECTION('ref_axis',(-5.69345140833414E-16,-1.,0.));
#5025=DIRECTION('',(0.,0.,1.));
#5026=DIRECTION('',(5.69345140833414E-16,1.,0.));
#5027=DIRECTION('center_axis',(0.,0.,1.));
#5028=DIRECTION('ref_axis',(1.,5.55111512312576E-15,0.));
#5029=DIRECTION('center_axis',(0.,0.,1.));
#5030=DIRECTION('ref_axis',(1.,5.55111512312576E-15,0.));
#5031=DIRECTION('center_axis',(-6.02557412872063E-17,0.707106781186548,
0.707106781186547));
#5032=DIRECTION('ref_axis',(1.,0.,8.52144865392116E-17));
#5033=DIRECTION('',(-1.,-8.52144865392116E-17,0.));
#5034=DIRECTION('',(0.,-0.707106781186547,0.707106781186548));
#5035=DIRECTION('center_axis',(0.,0.,1.));
#5036=DIRECTION('ref_axis',(-1.,-2.54426109809931E-15,0.));
#5037=DIRECTION('center_axis',(0.,0.,-1.));
#5038=DIRECTION('ref_axis',(-1.,-2.54426109809932E-15,0.));
#5039=DIRECTION('',(-0.707106781186548,-1.71728862668538E-15,0.707106781186548));
#5040=DIRECTION('center_axis',(0.707106781186548,-2.01293904959458E-16,
0.707106781186548));
#5041=DIRECTION('ref_axis',(0.707106781186548,0.,-0.707106781186548));
#5042=DIRECTION('',(2.84672570416707E-16,1.,0.));
#5043=DIRECTION('',(-0.707106781186548,0.,0.707106781186548));
#5044=DIRECTION('center_axis',(0.,0.,1.));
#5045=DIRECTION('ref_axis',(-3.70074341541719E-15,1.,0.));
#5046=DIRECTION('center_axis',(0.,0.,-1.));
#5047=DIRECTION('ref_axis',(-3.70074341541719E-15,1.,0.));
#5048=DIRECTION('center_axis',(0.,0.,1.));
#5049=DIRECTION('ref_axis',(-3.70074341541719E-15,1.,0.));
#5050=DIRECTION('',(0.,0.,1.));
#5051=DIRECTION('center_axis',(0.,0.,1.));
#5052=DIRECTION('ref_axis',(-3.70074341541719E-15,1.,0.));
#5053=DIRECTION('center_axis',(1.,-2.84672570416707E-16,0.));
#5054=DIRECTION('ref_axis',(2.84672570416707E-16,1.,0.));
#5055=DIRECTION('',(0.,0.,1.));
#5056=DIRECTION('',(-2.84672570416707E-16,-1.,0.));
#5057=DIRECTION('center_axis',(0.,0.,1.));
#5058=DIRECTION('ref_axis',(-1.,-2.54426109809931E-15,0.));
#5059=DIRECTION('',(0.,0.,1.));
#5060=DIRECTION('center_axis',(0.,0.,1.));
#5061=DIRECTION('ref_axis',(-1.,-2.54426109809931E-15,0.));
#5062=DIRECTION('center_axis',(-8.52144865392116E-17,1.,0.));
#5063=DIRECTION('ref_axis',(-1.,-8.52144865392116E-17,0.));
#5064=DIRECTION('',(1.,8.52144865392116E-17,0.));
#5065=DIRECTION('center_axis',(0.,0.,-1.));
#5066=DIRECTION('ref_axis',(1.,5.55111512312576E-15,0.));
#5067=DIRECTION('',(-0.707106781186547,-5.23364152894595E-15,0.707106781186547));
#5068=DIRECTION('center_axis',(0.,0.,-1.));
#5069=DIRECTION('ref_axis',(1.,5.55111512312576E-15,0.));
#5070=DIRECTION('center_axis',(-0.707106781186553,4.0258780991892E-16,-0.707106781186542));
#5071=DIRECTION('ref_axis',(-0.707106781186542,0.,0.707106781186553));
#5072=DIRECTION('',(-0.707106781186547,0.,0.707106781186547));
#5073=DIRECTION('',(-5.69345140833414E-16,-1.,0.));
#5074=DIRECTION('center_axis',(0.,0.,-1.));
#5075=DIRECTION('ref_axis',(0.,-1.,0.));
#5076=DIRECTION('',(0.,0.707106781186548,0.707106781186547));
#5077=DIRECTION('center_axis',(0.,0.,-1.));
#5078=DIRECTION('ref_axis',(0.,-1.,0.));
#5079=DIRECTION('center_axis',(-6.02557412872061E-17,0.707106781186545,
-0.70710678118655));
#5080=DIRECTION('ref_axis',(-1.,0.,8.5214486539211E-17));
#5081=DIRECTION('',(-1.,-8.52144865392116E-17,0.));
#5082=DIRECTION('center_axis',(-6.02557412872061E-17,0.707106781186545,
-0.70710678118655));
#5083=DIRECTION('ref_axis',(-1.,0.,8.5214486539211E-17));
#5084=DIRECTION('',(-1.,-8.52144865392116E-17,0.));
#5085=DIRECTION('',(0.,0.70710678118655,0.707106781186545));
#5086=DIRECTION('center_axis',(0.,0.,-1.));
#5087=DIRECTION('ref_axis',(-1.,-2.54426109809931E-15,0.));
#5088=DIRECTION('',(0.707106781186547,1.96261557335473E-15,0.707106781186547));
#5089=DIRECTION('center_axis',(0.,0.,-1.));
#5090=DIRECTION('ref_axis',(-1.,-2.54426109809931E-15,0.));
#5091=DIRECTION('center_axis',(0.707106781186548,-2.01293904959458E-16,
-0.707106781186548));
#5092=DIRECTION('ref_axis',(-0.707106781186548,0.,-0.707106781186548));
#5093=DIRECTION('',(0.707106781186547,0.,0.707106781186547));
#5094=DIRECTION('',(2.84672570416707E-16,1.,0.));
#5095=DIRECTION('center_axis',(0.,0.,-1.));
#5096=DIRECTION('ref_axis',(-3.70074341541719E-15,1.,0.));
#5097=DIRECTION('center_axis',(0.,0.,-1.));
#5098=DIRECTION('ref_axis',(-3.70074341541719E-15,1.,0.));
#5099=DIRECTION('center_axis',(-1.08039795433643E-16,1.,0.));
#5100=DIRECTION('ref_axis',(-1.,-1.08039795433643E-16,0.));
#5101=DIRECTION('',(-1.,-1.08039795433643E-16,0.));
#5102=DIRECTION('',(0.,0.,1.));
#5103=DIRECTION('',(1.,1.08039795433643E-16,0.));
#5104=DIRECTION('',(0.,0.,1.));
#5105=DIRECTION('',(-1.,-1.08039795433643E-16,0.));
#5106=DIRECTION('center_axis',(0.,0.,1.));
#5107=DIRECTION('ref_axis',(-1.,0.,0.));
#5108=DIRECTION('center_axis',(0.,0.,-1.));
#5109=DIRECTION('ref_axis',(1.,3.5059674461847E-15,0.));
#5110=DIRECTION('',(-5.69345140833414E-16,-1.,0.));
#5111=DIRECTION('center_axis',(0.,0.,-1.));
#5112=DIRECTION('ref_axis',(0.,-1.,0.));
#5113=DIRECTION('center_axis',(0.,0.,1.));
#5114=DIRECTION('ref_axis',(-1.,0.,0.));
#5115=DIRECTION('center_axis',(0.,0.,-1.));
#5116=DIRECTION('ref_axis',(-1.,-1.02257383847054E-15,0.));
#5117=DIRECTION('',(2.84672570416707E-16,1.,0.));
#5118=DIRECTION('center_axis',(0.,0.,-1.));
#5119=DIRECTION('ref_axis',(0.,1.,0.));
#5120=DIRECTION('center_axis',(-1.,5.69345140833414E-16,0.));
#5121=DIRECTION('ref_axis',(-5.69345140833414E-16,-1.,0.));
#5122=DIRECTION('',(5.69345140833414E-16,1.,0.));
#5123=DIRECTION('',(0.,0.,1.));
#5124=DIRECTION('',(0.,0.,1.));
#5125=DIRECTION('center_axis',(0.,0.,1.));
#5126=DIRECTION('ref_axis',(1.,3.5059674461847E-15,0.));
#5127=DIRECTION('center_axis',(0.,0.,1.));
#5128=DIRECTION('ref_axis',(1.,3.5059674461847E-15,0.));
#5129=DIRECTION('center_axis',(0.,0.,1.));
#5130=DIRECTION('ref_axis',(0.,1.,0.));
#5131=DIRECTION('center_axis',(0.,0.,1.));
#5132=DIRECTION('ref_axis',(0.,1.,0.));
#5133=DIRECTION('',(0.,0.,1.));
#5134=DIRECTION('center_axis',(1.,-2.84672570416707E-16,0.));
#5135=DIRECTION('ref_axis',(2.84672570416707E-16,1.,0.));
#5136=DIRECTION('',(-2.84672570416707E-16,-1.,0.));
#5137=DIRECTION('',(0.,0.,1.));
#5138=DIRECTION('center_axis',(0.,0.,1.));
#5139=DIRECTION('ref_axis',(-1.,-1.02257383847054E-15,0.));
#5140=DIRECTION('center_axis',(0.,0.,1.));
#5141=DIRECTION('ref_axis',(-1.,-1.02257383847054E-15,0.));
#5142=DIRECTION('center_axis',(0.,0.,1.));
#5143=DIRECTION('ref_axis',(0.,-1.,0.));
#5144=DIRECTION('center_axis',(0.,0.,1.));
#5145=DIRECTION('ref_axis',(0.,-1.,0.));
#5146=DIRECTION('center_axis',(0.,0.,-1.));
#5147=DIRECTION('ref_axis',(-1.,0.,0.));
#5148=DIRECTION('',(0.,-1.,0.));
#5149=DIRECTION('',(-1.,0.,0.));
#5150=DIRECTION('',(0.,-1.,0.));
#5151=DIRECTION('',(1.,1.70428973078423E-16,0.));
#5152=DIRECTION('',(0.,1.,0.));
#5153=DIRECTION('',(1.,0.,0.));
#5154=DIRECTION('',(0.,1.,0.));
#5155=DIRECTION('',(-1.,0.,0.));
#5156=DIRECTION('',(0.,1.,0.));
#5157=DIRECTION('',(1.,0.,0.));
#5158=DIRECTION('',(0.,1.,0.));
#5159=DIRECTION('',(-1.,0.,0.));
#5160=DIRECTION('center_axis',(0.,0.,1.));
#5161=DIRECTION('ref_axis',(0.857142857142856,-0.515078753637714,0.));
#5162=DIRECTION('',(3.29552359268863E-16,-1.,0.));
#5163=DIRECTION('center_axis',(0.,0.,1.));
#5164=DIRECTION('ref_axis',(-0.857142857142856,0.515078753637714,0.));
#5165=DIRECTION('',(3.29552359268864E-16,1.,0.));
#5166=DIRECTION('',(1.,1.70428973078423E-16,0.));
#5167=DIRECTION('',(0.,-1.,0.));
#5168=DIRECTION('',(-1.,0.,0.));
#5169=DIRECTION('',(0.,1.,0.));
#5170=DIRECTION('',(-1.,0.,0.));
#5171=DIRECTION('',(0.,1.,0.));
#5172=DIRECTION('',(0.,-1.,0.));
#5173=DIRECTION('',(-1.,0.,0.));
#5174=DIRECTION('',(0.,1.,0.));
#5175=DIRECTION('',(0.,-1.,0.));
#5176=DIRECTION('center_axis',(-1.70428973078423E-16,1.,0.));
#5177=DIRECTION('ref_axis',(-1.,-1.70428973078423E-16,0.));
#5178=DIRECTION('',(0.,0.,-1.));
#5179=DIRECTION('',(1.,-2.05596856412066E-16,0.));
#5180=DIRECTION('',(0.,0.,-1.));
#5181=DIRECTION('center_axis',(0.,-1.,0.));
#5182=DIRECTION('ref_axis',(1.,0.,0.));
#5183=DIRECTION('',(0.,0.,-1.));
#5184=DIRECTION('',(0.,0.,-1.));
#5185=DIRECTION('',(-1.,0.,0.));
#5186=DIRECTION('center_axis',(-1.70428973078423E-16,1.,0.));
#5187=DIRECTION('ref_axis',(-1.,-1.70428973078423E-16,0.));
#5188=DIRECTION('',(0.,0.,-1.));
#5189=DIRECTION('',(0.,0.,-1.));
#5190=DIRECTION('',(1.,0.,0.));
#5191=DIRECTION('center_axis',(0.,-1.,0.));
#5192=DIRECTION('ref_axis',(1.,0.,0.));
#5193=DIRECTION('',(0.,0.,-1.));
#5194=DIRECTION('',(0.,0.,-1.));
#5195=DIRECTION('',(-1.,0.,0.));
#5196=DIRECTION('center_axis',(0.,0.,-1.));
#5197=DIRECTION('ref_axis',(0.749999999999975,-0.661437827766176,0.));
#5198=DIRECTION('center_axis',(0.,0.,-1.));
#5199=DIRECTION('ref_axis',(0.749999999999975,-0.661437827766176,0.));
#5200=DIRECTION('',(0.,0.,-1.));
#5201=DIRECTION('',(0.,0.,-1.));
#5202=DIRECTION('center_axis',(0.,0.,-1.));
#5203=DIRECTION('ref_axis',(-0.749999999999977,0.661437827766174,0.));
#5204=DIRECTION('center_axis',(0.,0.,-1.));
#5205=DIRECTION('ref_axis',(-0.749999999999977,0.661437827766174,0.));
#5206=DIRECTION('',(0.,0.,-1.));
#5207=DIRECTION('',(0.,0.,-1.));
#5208=DIRECTION('center_axis',(0.,0.,-1.));
#5209=DIRECTION('ref_axis',(1.,0.,0.));
#5210=DIRECTION('',(0.,1.,0.));
#5211=DIRECTION('center_axis',(0.,0.,1.));
#5212=DIRECTION('ref_axis',(0.857142857142856,-0.515078753637715,0.));
#5213=DIRECTION('',(-7.69801162016676E-16,-1.,0.));
#5214=DIRECTION('center_axis',(0.,0.,-1.));
#5215=DIRECTION('ref_axis',(1.,0.,0.));
#5216=DIRECTION('',(0.,1.,0.));
#5217=DIRECTION('',(-7.69801162016676E-16,-1.,0.));
#5218=DIRECTION('center_axis',(0.,0.,1.));
#5219=DIRECTION('ref_axis',(-0.857142857142857,0.515078753637713,0.));
#5220=DIRECTION('center_axis',(0.,0.,1.));
#5221=DIRECTION('ref_axis',(1.,0.,0.));
#5222=DIRECTION('',(0.,1.,0.));
#5223=DIRECTION('',(-1.,0.,0.));
#5224=DIRECTION('',(0.,-1.,0.));
#5225=DIRECTION('center_axis',(-1.,0.,0.));
#5226=DIRECTION('ref_axis',(0.,1.,0.));
#5227=DIRECTION('',(0.,0.,-1.));
#5228=DIRECTION('center_axis',(0.,1.,0.));
#5229=DIRECTION('ref_axis',(1.,0.,0.));
#5230=DIRECTION('',(0.,0.,-1.));
#5231=DIRECTION('center_axis',(1.,0.,0.));
#5232=DIRECTION('ref_axis',(0.,-1.,0.));
#5233=DIRECTION('center_axis',(0.,0.,1.));
#5234=DIRECTION('ref_axis',(1.,0.,0.));
#5235=DIRECTION('',(0.,-1.,0.));
#5236=DIRECTION('',(1.,0.,0.));
#5237=DIRECTION('',(0.,1.,0.));
#5238=DIRECTION('center_axis',(1.,0.,0.));
#5239=DIRECTION('ref_axis',(0.,-1.,0.));
#5240=DIRECTION('',(0.,0.,-1.));
#5241=DIRECTION('center_axis',(0.,-1.,0.));
#5242=DIRECTION('ref_axis',(-1.,0.,0.));
#5243=DIRECTION('',(0.,0.,-1.));
#5244=DIRECTION('center_axis',(-1.,0.,0.));
#5245=DIRECTION('ref_axis',(0.,1.,0.));
#5246=DIRECTION('center_axis',(0.,0.,1.));
#5247=DIRECTION('ref_axis',(1.,0.,0.));
#5248=DIRECTION('',(0.,1.,0.));
#5249=DIRECTION('',(-1.,0.,0.));
#5250=DIRECTION('',(0.,-1.,0.));
#5251=DIRECTION('center_axis',(-1.,0.,0.));
#5252=DIRECTION('ref_axis',(0.,1.,0.));
#5253=DIRECTION('',(0.,0.,-1.));
#5254=DIRECTION('center_axis',(0.,1.,0.));
#5255=DIRECTION('ref_axis',(1.,0.,0.));
#5256=DIRECTION('',(0.,0.,-1.));
#5257=DIRECTION('center_axis',(1.,0.,0.));
#5258=DIRECTION('ref_axis',(0.,-1.,0.));
#5259=DIRECTION('center_axis',(0.,0.,1.));
#5260=DIRECTION('ref_axis',(1.,0.,0.));
#5261=DIRECTION('',(0.,-1.,0.));
#5262=DIRECTION('',(1.,0.,0.));
#5263=DIRECTION('',(0.,1.,0.));
#5264=DIRECTION('center_axis',(1.,0.,0.));
#5265=DIRECTION('ref_axis',(0.,-1.,0.));
#5266=DIRECTION('',(0.,0.,-1.));
#5267=DIRECTION('center_axis',(0.,-1.,0.));
#5268=DIRECTION('ref_axis',(-1.,0.,0.));
#5269=DIRECTION('',(0.,0.,-1.));
#5270=DIRECTION('center_axis',(-1.,0.,0.));
#5271=DIRECTION('ref_axis',(0.,1.,0.));
#5272=DIRECTION('center_axis',(0.,0.,-1.));
#5273=DIRECTION('ref_axis',(1.,0.,0.));
#5274=DIRECTION('',(0.,-1.,0.));
#5275=DIRECTION('center_axis',(0.,0.,-1.));
#5276=DIRECTION('ref_axis',(1.,0.,0.));
#5277=DIRECTION('',(0.,-1.,0.));
#5278=DIRECTION('center_axis',(1.,0.,0.));
#5279=DIRECTION('ref_axis',(0.,-1.,0.));
#5280=DIRECTION('center_axis',(0.,-1.,0.));
#5281=DIRECTION('ref_axis',(-1.,0.,0.));
#5282=DIRECTION('center_axis',(-1.,0.,0.));
#5283=DIRECTION('ref_axis',(0.,1.,0.));
#5284=DIRECTION('center_axis',(1.,3.29552359268863E-16,0.));
#5285=DIRECTION('ref_axis',(3.29552359268863E-16,-1.,0.));
#5286=DIRECTION('',(0.,0.,-1.));
#5287=DIRECTION('',(0.,0.,-1.));
#5288=DIRECTION('center_axis',(0.,0.,-1.));
#5289=DIRECTION('ref_axis',(-0.857142857142856,0.515078753637714,0.));
#5290=DIRECTION('',(0.,0.,-1.));
#5291=DIRECTION('center_axis',(-1.,3.29552359268864E-16,0.));
#5292=DIRECTION('ref_axis',(3.29552359268864E-16,1.,0.));
#5293=DIRECTION('',(0.,0.,-1.));
#5294=DIRECTION('center_axis',(0.,0.,-1.));
#5295=DIRECTION('ref_axis',(0.857142857142856,-0.515078753637714,0.));
#5296=DIRECTION('center_axis',(-1.,0.,0.));
#5297=DIRECTION('ref_axis',(0.,1.,0.));
#5298=DIRECTION('center_axis',(1.,0.,0.));
#5299=DIRECTION('ref_axis',(0.,-1.,0.));
#5300=DIRECTION('center_axis',(0.,-1.,0.));
#5301=DIRECTION('ref_axis',(-1.,0.,0.));
#5302=CARTESIAN_POINT('',(0.,0.,0.));
#5303=CARTESIAN_POINT('Origin',(-7.51762417471423,4.7,-0.58));
#5304=CARTESIAN_POINT('',(-7.50000000000019,1.6,-5.4473519927536));
#5305=CARTESIAN_POINT('',(-7.11576723190866,1.6261064413993,-5.51800847750416));
#5306=CARTESIAN_POINT('Ctrl Pts',(-7.50054375232746,1.59912196617066,-5.44746930385494));
#5307=CARTESIAN_POINT('Ctrl Pts',(-7.44224615562053,1.59921904439244,-5.45525309448393));
#5308=CARTESIAN_POINT('Ctrl Pts',(-7.38431394101996,1.60098027475557,-5.46459996422124));
#5309=CARTESIAN_POINT('Ctrl Pts',(-7.32670390244314,1.60439223666964,-5.47518464120131));
#5310=CARTESIAN_POINT('Ctrl Pts',(-7.26696310902458,1.60793039281214,-5.48616080119859));
#5311=CARTESIAN_POINT('Ctrl Pts',(-7.20756894629865,1.61324258328432,-5.49846814939178));
#5312=CARTESIAN_POINT('Ctrl Pts',(-7.14850649577108,1.62030457192012,-5.51170079375881));
#5313=CARTESIAN_POINT('Ctrl Pts',(-7.13799396973416,1.6215615353333,-5.51405607223445));
#5314=CARTESIAN_POINT('Ctrl Pts',(-7.12749203038117,1.62287393350538,-5.51644055620039));
#5315=CARTESIAN_POINT('Ctrl Pts',(-7.11700069146395,1.62424163824009,-5.5188518184543));
#5316=CARTESIAN_POINT('',(-7.50000000000019,1.6,-0.78));
#5317=CARTESIAN_POINT('',(-7.50000000000019,1.6,-0.58));
#5318=CARTESIAN_POINT('',(-6.3,1.84908751788382,-0.78));
#5319=CARTESIAN_POINT('Origin',(-7.51762417471423,4.7,-0.78));
#5320=CARTESIAN_POINT('',(-6.3,1.84908751788382,-0.58));
#5321=CARTESIAN_POINT('',(-6.3,1.84908751788382,-0.58));
#5322=CARTESIAN_POINT('',(-6.3,7.55091248211618,-0.58));
#5323=CARTESIAN_POINT('Origin',(-7.51762417471423,4.7,-0.58));
#5324=CARTESIAN_POINT('',(-6.3,7.55091248211618,-0.78));
#5325=CARTESIAN_POINT('',(-6.3,7.55091248211618,-0.58));
#5326=CARTESIAN_POINT('',(-7.50000000000029,7.8,-0.78));
#5327=CARTESIAN_POINT('Origin',(-7.51762417471423,4.7,-0.78));
#5328=CARTESIAN_POINT('',(-7.50000000000029,7.8,-5.44735199275359));
#5329=CARTESIAN_POINT('',(-7.50000000000029,7.8,-0.58));
#5330=CARTESIAN_POINT('',(-7.1157672322007,7.77389355854973,-5.51800847742241));
#5331=CARTESIAN_POINT('Ctrl Pts',(-7.11690042892499,7.77580483948957,-5.51910340676493));
#5332=CARTESIAN_POINT('Ctrl Pts',(-7.17500020708473,7.78334817100251,-5.50569138367883));
#5333=CARTESIAN_POINT('Ctrl Pts',(-7.23342214178013,7.78920552600887,-5.49311546214195));
#5334=CARTESIAN_POINT('Ctrl Pts',(-7.29217571850738,7.79335266044677,-5.4817718210864));
#5335=CARTESIAN_POINT('Ctrl Pts',(-7.34950352298317,7.79739915642939,-5.47070345601487));
#5336=CARTESIAN_POINT('Ctrl Pts',(-7.4071468550841,7.79981644549591,-5.46080818557716));
#5337=CARTESIAN_POINT('Ctrl Pts',(-7.46514239604787,7.80058512437058,-5.45241315733467));
#5338=CARTESIAN_POINT('Ctrl Pts',(-7.47691545955607,7.80074116576719,-5.45070897113328));
#5339=CARTESIAN_POINT('Ctrl Pts',(-7.48870313723082,7.80082930966678,-5.44906647475958));
#5340=CARTESIAN_POINT('Ctrl Pts',(-7.50050589380921,7.80084947067648,-5.44748820330855));
#5341=CARTESIAN_POINT('',(-5.25536287371067,6.81954816352827,-6.43917989620796));
#5342=CARTESIAN_POINT('Ctrl Pts',(-5.25536287371067,6.81954816352827,-6.43917989620796));
#5343=CARTESIAN_POINT('Ctrl Pts',(-5.35419470025921,6.92503452159057,-6.36509941824817));
#5344=CARTESIAN_POINT('Ctrl Pts',(-5.45848012355528,7.02139721993202,-6.28990882251458));
#5345=CARTESIAN_POINT('Ctrl Pts',(-5.79867425178737,7.29738881671768,-6.0604570153181));
#5346=CARTESIAN_POINT('Ctrl Pts',(-6.08350875932151,7.46899634492799,-5.89261409610452));
#5347=CARTESIAN_POINT('Ctrl Pts',(-6.62624860176076,7.67920981499806,-5.65698587032738));
#5348=CARTESIAN_POINT('Ctrl Pts',(-6.87022124931627,7.74179278601103,-5.57424377780344));
#5349=CARTESIAN_POINT('Ctrl Pts',(-7.11576723220078,7.77389355854885,-5.51800847742225));
#5350=CARTESIAN_POINT('',(-4.53772640255045,5.55470455655021,-6.90437616414317));
#5351=CARTESIAN_POINT('Ctrl Pts',(-4.53772640255045,5.55470455655021,-6.90437616414317));
#5352=CARTESIAN_POINT('Ctrl Pts',(-4.53817541565544,5.55627002515685,-6.90438050998883));
#5353=CARTESIAN_POINT('Ctrl Pts',(-4.53862566516953,5.55783514968318,-6.9043826829709));
#5354=CARTESIAN_POINT('Ctrl Pts',(-4.62953703375141,5.87291987082364,-6.9043826829709));
#5355=CARTESIAN_POINT('Ctrl Pts',(-4.77068913088068,6.17140983020804,-6.8096264071846));
#5356=CARTESIAN_POINT('Ctrl Pts',(-5.04141850608385,6.57260708936592,-6.6032785711947));
#5357=CARTESIAN_POINT('Ctrl Pts',(-5.14499622299683,6.70175032004088,-6.52190642794606));
#5358=CARTESIAN_POINT('Ctrl Pts',(-5.25536287371067,6.81954816352827,-6.43917989620796));
#5359=CARTESIAN_POINT('',(-4.53772640255047,3.8452954434497,-6.90437616414313));
#5360=CARTESIAN_POINT('Ctrl Pts',(-4.53772640255047,3.8452954434497,-6.90437616414313));
#5361=CARTESIAN_POINT('Ctrl Pts',(-4.5127929324781,3.93222512149055,-6.90413484153683));
#5362=CARTESIAN_POINT('Ctrl Pts',(-4.49163361214442,4.02034911955412,-6.90393010686007));
#5363=CARTESIAN_POINT('Ctrl Pts',(-4.39745502781028,4.50565958050382,-6.90301897127087));
#5364=CARTESIAN_POINT('Ctrl Pts',(-4.39868164169755,4.91312237397585,-6.90303082008349));
#5365=CARTESIAN_POINT('Ctrl Pts',(-4.49455390348787,5.39173411989029,-6.90395836367535));
#5366=CARTESIAN_POINT('Ctrl Pts',(-4.51450348293018,5.47373865329249,-6.90415139737495));
#5367=CARTESIAN_POINT('Ctrl Pts',(-4.53772640255045,5.55470455655021,-6.90437616414317));
#5368=CARTESIAN_POINT('',(-5.25536287371075,2.58045183647165,-6.43917989620788));
#5369=CARTESIAN_POINT('Ctrl Pts',(-5.25536287371074,2.58045183647165,-6.43917989620788));
#5370=CARTESIAN_POINT('Ctrl Pts',(-5.14499622299688,2.69824967995907,-6.52190642794599));
#5371=CARTESIAN_POINT('Ctrl Pts',(-5.04141850608387,2.82739291063405,-6.60327857119465));
#5372=CARTESIAN_POINT('Ctrl Pts',(-4.77068913088068,3.22859016979196,-6.80962640718456));
#5373=CARTESIAN_POINT('Ctrl Pts',(-4.62953703375141,3.52708012917636,-6.90438268297086));
#5374=CARTESIAN_POINT('Ctrl Pts',(-4.53862566516954,3.84216485031678,-6.90438268297086));
#5375=CARTESIAN_POINT('Ctrl Pts',(-4.53817541565545,3.84372997484309,-6.90438050998879));
#5376=CARTESIAN_POINT('Ctrl Pts',(-4.53772640255047,3.8452954434497,-6.90437616414313));
#5377=CARTESIAN_POINT('Ctrl Pts',(-7.11576723191645,1.62610644148832,-5.51800847748736));
#5378=CARTESIAN_POINT('Ctrl Pts',(-6.87022124912766,1.65820721403672,-5.57424377786679));
#5379=CARTESIAN_POINT('Ctrl Pts',(-6.62624860167266,1.72079018503607,-5.65698587036562));
#5380=CARTESIAN_POINT('Ctrl Pts',(-6.0835087593215,1.93100365507201,-5.89261409610451));
#5381=CARTESIAN_POINT('Ctrl Pts',(-5.79867425178736,2.10261118328232,-6.06045701531808));
#5382=CARTESIAN_POINT('Ctrl Pts',(-5.4584801235553,2.37860278006797,-6.28990882251454));
#5383=CARTESIAN_POINT('Ctrl Pts',(-5.35419470025926,2.47496547840938,-6.36509941824811));
#5384=CARTESIAN_POINT('Ctrl Pts',(-5.25536287371075,2.58045183647165,-6.43917989620788));
#5385=CARTESIAN_POINT('Origin',(-7.51762417471423,4.7,-0.58));
#5386=CARTESIAN_POINT('',(-7.85308033927186,1.61815318790913,-5.4222533622589));
#5387=CARTESIAN_POINT('',(-7.53524834942826,1.6,-5.44293497414506));
#5388=CARTESIAN_POINT('Ctrl Pts',(-7.85304906119686,1.61829943071515,-5.42181966729217));
#5389=CARTESIAN_POINT('Ctrl Pts',(-7.79656650096032,1.61215172603767,-5.42225006124424));
#5390=CARTESIAN_POINT('Ctrl Pts',(-7.74022989083634,1.60743824983416,-5.42454900356781));
#5391=CARTESIAN_POINT('Ctrl Pts',(-7.68392687761874,1.60422723797196,-5.42856311616241));
#5392=CARTESIAN_POINT('Ctrl Pts',(-7.63451844743618,1.6014094304277,-5.4320856807738));
#5393=CARTESIAN_POINT('Ctrl Pts',(-7.58513639368135,1.59974760149528,-5.43692908503603));
#5394=CARTESIAN_POINT('Ctrl Pts',(-7.53571812943378,1.5992647457485,-5.44297016499792));
#5395=CARTESIAN_POINT('',(-9.067778220245,2.01535234217618,-5.43));
#5396=CARTESIAN_POINT('Ctrl Pts',(-9.067778220245,2.01535234217618,-5.43));
#5397=CARTESIAN_POINT('Ctrl Pts',(-8.94939968414265,1.94699887832096,-5.43));
#5398=CARTESIAN_POINT('Ctrl Pts',(-8.82514618592396,1.88568931991916,-5.42832982209344));
#5399=CARTESIAN_POINT('Ctrl Pts',(-8.4261989580173,1.7218204330569,-5.42286535439681));
#5400=CARTESIAN_POINT('Ctrl Pts',(-8.14299660745672,1.64971030456613,-5.42010938091942));
#5401=CARTESIAN_POINT('Ctrl Pts',(-7.85308033927186,1.61815318790913,-5.4222533622589));
#5402=CARTESIAN_POINT('',(-10.15,3.06265210600026,-5.43));
#5403=CARTESIAN_POINT('Origin',(-7.51762417471423,4.7,-5.43));
#5404=CARTESIAN_POINT('',(-10.15,6.33734789399974,-5.43));
#5405=CARTESIAN_POINT('Ctrl Pts',(-10.15,6.33734789399974,-5.43));
#5406=CARTESIAN_POINT('Ctrl Pts',(-10.2223293949874,6.22106341254032,-5.43));
#5407=CARTESIAN_POINT('Ctrl Pts',(-10.2872963930765,6.09935215657542,-5.42739289135807));
#5408=CARTESIAN_POINT('Ctrl Pts',(-10.5262231216371,5.56923950799843,-5.41191999115971));
#5409=CARTESIAN_POINT('Ctrl Pts',(-10.617674272944,5.12245228836017,-5.39332259034117));
#5410=CARTESIAN_POINT('Ctrl Pts',(-10.617674272944,4.27754771163983,-5.39332259034117));
#5411=CARTESIAN_POINT('Ctrl Pts',(-10.5262231216371,3.83076049200157,-5.41191999115971));
#5412=CARTESIAN_POINT('Ctrl Pts',(-10.2872963930765,3.30064784342458,-5.42739289135807));
#5413=CARTESIAN_POINT('Ctrl Pts',(-10.2223293949874,3.17893658745968,-5.43));
#5414=CARTESIAN_POINT('Ctrl Pts',(-10.15,3.06265210600026,-5.43));
#5415=CARTESIAN_POINT('',(-9.06777822024499,7.38464765782382,-5.43));
#5416=CARTESIAN_POINT('Origin',(-7.51762417471423,4.7,-5.43));
#5417=CARTESIAN_POINT('',(-7.85308033927188,7.78184681209086,-5.4222533622589));
#5418=CARTESIAN_POINT('Ctrl Pts',(-7.85308033927188,7.78184681209086,-5.4222533622589));
#5419=CARTESIAN_POINT('Ctrl Pts',(-8.1891985036895,7.74526066191905,-5.41976770984318));
#5420=CARTESIAN_POINT('Ctrl Pts',(-8.51553709490431,7.65429456938743,-5.4244853020983));
#5421=CARTESIAN_POINT('Ctrl Pts',(-8.9053290339675,7.47366465702216,-5.42923027870992));
#5422=CARTESIAN_POINT('Ctrl Pts',(-8.98765208620354,7.43091363633133,-5.43));
#5423=CARTESIAN_POINT('Ctrl Pts',(-9.06777822024499,7.38464765782382,-5.43));
#5424=CARTESIAN_POINT('',(-7.53524834942816,7.8,-5.44293497414507));
#5425=CARTESIAN_POINT('Ctrl Pts',(-7.53568587971664,7.800708628406,-5.44298206358384));
#5426=CARTESIAN_POINT('Ctrl Pts',(-7.59221418843707,7.80016011612349,-5.43606300861425));
#5427=CARTESIAN_POINT('Ctrl Pts',(-7.64869415474416,7.79807151661785,-5.43071739224756));
#5428=CARTESIAN_POINT('Ctrl Pts',(-7.70521879569932,7.79447521862977,-5.42712314965788));
#5429=CARTESIAN_POINT('Ctrl Pts',(-7.75443643604133,7.79134381791765,-5.42399353864061));
#5430=CARTESIAN_POINT('Ctrl Pts',(-7.80368807241735,7.78706933811932,-5.42219073811734));
#5431=CARTESIAN_POINT('Ctrl Pts',(-7.85304825360969,7.78169679335499,-5.42181453945282));
#5432=CARTESIAN_POINT('',(-7.53524834942816,7.8,-0.78));
#5433=CARTESIAN_POINT('',(-7.53524834942816,7.8,-0.58));
#5434=CARTESIAN_POINT('',(-8.7,7.56571073545711,-0.78));
#5435=CARTESIAN_POINT('Origin',(-7.51762417471423,4.7,-0.78));
#5436=CARTESIAN_POINT('',(-8.7,7.56571073545711,-0.58));
#5437=CARTESIAN_POINT('',(-8.7,7.56571073545711,-0.58));
#5438=CARTESIAN_POINT('',(-8.7,1.83428926454289,-0.58));
#5439=CARTESIAN_POINT('Origin',(-7.51762417471423,4.7,-0.58));
#5440=CARTESIAN_POINT('',(-8.7,1.83428926454289,-0.78));
#5441=CARTESIAN_POINT('',(-8.7,1.83428926454289,-0.58));
#5442=CARTESIAN_POINT('',(-7.53524834942826,1.6,-0.78));
#5443=CARTESIAN_POINT('Origin',(-7.51762417471423,4.7,-0.78));
#5444=CARTESIAN_POINT('',(-7.53524834942826,1.6,-0.58));
#5445=CARTESIAN_POINT('Origin',(7.51762417471423,4.7,-0.58));
#5446=CARTESIAN_POINT('',(7.50000000000009,7.8,-5.44735199275361));
#5447=CARTESIAN_POINT('',(7.11576723190868,7.7738935586007,-5.51800847750416));
#5448=CARTESIAN_POINT('Ctrl Pts',(7.50056059922598,7.80087727140658,-5.44748133910891));
#5449=CARTESIAN_POINT('Ctrl Pts',(7.44224020307353,7.80078124649448,-5.45527407954448));
#5450=CARTESIAN_POINT('Ctrl Pts',(7.38428595107787,7.79901989462187,-5.46463241293876));
#5451=CARTESIAN_POINT('Ctrl Pts',(7.32665365691812,7.79560686834775,-5.47523044172632));
#5452=CARTESIAN_POINT('Ctrl Pts',(7.26689830431787,7.79206811301244,-5.4862188806962));
#5453=CARTESIAN_POINT('Ctrl Pts',(7.20748924842286,7.78675482092509,-5.4985401591845));
#5454=CARTESIAN_POINT('Ctrl Pts',(7.14841045644562,7.77969148009315,-5.51178784297433));
#5455=CARTESIAN_POINT('Ctrl Pts',(7.1379451616604,7.77844027062354,-5.51413455507594));
#5456=CARTESIAN_POINT('Ctrl Pts',(7.12749030735611,7.77713414581023,-5.5165102295549));
#5457=CARTESIAN_POINT('Ctrl Pts',(7.11704590078761,7.77577323327243,-5.51891247079094));
#5458=CARTESIAN_POINT('',(7.50000000000009,7.8,-0.78));
#5459=CARTESIAN_POINT('',(7.50000000000009,7.8,-0.58));
#5460=CARTESIAN_POINT('',(6.3,7.55091248211618,-0.78));
#5461=CARTESIAN_POINT('Origin',(7.51762417471423,4.7,-0.78));
#5462=CARTESIAN_POINT('',(6.3,7.55091248211618,-0.58));
#5463=CARTESIAN_POINT('',(6.3,7.55091248211618,-0.58));
#5464=CARTESIAN_POINT('',(6.3,1.84908751788382,-0.58));
#5465=CARTESIAN_POINT('Origin',(7.51762417471423,4.7,-0.58));
#5466=CARTESIAN_POINT('',(6.3,1.84908751788382,-0.78));
#5467=CARTESIAN_POINT('',(6.3,1.84908751788382,-0.58));
#5468=CARTESIAN_POINT('',(7.50000000000009,1.6,-0.78));
#5469=CARTESIAN_POINT('Origin',(7.51762417471423,4.7,-0.78));
#5470=CARTESIAN_POINT('',(7.50000000000009,1.6,-5.44735199275361));
#5471=CARTESIAN_POINT('',(7.50000000000009,1.6,-0.58));
#5472=CARTESIAN_POINT('',(7.1157672322007,1.62610644145027,-5.51800847742241));
#5473=CARTESIAN_POINT('Ctrl Pts',(7.11506336154495,1.62631155103132,-5.51789556522591));
#5474=CARTESIAN_POINT('Ctrl Pts',(7.13108904249596,1.62422693237188,-5.51422822246268));
#5475=CARTESIAN_POINT('Ctrl Pts',(7.14714561396719,1.62226497701206,-5.51062579967406));
#5476=CARTESIAN_POINT('Ctrl Pts',(7.16323308348056,1.62042500644861,-5.50709704201391));
#5477=CARTESIAN_POINT('Ctrl Pts',(7.21866657466019,1.61408491723102,-5.49493780488425));
#5478=CARTESIAN_POINT('Ctrl Pts',(7.27446262858011,1.60919171470973,-5.48365513794294));
#5479=CARTESIAN_POINT('Ctrl Pts',(7.33057284652745,1.60579624489291,-5.47355625949855));
#5480=CARTESIAN_POINT('Ctrl Pts',(7.38668306447479,1.60240077507609,-5.46345738105415));
#5481=CARTESIAN_POINT('Ctrl Pts',(7.44310759770184,1.60050400705985,-5.45454257571096));
#5482=CARTESIAN_POINT('Ctrl Pts',(7.49985076559781,1.6001657309274,-5.44709082012341));
#5483=CARTESIAN_POINT('',(5.25536287371075,2.58045183647164,-6.43917989620787));
#5484=CARTESIAN_POINT('Ctrl Pts',(5.25536287371075,2.58045183647165,-6.43917989620787));
#5485=CARTESIAN_POINT('Ctrl Pts',(5.35419470025926,2.47496547840938,-6.36509941824811));
#5486=CARTESIAN_POINT('Ctrl Pts',(5.4584801235553,2.37860278006796,-6.28990882251454));
#5487=CARTESIAN_POINT('Ctrl Pts',(5.79867425178736,2.10261118328232,-6.06045701531809));
#5488=CARTESIAN_POINT('Ctrl Pts',(6.0835087593215,1.93100365507201,-5.89261409610451));
#5489=CARTESIAN_POINT('Ctrl Pts',(6.62624860176075,1.72079018500194,-5.65698587032738));
#5490=CARTESIAN_POINT('Ctrl Pts',(6.87022124931627,1.65820721398897,-5.57424377780343));
#5491=CARTESIAN_POINT('Ctrl Pts',(7.11576723220078,1.62610644145115,-5.51800847742224));
#5492=CARTESIAN_POINT('',(4.53772640255047,3.8452954434497,-6.90437616414313));
#5493=CARTESIAN_POINT('Ctrl Pts',(4.53772640255047,3.8452954434497,-6.90437616414313));
#5494=CARTESIAN_POINT('Ctrl Pts',(4.53817541565545,3.84372997484309,-6.90438050998879));
#5495=CARTESIAN_POINT('Ctrl Pts',(4.53862566516954,3.84216485031678,-6.90438268297086));
#5496=CARTESIAN_POINT('Ctrl Pts',(4.62953703375141,3.52708012917636,-6.90438268297086));
#5497=CARTESIAN_POINT('Ctrl Pts',(4.77068913088068,3.22859016979195,-6.80962640718456));
#5498=CARTESIAN_POINT('Ctrl Pts',(5.04141850608387,2.82739291063405,-6.60327857119465));
#5499=CARTESIAN_POINT('Ctrl Pts',(5.14499622299688,2.69824967995906,-6.52190642794599));
#5500=CARTESIAN_POINT('Ctrl Pts',(5.25536287371075,2.58045183647164,-6.43917989620787));
#5501=CARTESIAN_POINT('',(4.53772640255045,5.55470455655021,-6.90437616414317));
#5502=CARTESIAN_POINT('Ctrl Pts',(4.53772640255045,5.55470455655021,-6.90437616414317));
#5503=CARTESIAN_POINT('Ctrl Pts',(4.51279293247807,5.46777487850935,-6.90413484153687));
#5504=CARTESIAN_POINT('Ctrl Pts',(4.49163361214439,5.37965088044577,-6.90393010686011));
#5505=CARTESIAN_POINT('Ctrl Pts',(4.39745502781027,4.89434041949604,-6.90301897127088));
#5506=CARTESIAN_POINT('Ctrl Pts',(4.39868164169756,4.486877626024,-6.90303082008348));
#5507=CARTESIAN_POINT('Ctrl Pts',(4.4945539034879,4.00826588010958,-6.90395836367532));
#5508=CARTESIAN_POINT('Ctrl Pts',(4.5145034829302,3.9262613467074,-6.90415139737491));
#5509=CARTESIAN_POINT('Ctrl Pts',(4.53772640255047,3.8452954434497,-6.90437616414313));
#5510=CARTESIAN_POINT('',(5.25536287371066,6.81954816352826,-6.43917989620796));
#5511=CARTESIAN_POINT('Ctrl Pts',(5.25536287371066,6.81954816352826,-6.43917989620796));
#5512=CARTESIAN_POINT('Ctrl Pts',(5.14499622299683,6.70175032004087,-6.52190642794606));
#5513=CARTESIAN_POINT('Ctrl Pts',(5.04141850608385,6.57260708936592,-6.6032785711947));
#5514=CARTESIAN_POINT('Ctrl Pts',(4.77068913088068,6.17140983020805,-6.8096264071846));
#5515=CARTESIAN_POINT('Ctrl Pts',(4.62953703375141,5.87291987082364,-6.9043826829709));
#5516=CARTESIAN_POINT('Ctrl Pts',(4.53862566516953,5.55783514968318,-6.9043826829709));
#5517=CARTESIAN_POINT('Ctrl Pts',(4.53817541565543,5.55627002515685,-6.90438050998883));
#5518=CARTESIAN_POINT('Ctrl Pts',(4.53772640255045,5.55470455655021,-6.90437616414317));
#5519=CARTESIAN_POINT('Ctrl Pts',(7.11576723191647,7.77389355851168,-5.51800847748736));
#5520=CARTESIAN_POINT('Ctrl Pts',(6.87022124912768,7.74179278596328,-5.57424377786679));
#5521=CARTESIAN_POINT('Ctrl Pts',(6.62624860167266,7.67920981496394,-5.65698587036563));
#5522=CARTESIAN_POINT('Ctrl Pts',(6.0835087593215,7.46899634492799,-5.89261409610452));
#5523=CARTESIAN_POINT('Ctrl Pts',(5.79867425178736,7.29738881671768,-6.0604570153181));
#5524=CARTESIAN_POINT('Ctrl Pts',(5.45848012355527,7.02139721993201,-6.28990882251458));
#5525=CARTESIAN_POINT('Ctrl Pts',(5.3541947002592,6.92503452159057,-6.36509941824818));
#5526=CARTESIAN_POINT('Ctrl Pts',(5.25536287371066,6.81954816352826,-6.43917989620796));
#5527=CARTESIAN_POINT('Origin',(7.51762417471423,4.7,-0.58));
#5528=CARTESIAN_POINT('',(7.85308033927188,7.78184681209086,-5.4222533622589));
#5529=CARTESIAN_POINT('',(7.53524834942836,7.8,-5.44293497414505));
#5530=CARTESIAN_POINT('Ctrl Pts',(7.85304825360969,7.781696793355,-5.42181453945282));
#5531=CARTESIAN_POINT('Ctrl Pts',(7.79655384475558,7.78784585385621,-5.42224511163977));
#5532=CARTESIAN_POINT('Ctrl Pts',(7.74020719916812,7.79256023205068,-5.42454647727214));
#5533=CARTESIAN_POINT('Ctrl Pts',(7.68389532917995,7.7957717096571,-5.42856487515701));
#5534=CARTESIAN_POINT('Ctrl Pts',(7.63450132710118,7.79858865982411,-5.43208961609566));
#5535=CARTESIAN_POINT('Ctrl Pts',(7.58513458388867,7.80025034029418,-5.4369354447808));
#5536=CARTESIAN_POINT('Ctrl Pts',(7.53573209677858,7.80073387745865,-5.44297916173817));
#5537=CARTESIAN_POINT('',(9.06777822024499,7.38464765782382,-5.43));
#5538=CARTESIAN_POINT('Ctrl Pts',(9.06777822024499,7.38464765782383,-5.43));
#5539=CARTESIAN_POINT('Ctrl Pts',(8.94939968414267,7.45300112167903,-5.43));
#5540=CARTESIAN_POINT('Ctrl Pts',(8.82514618592398,7.51431068008083,-5.42832982209344));
#5541=CARTESIAN_POINT('Ctrl Pts',(8.42619895801732,7.6781795669431,-5.42286535439681));
#5542=CARTESIAN_POINT('Ctrl Pts',(8.14299660745673,7.75028969543386,-5.42010938091942));
#5543=CARTESIAN_POINT('Ctrl Pts',(7.85308033927188,7.78184681209086,-5.4222533622589));
#5544=CARTESIAN_POINT('',(10.15,6.33734789399975,-5.43));
#5545=CARTESIAN_POINT('Origin',(7.51762417471423,4.7,-5.43));
#5546=CARTESIAN_POINT('',(10.15,3.06265210600025,-5.43));
#5547=CARTESIAN_POINT('Ctrl Pts',(10.15,3.06265210600025,-5.43));
#5548=CARTESIAN_POINT('Ctrl Pts',(10.2223293949874,3.17893658745967,-5.43));
#5549=CARTESIAN_POINT('Ctrl Pts',(10.2872963930765,3.30064784342457,-5.42739289135807));
#5550=CARTESIAN_POINT('Ctrl Pts',(10.5262231216371,3.83076049200157,-5.41191999115971));
#5551=CARTESIAN_POINT('Ctrl Pts',(10.617674272944,4.27754771163982,-5.39332259034117));
#5552=CARTESIAN_POINT('Ctrl Pts',(10.617674272944,5.12245228836017,-5.39332259034117));
#5553=CARTESIAN_POINT('Ctrl Pts',(10.5262231216371,5.56923950799843,-5.41191999115971));
#5554=CARTESIAN_POINT('Ctrl Pts',(10.2872963930765,6.09935215657543,-5.42739289135807));
#5555=CARTESIAN_POINT('Ctrl Pts',(10.2223293949874,6.22106341254032,-5.43));
#5556=CARTESIAN_POINT('Ctrl Pts',(10.15,6.33734789399975,-5.43));
#5557=CARTESIAN_POINT('',(9.06777822024501,2.01535234217618,-5.43));
#5558=CARTESIAN_POINT('Origin',(7.51762417471423,4.7,-5.43));
#5559=CARTESIAN_POINT('',(7.85308033927186,1.61815318790913,-5.4222533622589));
#5560=CARTESIAN_POINT('Ctrl Pts',(7.85308033927186,1.61815318790913,-5.4222533622589));
#5561=CARTESIAN_POINT('Ctrl Pts',(8.18919850368949,1.65473933808095,-5.41976770984318));
#5562=CARTESIAN_POINT('Ctrl Pts',(8.51553709490432,1.74570543061257,-5.4244853020983));
#5563=CARTESIAN_POINT('Ctrl Pts',(8.90532903396752,1.92633534297785,-5.42923027870991));
#5564=CARTESIAN_POINT('Ctrl Pts',(8.98765208620355,1.96908636366868,-5.43));
#5565=CARTESIAN_POINT('Ctrl Pts',(9.06777822024501,2.01535234217618,-5.43));
#5566=CARTESIAN_POINT('',(7.53524834942836,1.6,-5.44293497414505));
#5567=CARTESIAN_POINT('Ctrl Pts',(7.53514183213491,1.60015657900621,-5.44265192937138));
#5568=CARTESIAN_POINT('Ctrl Pts',(7.59275270202593,1.60047030218661,-5.43572818168856));
#5569=CARTESIAN_POINT('Ctrl Pts',(7.65028261726476,1.60238368725716,-5.43041114806994));
#5570=CARTESIAN_POINT('Ctrl Pts',(7.70781205790832,1.60592239956584,-5.42687608204259));
#5571=CARTESIAN_POINT('Ctrl Pts',(7.75620492889816,1.60889910933927,-5.42390243946431));
#5572=CARTESIAN_POINT('Ctrl Pts',(7.80459851504829,1.61302595076069,-5.42218885774582));
#5573=CARTESIAN_POINT('Ctrl Pts',(7.85304906119686,1.61829943071515,-5.42181966729217));
#5574=CARTESIAN_POINT('',(7.53524834942836,1.6,-0.78));
#5575=CARTESIAN_POINT('',(7.53524834942836,1.6,-0.58));
#5576=CARTESIAN_POINT('',(8.7,1.83428926454289,-0.78));
#5577=CARTESIAN_POINT('Origin',(7.51762417471423,4.7,-0.78));
#5578=CARTESIAN_POINT('',(8.7,1.83428926454289,-0.58));
#5579=CARTESIAN_POINT('',(8.7,1.83428926454289,-0.58));
#5580=CARTESIAN_POINT('',(8.7,7.56571073545711,-0.58));
#5581=CARTESIAN_POINT('Origin',(7.51762417471423,4.7,-0.58));
#5582=CARTESIAN_POINT('',(8.7,7.56571073545711,-0.78));
#5583=CARTESIAN_POINT('',(8.7,7.56571073545711,-0.58));
#5584=CARTESIAN_POINT('',(7.53524834942836,7.8,-0.78));
#5585=CARTESIAN_POINT('Origin',(7.51762417471423,4.7,-0.78));
#5586=CARTESIAN_POINT('',(7.53524834942836,7.8,-0.58));
#5587=CARTESIAN_POINT('Ctrl Pts',(-4.53849698957818,5.55448221913872,-6.90301903458868));
#5588=CARTESIAN_POINT('Ctrl Pts',(-4.29195330542359,4.69999999999995,-6.90301903458868));
#5589=CARTESIAN_POINT('Ctrl Pts',(-4.53849698957818,3.84551778086119,-6.90301903458868));
#5590=CARTESIAN_POINT('Ctrl Pts',(-4.13717867284953,5.67027455993748,-7.60938232924109));
#5591=CARTESIAN_POINT('Ctrl Pts',(-3.85722543416239,4.69999999999995,-7.60938232924109));
#5592=CARTESIAN_POINT('Ctrl Pts',(-4.13717867284953,3.72972544006243,-7.60938232924109));
#5593=CARTESIAN_POINT('Ctrl Pts',(-4.13717867284953,5.67027455993748,-8.43));
#5594=CARTESIAN_POINT('Ctrl Pts',(-3.85722543416239,4.69999999999995,-8.43));
#5595=CARTESIAN_POINT('Ctrl Pts',(-4.13717867284953,3.72972544006243,-8.43));
#5596=CARTESIAN_POINT('',(-4.13717867284953,5.67027455993747,-8.43));
#5597=CARTESIAN_POINT('Origin',(-7.01959695326422,4.8386106514196,-8.43));
#5598=CARTESIAN_POINT('',(-4.13717867284953,3.72972544006243,-8.43));
#5599=CARTESIAN_POINT('Origin',(-7.5,4.69999999999995,-8.43));
#5600=CARTESIAN_POINT('Origin',(-7.01959695326422,4.56138934858031,-8.43));
#5601=CARTESIAN_POINT('Origin',(-6.73140326295955,3.83977596263918,-8.43));
#5602=CARTESIAN_POINT('',(-4.52922879910359,7.02905956813567,-8.43));
#5603=CARTESIAN_POINT('Origin',(-7.41164707951828,6.1973956596178,-8.43));
#5604=CARTESIAN_POINT('',(-3.84898498254486,4.67143987115706,-8.43));
#5605=CARTESIAN_POINT('Origin',(-6.73140326295955,3.83977596263918,-8.43));
#5606=CARTESIAN_POINT('',(-5.33991351367027,9.83876721203728,-8.43));
#5607=CARTESIAN_POINT('Ctrl Pts',(-5.33991351367027,9.83876721203728,-8.43));
#5608=CARTESIAN_POINT('Ctrl Pts',(-5.33991351367027,9.83876721203728,-8.08766024462524));
#5609=CARTESIAN_POINT('Ctrl Pts',(-5.41205467319643,9.65435132590956,-7.40470894608873));
#5610=CARTESIAN_POINT('Ctrl Pts',(-5.77371132082992,8.94002762215248,-6.42962219120362));
#5611=CARTESIAN_POINT('Ctrl Pts',(-6.36954423406587,8.20224544994369,-5.79829813516996));
#5612=CARTESIAN_POINT('Ctrl Pts',(-6.92691395436263,7.86267639989645,-5.57037950728437));
#5613=CARTESIAN_POINT('Ctrl Pts',(-7.11690042892236,7.77580483949077,-5.51910340676564));
#5614=CARTESIAN_POINT('',(-3.84898498254486,4.67143987115706,-8.43));
#5615=CARTESIAN_POINT('Ctrl Pts',(-5.33991351367027,9.83876721203728,-8.43));
#5616=CARTESIAN_POINT('Ctrl Pts',(-5.33991351367027,9.83876721203728,-8.08766024462524));
#5617=CARTESIAN_POINT('Ctrl Pts',(-5.41205467319643,9.65435132590956,-7.40470894608873));
#5618=CARTESIAN_POINT('Ctrl Pts',(-5.77371132082992,8.94002762215248,-6.42962219120362));
#5619=CARTESIAN_POINT('Ctrl Pts',(-6.51259741656234,8.02511175125217,-5.64672390454931));
#5620=CARTESIAN_POINT('Ctrl Pts',(-7.35278540600362,7.63586440710585,-5.43));
#5621=CARTESIAN_POINT('Ctrl Pts',(-7.80801894862576,7.57115915909874,-5.43));
#5622=CARTESIAN_POINT('Ctrl Pts',(-5.50028379779849,10.3945857751276,-8.43));
#5623=CARTESIAN_POINT('Ctrl Pts',(-5.50028379779849,10.3945857751276,-8.04656868712819));
#5624=CARTESIAN_POINT('Ctrl Pts',(-5.60762769462611,10.2226207968964,-7.28191413910163));
#5625=CARTESIAN_POINT('Ctrl Pts',(-6.09667662549925,9.56830484687806,-6.25669127257144));
#5626=CARTESIAN_POINT('Ctrl Pts',(-6.92514807539902,8.79030265853554,-5.58179660388145));
#5627=CARTESIAN_POINT('Ctrl Pts',(-7.62354717933019,8.50210230890535,-5.43982299514186));
#5628=CARTESIAN_POINT('Ctrl Pts',(-7.99574939431193,8.44890586042444,-5.43));
#5629=CARTESIAN_POINT('Ctrl Pts',(-5.49104842068563,11.44907379301,-8.43));
#5630=CARTESIAN_POINT('Ctrl Pts',(-5.49104842068563,11.44907379301,-7.93995300157805));
#5631=CARTESIAN_POINT('Ctrl Pts',(-5.63919290540144,11.305747989492,-6.9652557484832));
#5632=CARTESIAN_POINT('Ctrl Pts',(-6.2864261563905,10.7729909445847,-5.66385808626125));
#5633=CARTESIAN_POINT('Ctrl Pts',(-7.30517648474465,10.2151810851572,-4.84344933598738));
#5634=CARTESIAN_POINT('Ctrl Pts',(-7.97782227555766,10.034852334901,-4.69311866362643));
#5635=CARTESIAN_POINT('Ctrl Pts',(-8.32095222275084,9.96941420887433,-4.67788500594252));
#5636=CARTESIAN_POINT('Ctrl Pts',(-4.97990089189417,12.3514165313383,-8.43));
#5637=CARTESIAN_POINT('Ctrl Pts',(-4.97990089189417,12.3514165313383,-7.80365913336504));
#5638=CARTESIAN_POINT('Ctrl Pts',(-5.12061220614792,12.2076401082463,-6.55525450368125));
#5639=CARTESIAN_POINT('Ctrl Pts',(-5.76300913500764,11.6525524119376,-4.79956795994975));
#5640=CARTESIAN_POINT('Ctrl Pts',(-6.89011493259993,10.9598598384442,-3.45654735907461));
#5641=CARTESIAN_POINT('Ctrl Pts',(-7.91010098267957,10.6172556886804,-3.10769455000278));
#5642=CARTESIAN_POINT('Ctrl Pts',(-8.43546174502153,10.5048114113691,-3.10319842576924));
#5643=CARTESIAN_POINT('Ctrl Pts',(-4.69009514426241,12.6743017843886,-8.43));
#5644=CARTESIAN_POINT('Ctrl Pts',(-4.69009514426241,12.6743017843886,-7.74532048925053));
#5645=CARTESIAN_POINT('Ctrl Pts',(-4.82159603428379,12.5218391411183,-6.37941789217748));
#5646=CARTESIAN_POINT('Ctrl Pts',(-5.4416446453169,11.9159541078112,-4.42924438240723));
#5647=CARTESIAN_POINT('Ctrl Pts',(-6.6069212270673,11.0885293631837,-2.86344780909862));
#5648=CARTESIAN_POINT('Ctrl Pts',(-7.81056036184135,10.6384638819476,-2.43));
#5649=CARTESIAN_POINT('Ctrl Pts',(-8.43546174502153,10.5048114113691,-2.43));
#5650=CARTESIAN_POINT('Ctrl Pts',(-7.50050589380921,7.80084947067648,-5.44748820330855));
#5651=CARTESIAN_POINT('Ctrl Pts',(-7.5122242165073,7.80080169012487,-5.44592267658582));
#5652=CARTESIAN_POINT('Ctrl Pts',(-7.52395075962293,7.80075551086453,-5.44442031024267));
#5653=CARTESIAN_POINT('Ctrl Pts',(-7.53568587971664,7.80070862840601,-5.44298206358384));
#5654=CARTESIAN_POINT('',(-8.43546174502153,10.5048114113691,-2.43));
#5655=CARTESIAN_POINT('Origin',(-7.80801894862576,7.57115915909874,-2.43));
#5656=CARTESIAN_POINT('',(-4.69009514426241,12.6743017843886,-8.43));
#5657=CARTESIAN_POINT('Ctrl Pts',(-8.43546174502153,10.5048114113691,-2.43));
#5658=CARTESIAN_POINT('Ctrl Pts',(-7.81056036184135,10.6384638819476,-2.43));
#5659=CARTESIAN_POINT('Ctrl Pts',(-6.6069212270673,11.0885293631837,-2.86344780909862));
#5660=CARTESIAN_POINT('Ctrl Pts',(-5.4416446453169,11.9159541078112,-4.42924438240723));
#5661=CARTESIAN_POINT('Ctrl Pts',(-4.82159603428379,12.5218391411183,-6.37941789217748));
#5662=CARTESIAN_POINT('Ctrl Pts',(-4.69009514426241,12.6743017843886,-7.74532048925053));
#5663=CARTESIAN_POINT('Ctrl Pts',(-4.69009514426241,12.6743017843886,-8.43));
#5664=CARTESIAN_POINT('Origin',(-2.45749523325558,10.6704311205552,-8.43));
#5665=CARTESIAN_POINT('Origin',(-9.89949493661167,17.35,-2.43));
#5666=CARTESIAN_POINT('',(-9.89949493661167,7.35,-5.43));
#5667=CARTESIAN_POINT('Origin',(-9.89949493661167,17.35,-5.43));
#5668=CARTESIAN_POINT('',(-9.89949493661167,10.35,-2.43));
#5669=CARTESIAN_POINT('Origin',(-9.89949493661167,7.35,-2.43));
#5670=CARTESIAN_POINT('Origin',(-9.89949493661167,17.35,-2.43));
#5671=CARTESIAN_POINT('Origin',(0.,4.7,-5.43));
#5672=CARTESIAN_POINT('',(-10.15,7.35,-5.43));
#5673=CARTESIAN_POINT('',(-10.15,6.65,-5.43));
#5674=CARTESIAN_POINT('',(5.7,7.35,-5.43));
#5675=CARTESIAN_POINT('Origin',(-8.7,7.8,-0.58));
#5676=CARTESIAN_POINT('',(-8.7,7.8,-0.78));
#5677=CARTESIAN_POINT('',(-8.7,7.8,-0.78));
#5678=CARTESIAN_POINT('',(-8.7,7.8,-0.58));
#5679=CARTESIAN_POINT('',(-8.7,7.8,-0.58));
#5680=CARTESIAN_POINT('',(-8.7,7.8,-0.58));
#5681=CARTESIAN_POINT('Origin',(-8.7,1.6,-0.58));
#5682=CARTESIAN_POINT('',(-8.7,1.6,-0.78));
#5683=CARTESIAN_POINT('',(-8.7,1.6,-0.78));
#5684=CARTESIAN_POINT('',(-8.7,1.6,-0.58));
#5685=CARTESIAN_POINT('',(-8.7,1.6,-0.58));
#5686=CARTESIAN_POINT('',(-6.3,1.6,-0.58));
#5687=CARTESIAN_POINT('',(-8.7,1.6,-0.58));
#5688=CARTESIAN_POINT('',(-6.3,1.6,-0.78));
#5689=CARTESIAN_POINT('',(-6.3,1.6,-0.58));
#5690=CARTESIAN_POINT('',(-8.7,1.6,-0.78));
#5691=CARTESIAN_POINT('Ctrl Pts',(-7.53571812943388,1.59926474574851,-5.44297016499791));
#5692=CARTESIAN_POINT('Ctrl Pts',(-7.52398482269412,1.59921941101242,-5.44440639910047));
#5693=CARTESIAN_POINT('Ctrl Pts',(-7.51226011165275,1.59916936972579,-5.44590636308604));
#5694=CARTESIAN_POINT('Ctrl Pts',(-7.50054375232736,1.59912196617066,-5.44746930385496));
#5695=CARTESIAN_POINT('Origin',(0.,4.7,-0.78));
#5696=CARTESIAN_POINT('',(-6.3,7.8,-0.78));
#5697=CARTESIAN_POINT('',(-6.3,1.6,-0.78));
#5698=CARTESIAN_POINT('',(-6.3,7.8,-0.78));
#5699=CARTESIAN_POINT('Origin',(0.,4.7,-0.78));
#5700=CARTESIAN_POINT('',(-6.3,7.8,-0.78));
#5701=CARTESIAN_POINT('Origin',(0.,4.7,-0.78));
#5702=CARTESIAN_POINT('',(-6.3,1.6,-0.78));
#5703=CARTESIAN_POINT('Origin',(-6.3,1.6,-0.58));
#5704=CARTESIAN_POINT('',(-6.3,7.8,-0.58));
#5705=CARTESIAN_POINT('',(-6.3,1.6,-0.58));
#5706=CARTESIAN_POINT('',(-6.3,7.8,-0.58));
#5707=CARTESIAN_POINT('Ctrl Pts',(4.53849698957817,3.84551778086119,-6.90301903458869));
#5708=CARTESIAN_POINT('Ctrl Pts',(4.29195330542358,4.69999999999995,-6.90301903458869));
#5709=CARTESIAN_POINT('Ctrl Pts',(4.53849698957817,5.55448221913872,-6.90301903458869));
#5710=CARTESIAN_POINT('Ctrl Pts',(4.13717867284953,3.72972544006243,-7.6093823292411));
#5711=CARTESIAN_POINT('Ctrl Pts',(3.85722543416239,4.69999999999995,-7.6093823292411));
#5712=CARTESIAN_POINT('Ctrl Pts',(4.13717867284953,5.67027455993748,-7.6093823292411));
#5713=CARTESIAN_POINT('Ctrl Pts',(4.13717867284953,3.72972544006243,-8.43));
#5714=CARTESIAN_POINT('Ctrl Pts',(3.85722543416239,4.69999999999995,-8.43));
#5715=CARTESIAN_POINT('Ctrl Pts',(4.13717867284953,5.67027455993748,-8.43));
#5716=CARTESIAN_POINT('',(4.13717867284953,3.72972544006243,-8.43));
#5717=CARTESIAN_POINT('Origin',(7.01959695326422,4.56138934858031,-8.43));
#5718=CARTESIAN_POINT('',(4.13717867284953,5.67027455993748,-8.43));
#5719=CARTESIAN_POINT('Origin',(7.5,4.69999999999995,-8.43));
#5720=CARTESIAN_POINT('Origin',(7.01959695326422,4.8386106514196,-8.43));
#5721=CARTESIAN_POINT('Origin',(6.73140326295953,5.56022403736077,-8.43));
#5722=CARTESIAN_POINT('',(4.5292287991036,2.37094043186422,-8.43));
#5723=CARTESIAN_POINT('Origin',(7.41164707951829,3.2026043403821,-8.43));
#5724=CARTESIAN_POINT('',(3.84898498254484,4.72856012884289,-8.43));
#5725=CARTESIAN_POINT('Origin',(6.73140326295953,5.56022403736077,-8.43));
#5726=CARTESIAN_POINT('',(5.33991351367026,-0.438767212037303,-8.43));
#5727=CARTESIAN_POINT('Ctrl Pts',(5.33991351367026,-0.438767212037302,-8.43));
#5728=CARTESIAN_POINT('Ctrl Pts',(5.33991351367026,-0.438767212037302,-7.97354699283364));
#5729=CARTESIAN_POINT('Ctrl Pts',(5.46763492158865,-0.102252371206118,-7.07001777730032));
#5730=CARTESIAN_POINT('Ctrl Pts',(6.04454481642538,0.884573772160673,-6.03157783316849));
#5731=CARTESIAN_POINT('Ctrl Pts',(6.7223839397375,1.4466181034162,-5.62392614794621));
#5732=CARTESIAN_POINT('Ctrl Pts',(7.11506336154232,1.62631155103012,-5.51789556522661));
#5733=CARTESIAN_POINT('',(3.84898498254484,4.72856012884289,-8.43));
#5734=CARTESIAN_POINT('Ctrl Pts',(5.33991351367026,-0.438767212037302,-8.43));
#5735=CARTESIAN_POINT('Ctrl Pts',(5.33991351367026,-0.438767212037302,-7.97354699283364));
#5736=CARTESIAN_POINT('Ctrl Pts',(5.46763492158865,-0.102252371206118,-7.07001777730032));
#5737=CARTESIAN_POINT('Ctrl Pts',(6.0508470047616,0.89535390310706,-6.02023387085766));
#5738=CARTESIAN_POINT('Ctrl Pts',(6.91828867709349,1.60755353754364,-5.50815328964185));
#5739=CARTESIAN_POINT('Ctrl Pts',(7.58040217731467,1.7964882168977,-5.43));
#5740=CARTESIAN_POINT('Ctrl Pts',(7.80801894862574,1.82884084090125,-5.43));
#5741=CARTESIAN_POINT('Ctrl Pts',(5.50028379779848,-0.994585775127593,-8.43));
#5742=CARTESIAN_POINT('Ctrl Pts',(5.50028379779848,-0.994585775127592,-7.91875824950427));
#5743=CARTESIAN_POINT('Ctrl Pts',(5.69217302463022,-0.67889710637424,-6.90663799136149));
#5744=CARTESIAN_POINT('Ctrl Pts',(6.4431354643823,0.216018600996684,-5.87557202598975));
#5745=CARTESIAN_POINT('Ctrl Pts',(7.27425509415436,0.781825262294402,-5.49797279829495));
#5746=CARTESIAN_POINT('Ctrl Pts',(7.80964828682102,0.924495915335095,-5.43491149757093));
#5747=CARTESIAN_POINT('Ctrl Pts',(7.99574939431191,0.951094139575561,-5.43));
#5748=CARTESIAN_POINT('Ctrl Pts',(5.49115930212124,-2.04908917024668,-8.43));
#5749=CARTESIAN_POINT('Ctrl Pts',(5.49115930212124,-2.04908917024668,-7.77660400210411));
#5750=CARTESIAN_POINT('Ctrl Pts',(5.75514618264331,-1.78279185815941,-6.48589537132793));
#5751=CARTESIAN_POINT('Ctrl Pts',(6.73547855745204,-1.08045127693633,-5.19040446745555));
#5752=CARTESIAN_POINT('Ctrl Pts',(7.65707838320188,-0.715387295283015,-4.75671319261658));
#5753=CARTESIAN_POINT('Ctrl Pts',(8.14946516777034,-0.60249758577437,-4.68599658525902));
#5754=CARTESIAN_POINT('Ctrl Pts',(8.321030141367,-0.569778522760994,-4.67837975641707));
#5755=CARTESIAN_POINT('Ctrl Pts',(4.97990089189416,-2.95141653133833,-8.43));
#5756=CARTESIAN_POINT('Ctrl Pts',(4.97990089189416,-2.95141653133833,-7.59487884448677));
#5757=CARTESIAN_POINT('Ctrl Pts',(5.23117206801127,-2.68753882353462,-5.94291940327088));
#5758=CARTESIAN_POINT('Ctrl Pts',(6.22239158211492,-1.9214286534212,-4.08404164213083));
#5759=CARTESIAN_POINT('Ctrl Pts',(7.39813946294505,-1.37148707860782,-3.23601541418636));
#5760=CARTESIAN_POINT('Ctrl Pts',(8.17278136385045,-1.16103355002476,-3.10544648788601));
#5761=CARTESIAN_POINT('Ctrl Pts',(8.43546174502152,-1.10481141136912,-3.10319842576924));
#5762=CARTESIAN_POINT('Ctrl Pts',(4.69009514426241,-3.27430178438863,-8.43));
#5763=CARTESIAN_POINT('Ctrl Pts',(4.69009514426241,-3.27430178438863,-7.51709398566743));
#5764=CARTESIAN_POINT('Ctrl Pts',(4.92477709793559,-2.99682464418409,-5.71003555460062));
#5765=CARTESIAN_POINT('Ctrl Pts',(5.89590228025355,-2.13609347742403,-3.61046774171533));
#5766=CARTESIAN_POINT('Ctrl Pts',(7.19644460511206,-1.43750637556096,-2.58630657928369));
#5767=CARTESIAN_POINT('Ctrl Pts',(8.12301105343134,-1.1716376466584,-2.43));
#5768=CARTESIAN_POINT('Ctrl Pts',(8.43546174502152,-1.10481141136912,-2.43));
#5769=CARTESIAN_POINT('Ctrl Pts',(7.49985076559781,1.6001657309274,-5.44709082012341));
#5770=CARTESIAN_POINT('Ctrl Pts',(7.51160712836937,1.60016336956498,-5.44554832559711));
#5771=CARTESIAN_POINT('Ctrl Pts',(7.52337078561322,1.60015939674096,-5.44406841862889));
#5772=CARTESIAN_POINT('Ctrl Pts',(7.53514183213491,1.60015657900621,-5.44265192937138));
#5773=CARTESIAN_POINT('',(8.43546174502152,-1.10481141136912,-2.43));
#5774=CARTESIAN_POINT('Origin',(7.80801894862574,1.82884084090125,-2.43));
#5775=CARTESIAN_POINT('',(4.69009514426241,-3.27430178438863,-8.43));
#5776=CARTESIAN_POINT('Ctrl Pts',(8.43546174502152,-1.10481141136912,-2.43));
#5777=CARTESIAN_POINT('Ctrl Pts',(8.12301105343134,-1.1716376466584,-2.43));
#5778=CARTESIAN_POINT('Ctrl Pts',(7.19644460511206,-1.43750637556096,-2.58630657928369));
#5779=CARTESIAN_POINT('Ctrl Pts',(5.89590228025355,-2.13609347742403,-3.61046774171533));
#5780=CARTESIAN_POINT('Ctrl Pts',(4.92477709793559,-2.99682464418409,-5.71003555460062));
#5781=CARTESIAN_POINT('Ctrl Pts',(4.69009514426241,-3.27430178438863,-7.51709398566743));
#5782=CARTESIAN_POINT('Ctrl Pts',(4.69009514426241,-3.27430178438863,-8.43));
#5783=CARTESIAN_POINT('Origin',(2.45749523325557,-1.27043112055518,-8.43));
#5784=CARTESIAN_POINT('Origin',(9.89949493661168,-7.95,-2.43));
#5785=CARTESIAN_POINT('',(9.89949493661168,2.05,-5.43));
#5786=CARTESIAN_POINT('Origin',(9.89949493661168,-7.95,-5.43));
#5787=CARTESIAN_POINT('',(9.89949493661168,-0.949999999999995,-2.43));
#5788=CARTESIAN_POINT('Origin',(9.89949493661168,2.05,-2.43));
#5789=CARTESIAN_POINT('Origin',(9.89949493661168,-7.95,-2.43));
#5790=CARTESIAN_POINT('Origin',(0.,4.7,-5.43));
#5791=CARTESIAN_POINT('',(10.15,2.05000000000001,-5.43));
#5792=CARTESIAN_POINT('',(10.15,2.75,-5.43));
#5793=CARTESIAN_POINT('',(-5.7,2.05,-5.43));
#5794=CARTESIAN_POINT('Origin',(6.3,7.8,-0.58));
#5795=CARTESIAN_POINT('',(6.3,7.8,-0.78));
#5796=CARTESIAN_POINT('',(6.3,7.8,-0.78));
#5797=CARTESIAN_POINT('',(6.3,7.8,-0.58));
#5798=CARTESIAN_POINT('',(6.3,7.8,-0.58));
#5799=CARTESIAN_POINT('',(6.3,7.8,-0.58));
#5800=CARTESIAN_POINT('Origin',(6.3,1.6,-0.58));
#5801=CARTESIAN_POINT('',(6.3,1.6,-0.78));
#5802=CARTESIAN_POINT('',(6.3,1.6,-0.78));
#5803=CARTESIAN_POINT('',(6.3,1.6,-0.58));
#5804=CARTESIAN_POINT('',(6.3,1.6,-0.58));
#5805=CARTESIAN_POINT('',(8.7,1.6,-0.58));
#5806=CARTESIAN_POINT('',(6.3,1.6,-0.58));
#5807=CARTESIAN_POINT('',(8.7,1.6,-0.78));
#5808=CARTESIAN_POINT('',(8.7,1.6,-0.58));
#5809=CARTESIAN_POINT('',(6.3,1.6,-0.78));
#5810=CARTESIAN_POINT('Origin',(0.,4.7,-0.78));
#5811=CARTESIAN_POINT('',(8.7,7.8,-0.78));
#5812=CARTESIAN_POINT('',(8.7,1.6,-0.78));
#5813=CARTESIAN_POINT('',(8.7,7.8,-0.78));
#5814=CARTESIAN_POINT('Origin',(0.,4.7,-0.78));
#5815=CARTESIAN_POINT('',(8.7,7.8,-0.78));
#5816=CARTESIAN_POINT('Origin',(0.,4.7,-0.78));
#5817=CARTESIAN_POINT('',(8.7,1.6,-0.78));
#5818=CARTESIAN_POINT('Origin',(8.7,1.6,-0.58));
#5819=CARTESIAN_POINT('',(8.7,7.8,-0.58));
#5820=CARTESIAN_POINT('',(8.7,1.6,-0.58));
#5821=CARTESIAN_POINT('',(8.7,7.8,-0.58));
#5822=CARTESIAN_POINT('Ctrl Pts',(-11.4,10.35,-2.43));
#5823=CARTESIAN_POINT('Ctrl Pts',(-11.4,10.35,-2.87879895051283));
#5824=CARTESIAN_POINT('Ctrl Pts',(-11.3145278045459,10.1448667309101,-3.77499941990059));
#5825=CARTESIAN_POINT('Ctrl Pts',(-10.8963759693609,9.14130232646609,-5.03713793617796));
#5826=CARTESIAN_POINT('Ctrl Pts',(-10.4304993440705,8.02319842576924,-5.43));
#5827=CARTESIAN_POINT('Ctrl Pts',(-10.15,7.35,-5.43));
#5828=CARTESIAN_POINT('Ctrl Pts',(-11.9235987755983,10.35,-2.43));
#5829=CARTESIAN_POINT('Ctrl Pts',(-11.9235987755983,10.35,-2.95833013868944));
#5830=CARTESIAN_POINT('Ctrl Pts',(-11.7460944052802,10.0573611198053,-3.99151186748866));
#5831=CARTESIAN_POINT('Ctrl Pts',(-11.0948226252438,8.94507397720164,-5.14139092423782));
#5832=CARTESIAN_POINT('Ctrl Pts',(-10.505299169156,7.94839860068377,-5.43));
#5833=CARTESIAN_POINT('Ctrl Pts',(-10.15,7.35,-5.43));
#5834=CARTESIAN_POINT('Ctrl Pts',(-12.8305705697242,9.91121177433678,-2.43));
#5835=CARTESIAN_POINT('Ctrl Pts',(-12.8305705697242,9.91121177433678,-3.02666527726422));
#5836=CARTESIAN_POINT('Ctrl Pts',(-12.4983546570505,9.59509544768742,-4.17514974494203));
#5837=CARTESIAN_POINT('Ctrl Pts',(-11.4457855798424,8.59517027459136,-5.2186829854398));
#5838=CARTESIAN_POINT('Ctrl Pts',(-10.6361988630556,7.8174989067842,-5.43));
#5839=CARTESIAN_POINT('Ctrl Pts',(-10.15,7.35,-5.43));
#5840=CARTESIAN_POINT('Ctrl Pts',(-13.15,8.99269908169872,-2.43));
#5841=CARTESIAN_POINT('Ctrl Pts',(-13.15,8.99269908169872,-2.93760151633311));
#5842=CARTESIAN_POINT('Ctrl Pts',(-12.879414285663,8.83837454381414,-3.93627732272767));
#5843=CARTESIAN_POINT('Ctrl Pts',(-11.7952200927341,8.24622495015779,-5.11581352855383));
#5844=CARTESIAN_POINT('Ctrl Pts',(-10.7670985569551,7.68659921288462,-5.43));
#5845=CARTESIAN_POINT('Ctrl Pts',(-10.15,7.35,-5.43));
#5846=CARTESIAN_POINT('Ctrl Pts',(-13.15,8.6,-2.43));
#5847=CARTESIAN_POINT('Ctrl Pts',(-13.15,8.6,-2.87879895051283));
#5848=CARTESIAN_POINT('Ctrl Pts',(-12.9448667309101,8.51452780454587,-3.77499941990059));
#5849=CARTESIAN_POINT('Ctrl Pts',(-11.9413023264661,8.09637596936087,-5.03713793617796));
#5850=CARTESIAN_POINT('Ctrl Pts',(-10.8231984257692,7.63049934407052,-5.43));
#5851=CARTESIAN_POINT('Ctrl Pts',(-10.15,7.35,-5.43));
#5852=CARTESIAN_POINT('',(-11.4,10.35,-2.43));
#5853=CARTESIAN_POINT('Origin',(-10.15,7.35,-2.43));
#5854=CARTESIAN_POINT('',(-13.15,8.6,-2.43));
#5855=CARTESIAN_POINT('Origin',(-10.15,7.35,-2.43));
#5856=CARTESIAN_POINT('Origin',(-11.4,8.6,-2.43));
#5857=CARTESIAN_POINT('Ctrl Pts',(-13.15,0.8,-2.43));
#5858=CARTESIAN_POINT('Ctrl Pts',(-13.15,0.8,-2.65439947525641));
#5859=CARTESIAN_POINT('Ctrl Pts',(-13.0735566530647,0.83185139455637,-3.32501464773007));
#5860=CARTESIAN_POINT('Ctrl Pts',(-12.3798248074302,1.12090633023741,-4.78697107824486));
#5861=CARTESIAN_POINT('Ctrl Pts',(-11.0475979010257,1.67600087457264,-5.43));
#5862=CARTESIAN_POINT('Ctrl Pts',(-10.15,2.05,-5.43));
#5863=CARTESIAN_POINT('Ctrl Pts',(-13.15,0.276401224401701,-2.43));
#5864=CARTESIAN_POINT('Ctrl Pts',(-13.15,0.276401224401701,-2.69416506934472));
#5865=CARTESIAN_POINT('Ctrl Pts',(-13.0475956704553,0.339655744942547,-3.49229140916848));
#5866=CARTESIAN_POINT('Ctrl Pts',(-12.1621657616789,0.861736976603981,-4.97833588508299));
#5867=CARTESIAN_POINT('Ctrl Pts',(-10.9478648009117,1.57626777445868,-5.43));
#5868=CARTESIAN_POINT('Ctrl Pts',(-10.15,2.05,-5.43));
#5869=CARTESIAN_POINT('Ctrl Pts',(-12.7114018730056,-0.630728921785585,
-2.43));
#5870=CARTESIAN_POINT('Ctrl Pts',(-12.7114018730056,-0.630728921785585,
-2.72833263863211));
#5871=CARTESIAN_POINT('Ctrl Pts',(-12.6000834572,-0.514350365943748,-3.6386723873237));
#5872=CARTESIAN_POINT('Ctrl Pts',(-11.7304579308234,0.402935451927134,-5.12842149586893));
#5873=CARTESIAN_POINT('Ctrl Pts',(-10.7733318757123,1.40173484925925,-5.43));
#5874=CARTESIAN_POINT('Ctrl Pts',(-10.15,2.05,-5.43));
#5875=CARTESIAN_POINT('Ctrl Pts',(-11.7926990816987,-0.950000000000001,
-2.43));
#5876=CARTESIAN_POINT('Ctrl Pts',(-11.7926990816987,-0.950000000000001,
-2.68380075816656));
#5877=CARTESIAN_POINT('Ctrl Pts',(-11.7371054128184,-0.853877852818462,
-3.44928117157564));
#5878=CARTESIAN_POINT('Ctrl Pts',(-11.2747365340517,-0.0179359135054023,
-4.93078937333317));
#5879=CARTESIAN_POINT('Ctrl Pts',(-10.5987989505128,1.22720192405982,-5.43));
#5880=CARTESIAN_POINT('Ctrl Pts',(-10.15,2.05,-5.43));
#5881=CARTESIAN_POINT('Ctrl Pts',(-11.4,-0.950000000000001,-2.43));
#5882=CARTESIAN_POINT('Ctrl Pts',(-11.4,-0.950000000000001,-2.65439947525641));
#5883=CARTESIAN_POINT('Ctrl Pts',(-11.3681486054436,-0.873556653064711,
-3.32501464773007));
#5884=CARTESIAN_POINT('Ctrl Pts',(-11.0790936697626,-0.179824807430206,
-4.78697107824486));
#5885=CARTESIAN_POINT('Ctrl Pts',(-10.5239991254274,1.15240209897435,-5.43));
#5886=CARTESIAN_POINT('Ctrl Pts',(-10.15,2.05,-5.43));
#5887=CARTESIAN_POINT('',(-13.15,0.8,-2.43));
#5888=CARTESIAN_POINT('',(-10.15,2.05,-5.43));
#5889=CARTESIAN_POINT('Origin',(-10.15,2.05,-2.43));
#5890=CARTESIAN_POINT('',(-11.4,-0.95,-2.43));
#5891=CARTESIAN_POINT('Origin',(-10.15,2.05,-2.43));
#5892=CARTESIAN_POINT('Origin',(-11.4,0.8,-2.43));
#5893=CARTESIAN_POINT('Origin',(5.7,7.35,-2.43));
#5894=CARTESIAN_POINT('',(5.7,10.35,-2.43));
#5895=CARTESIAN_POINT('Origin',(-2.45749523325558,10.6704311205552,-5.43));
#5896=CARTESIAN_POINT('',(-4.69009514426241,12.6743017843886,-10.43));
#5897=CARTESIAN_POINT('',(-5.33991351367027,9.83876721203728,-10.43));
#5898=CARTESIAN_POINT('Origin',(-2.45749523325558,10.6704311205552,-10.43));
#5899=CARTESIAN_POINT('',(-5.33991351367028,9.83876721203728,-5.43));
#5900=CARTESIAN_POINT('',(-4.69009514426241,12.6743017843886,-5.43));
#5901=CARTESIAN_POINT('Ctrl Pts',(-7.80801894862573,1.82884084090125,-5.43));
#5902=CARTESIAN_POINT('Ctrl Pts',(-7.35278540593117,1.76413559288385,-5.43));
#5903=CARTESIAN_POINT('Ctrl Pts',(-6.72298563294736,1.47224537177437,-5.59163993253771));
#5904=CARTESIAN_POINT('Ctrl Pts',(-5.9557006868139,0.727483604123188,-6.19587951235396));
#5905=CARTESIAN_POINT('Ctrl Pts',(-5.46646515673891,-0.101788371692283,
-7.06967029460497));
#5906=CARTESIAN_POINT('Ctrl Pts',(-5.33991351367025,-0.43876721203728,-7.97354699276102));
#5907=CARTESIAN_POINT('Ctrl Pts',(-5.33991351367025,-0.43876721203728,-8.43));
#5908=CARTESIAN_POINT('Ctrl Pts',(-7.9957493943119,0.951094139575562,-5.43));
#5909=CARTESIAN_POINT('Ctrl Pts',(-7.62354717927094,0.897897691086178,-5.43982299514342));
#5910=CARTESIAN_POINT('Ctrl Pts',(-7.09987159987058,0.679778859489892,-5.54946606901717));
#5911=CARTESIAN_POINT('Ctrl Pts',(-6.3159872524976,0.0647344226448583,-6.04709690086851));
#5912=CARTESIAN_POINT('Ctrl Pts',(-5.69319035776513,-0.677954761348039,
-6.90654352222731));
#5913=CARTESIAN_POINT('Ctrl Pts',(-5.50028379779847,-0.994585775127572,
-7.91875824942292));
#5914=CARTESIAN_POINT('Ctrl Pts',(-5.50028379779847,-0.994585775127572,
-8.43));
#5915=CARTESIAN_POINT('Ctrl Pts',(-8.32103014136699,-0.569778522760995,
-4.67837975641707));
#5916=CARTESIAN_POINT('Ctrl Pts',(-7.97790019411919,-0.635216648798129,
-4.6936134141034));
#5917=CARTESIAN_POINT('Ctrl Pts',(-7.47515177819417,-0.773610288890355,
-4.8095097207865));
#5918=CARTESIAN_POINT('Ctrl Pts',(-6.56646116721538,-1.20024131082687,-5.40688300608305));
#5919=CARTESIAN_POINT('Ctrl Pts',(-5.75836479121958,-1.7812556163796,-6.48523230490655));
#5920=CARTESIAN_POINT('Ctrl Pts',(-5.49115930212123,-2.04908917024666,-7.77660400200013));
#5921=CARTESIAN_POINT('Ctrl Pts',(-5.49115930212123,-2.04908917024666,-8.43));
#5922=CARTESIAN_POINT('Ctrl Pts',(-8.43546174502151,-1.10481141136912,-3.10319842576924));
#5923=CARTESIAN_POINT('Ctrl Pts',(-7.91010098259593,-1.21725568869826,-3.1076945500035));
#5924=CARTESIAN_POINT('Ctrl Pts',(-7.14595964893542,-1.47587402352039,-3.36885169308148));
#5925=CARTESIAN_POINT('Ctrl Pts',(-6.05675477582422,-2.05028953357898,-4.39505993006114));
#5926=CARTESIAN_POINT('Ctrl Pts',(-5.2313494059295,-2.68705218374386,-5.94220344747293));
#5927=CARTESIAN_POINT('Ctrl Pts',(-4.97990089189415,-2.95141653133832,-7.59487884435388));
#5928=CARTESIAN_POINT('Ctrl Pts',(-4.97990089189415,-2.95141653133832,-8.43));
#5929=CARTESIAN_POINT('Ctrl Pts',(-8.43546174502151,-1.10481141136912,-2.43));
#5930=CARTESIAN_POINT('Ctrl Pts',(-7.81056036174187,-1.23846388196891,-2.43));
#5931=CARTESIAN_POINT('Ctrl Pts',(-6.90829880484409,-1.57591523572139,-2.75327986507541));
#5932=CARTESIAN_POINT('Ctrl Pts',(-5.73651666804759,-2.2803734127615,-3.96175902470794));
#5933=CARTESIAN_POINT('Ctrl Pts',(-4.92328886830892,-2.99669298478687,-5.70934058920994));
#5934=CARTESIAN_POINT('Ctrl Pts',(-4.69009514426239,-3.27430178438861,-7.51709398552216));
#5935=CARTESIAN_POINT('Ctrl Pts',(-4.69009514426239,-3.27430178438861,-8.43));
#5936=CARTESIAN_POINT('',(-5.33991351367026,-0.43876721203728,-8.43));
#5937=CARTESIAN_POINT('Ctrl Pts',(-7.11700069119811,1.62424163811856,-5.51885181852596));
#5938=CARTESIAN_POINT('Ctrl Pts',(-6.92704328779006,1.53740248187695,-5.57005730599396));
#5939=CARTESIAN_POINT('Ctrl Pts',(-6.55957958033403,1.3136360035045,-5.72032277072979));
#5940=CARTESIAN_POINT('Ctrl Pts',(-5.9557006868139,0.727483604123188,-6.19587951235396));
#5941=CARTESIAN_POINT('Ctrl Pts',(-5.46646515673891,-0.101788371692283,
-7.06967029460497));
#5942=CARTESIAN_POINT('Ctrl Pts',(-5.33991351367025,-0.43876721203728,-7.97354699276102));
#5943=CARTESIAN_POINT('Ctrl Pts',(-5.33991351367025,-0.43876721203728,-8.43));
#5944=CARTESIAN_POINT('',(-4.69009514426239,-3.27430178438861,-8.43));
#5945=CARTESIAN_POINT('Origin',(-2.45749523325557,-1.27043112055516,-8.43));
#5946=CARTESIAN_POINT('',(-8.43546174502151,-1.10481141136912,-2.43));
#5947=CARTESIAN_POINT('Ctrl Pts',(-4.69009514426239,-3.27430178438861,-8.43));
#5948=CARTESIAN_POINT('Ctrl Pts',(-4.69009514426239,-3.27430178438861,-7.51709398552216));
#5949=CARTESIAN_POINT('Ctrl Pts',(-4.92328886830892,-2.99669298478687,-5.70934058920994));
#5950=CARTESIAN_POINT('Ctrl Pts',(-5.73651666804759,-2.2803734127615,-3.96175902470794));
#5951=CARTESIAN_POINT('Ctrl Pts',(-6.90829880484409,-1.57591523572139,-2.75327986507541));
#5952=CARTESIAN_POINT('Ctrl Pts',(-7.81056036174187,-1.23846388196891,-2.43));
#5953=CARTESIAN_POINT('Ctrl Pts',(-8.43546174502151,-1.10481141136912,-2.43));
#5954=CARTESIAN_POINT('Origin',(-7.80801894862573,1.82884084090126,-2.43));
#5955=CARTESIAN_POINT('Origin',(-9.89949493661165,-7.95,-2.43));
#5956=CARTESIAN_POINT('',(-9.89949493661165,-0.95,-2.43));
#5957=CARTESIAN_POINT('Origin',(-9.89949493661165,-7.95,-2.43));
#5958=CARTESIAN_POINT('',(-9.89949493661165,2.05,-5.43));
#5959=CARTESIAN_POINT('Origin',(-9.89949493661165,2.05,-2.43));
#5960=CARTESIAN_POINT('Origin',(-9.89949493661165,-7.95,-5.43));
#5961=CARTESIAN_POINT('Origin',(-5.7,2.05,-2.43));
#5962=CARTESIAN_POINT('',(-5.7,2.05,-5.43));
#5963=CARTESIAN_POINT('',(-5.7,-0.949999999999999,-2.43));
#5964=CARTESIAN_POINT('Origin',(-7.5918354526769,2.5780993505766,-8.43));
#5965=CARTESIAN_POINT('',(-4.5292287991036,2.37094043186423,-8.43));
#5966=CARTESIAN_POINT('Origin',(-7.41164707951829,3.20260434038211,-8.43));
#5967=CARTESIAN_POINT('',(-4.70941717226221,1.74643544205872,-8.43));
#5968=CARTESIAN_POINT('Origin',(-2.45749523325557,-1.27043112055516,-5.43));
#5969=CARTESIAN_POINT('',(-5.33991351367025,-0.43876721203728,-10.43));
#5970=CARTESIAN_POINT('',(-4.69009514426239,-3.27430178438861,-10.43));
#5971=CARTESIAN_POINT('Origin',(-2.45749523325557,-1.27043112055516,-10.43));
#5972=CARTESIAN_POINT('',(-4.69009514426239,-3.27430178438861,-5.43));
#5973=CARTESIAN_POINT('',(-5.33991351367026,-0.43876721203728,-5.43));
#5974=CARTESIAN_POINT('Origin',(-7.5918354526769,2.5780993505766,-8.43));
#5975=CARTESIAN_POINT('',(-4.70941717226221,1.74643544205872,-8.43));
#5976=CARTESIAN_POINT('Origin',(-10.15,6.65,-2.43));
#5977=CARTESIAN_POINT('',(-10.15,6.65,-5.43));
#5978=CARTESIAN_POINT('',(-13.15,6.65,-2.43));
#5979=CARTESIAN_POINT('Origin',(-11.4,8.6,-5.43));
#5980=CARTESIAN_POINT('',(-13.15,8.6,10.47));
#5981=CARTESIAN_POINT('',(-13.15,8.6,-5.43));
#5982=CARTESIAN_POINT('',(-11.4,10.35,10.47));
#5983=CARTESIAN_POINT('Origin',(-11.4,8.6,10.47));
#5984=CARTESIAN_POINT('',(-11.4,10.35,-5.43));
#5985=CARTESIAN_POINT('Origin',(-13.15,8.6,-5.43));
#5986=CARTESIAN_POINT('',(-13.15,0.8,10.47));
#5987=CARTESIAN_POINT('',(-13.15,0.8,-5.43));
#5988=CARTESIAN_POINT('',(-13.15,6.65,10.47));
#5989=CARTESIAN_POINT('Origin',(-11.4,0.8,-5.43));
#5990=CARTESIAN_POINT('',(-11.4,-0.95,10.47));
#5991=CARTESIAN_POINT('',(-11.4,-0.95,-5.43));
#5992=CARTESIAN_POINT('Origin',(-11.4,0.8,10.47));
#5993=CARTESIAN_POINT('Origin',(-11.4,-0.95,-5.43));
#5994=CARTESIAN_POINT('',(-9.89949493661165,-0.95,-0.93));
#5995=CARTESIAN_POINT('',(-9.89949493661165,-0.95,-5.43));
#5996=CARTESIAN_POINT('',(9.89949493661168,-0.949999999999995,-0.93));
#5997=CARTESIAN_POINT('',(-5.69999999999999,-0.949999999999999,-0.93));
#5998=CARTESIAN_POINT('',(9.89949493661168,-0.949999999999995,-5.43));
#5999=CARTESIAN_POINT('',(11.4,-0.949999999999996,-2.43));
#6000=CARTESIAN_POINT('',(-5.7,-0.949999999999999,-2.43));
#6001=CARTESIAN_POINT('',(11.4,-0.949999999999995,10.47));
#6002=CARTESIAN_POINT('',(11.4,-0.949999999999995,-5.43));
#6003=CARTESIAN_POINT('',(7.,-0.949999999999996,10.47));
#6004=CARTESIAN_POINT('',(-5.7,-0.949999999999999,10.47));
#6005=CARTESIAN_POINT('',(6.4,-0.949999999999996,9.87));
#6006=CARTESIAN_POINT('Origin',(7.,-0.949999999999996,9.87));
#6007=CARTESIAN_POINT('',(6.4,-0.949999999999996,7.63431457505076));
#6008=CARTESIAN_POINT('',(6.4,-0.949999999999996,2.72));
#6009=CARTESIAN_POINT('',(1.16568542494924,-0.949999999999997,2.4));
#6010=CARTESIAN_POINT('',(-2.62465728752538,-0.949999999999998,-1.39034271247462));
#6011=CARTESIAN_POINT('',(-1.16568542494924,-0.949999999999998,2.4));
#6012=CARTESIAN_POINT('',(-5.7,-0.949999999999999,2.4));
#6013=CARTESIAN_POINT('',(-6.4,-0.949999999999999,7.63431457505076));
#6014=CARTESIAN_POINT('',(-3.07534271247462,-0.949999999999998,4.30965728752538));
#6015=CARTESIAN_POINT('',(-6.4,-0.949999999999999,9.87));
#6016=CARTESIAN_POINT('',(-6.4,-0.949999999999999,2.72));
#6017=CARTESIAN_POINT('',(-7.,-0.949999999999999,10.47));
#6018=CARTESIAN_POINT('Origin',(-7.,-0.949999999999999,9.87));
#6019=CARTESIAN_POINT('',(-5.7,-0.949999999999999,10.47));
#6020=CARTESIAN_POINT('Origin',(-9.89949493661165,-7.95,-5.43));
#6021=CARTESIAN_POINT('',(-3.2998316455372,-5.61666666666667,-10.43));
#6022=CARTESIAN_POINT('Origin',(-9.89949493661165,-7.95,-10.43));
#6023=CARTESIAN_POINT('',(-3.29983164553721,-5.61666666666667,-1.43));
#6024=CARTESIAN_POINT('',(-3.2998316455372,-5.61666666666667,-5.43));
#6025=CARTESIAN_POINT('',(-7.30141872525833,-1.45,-1.43));
#6026=CARTESIAN_POINT('Origin',(-9.89949493661165,-7.95,-1.43));
#6027=CARTESIAN_POINT('Ctrl Pts',(-7.30141872525834,-1.45,-1.43));
#6028=CARTESIAN_POINT('Ctrl Pts',(-7.6994942585764,-1.29088760408685,-1.43));
#6029=CARTESIAN_POINT('Ctrl Pts',(-8.13999842057044,-1.15950545614015,-1.35696724887716));
#6030=CARTESIAN_POINT('Ctrl Pts',(-9.03299813536487,-0.988979750998419,
-1.16274899655434));
#6031=CARTESIAN_POINT('Ctrl Pts',(-9.48533455007559,-0.95,-1.04068901925656));
#6032=CARTESIAN_POINT('Ctrl Pts',(-9.89949493661165,-0.95,-0.93));
#6033=CARTESIAN_POINT('Origin',(-5.85804305228427,-2.23452393350592,-5.43));
#6034=CARTESIAN_POINT('',(-4.13717867284953,3.72972544006243,-10.43));
#6035=CARTESIAN_POINT('',(-4.13717867284953,3.72972544006243,-5.43));
#6036=CARTESIAN_POINT('',(-5.85804305228427,-2.23452393350592,-10.43));
#6037=CARTESIAN_POINT('Ctrl Pts',(11.4,-0.949999999999996,-2.43));
#6038=CARTESIAN_POINT('Ctrl Pts',(11.4,-0.949999999999996,-2.65439947525641));
#6039=CARTESIAN_POINT('Ctrl Pts',(11.3681486054436,-0.873556653064707,-3.32501464773007));
#6040=CARTESIAN_POINT('Ctrl Pts',(11.0790936697626,-0.179824807430201,-4.78697107824486));
#6041=CARTESIAN_POINT('Ctrl Pts',(10.5239991254274,1.15240209897435,-5.43));
#6042=CARTESIAN_POINT('Ctrl Pts',(10.15,2.05000000000001,-5.43));
#6043=CARTESIAN_POINT('Ctrl Pts',(11.9235987755983,-0.949999999999996,-2.43));
#6044=CARTESIAN_POINT('Ctrl Pts',(11.9235987755983,-0.949999999999996,-2.69416506934472));
#6045=CARTESIAN_POINT('Ctrl Pts',(11.8603442550575,-0.847595670455314,-3.49229140916848));
#6046=CARTESIAN_POINT('Ctrl Pts',(11.338263023396,0.0378342383210983,-4.97833588508299));
#6047=CARTESIAN_POINT('Ctrl Pts',(10.6237322255413,1.25213519908831,-5.43));
#6048=CARTESIAN_POINT('Ctrl Pts',(10.15,2.05000000000001,-5.43));
#6049=CARTESIAN_POINT('Ctrl Pts',(12.8307289217856,-0.511401873005582,-2.43));
#6050=CARTESIAN_POINT('Ctrl Pts',(12.8307289217856,-0.511401873005582,-2.72833263863211));
#6051=CARTESIAN_POINT('Ctrl Pts',(12.7143503659437,-0.400083457199985,-3.6386723873237));
#6052=CARTESIAN_POINT('Ctrl Pts',(11.7970645480729,0.469542069176562,-5.12842149586893));
#6053=CARTESIAN_POINT('Ctrl Pts',(10.7982651507408,1.42666812428774,-5.43));
#6054=CARTESIAN_POINT('Ctrl Pts',(10.15,2.05000000000001,-5.43));
#6055=CARTESIAN_POINT('Ctrl Pts',(13.15,0.407300918301277,-2.43));
#6056=CARTESIAN_POINT('Ctrl Pts',(13.15,0.407300918301277,-2.68380075816656));
#6057=CARTESIAN_POINT('Ctrl Pts',(13.0538778528185,0.462894587181654,-3.44928117157564));
#6058=CARTESIAN_POINT('Ctrl Pts',(12.2179359135054,0.925263465948307,-4.93078937333317));
#6059=CARTESIAN_POINT('Ctrl Pts',(10.9727980759402,1.60120104948718,-5.43));
#6060=CARTESIAN_POINT('Ctrl Pts',(10.15,2.05000000000001,-5.43));
#6061=CARTESIAN_POINT('Ctrl Pts',(13.15,0.8,-2.43));
#6062=CARTESIAN_POINT('Ctrl Pts',(13.15,0.8,-2.65439947525641));
#6063=CARTESIAN_POINT('Ctrl Pts',(13.0735566530647,0.831851394556371,-3.32501464773007));
#6064=CARTESIAN_POINT('Ctrl Pts',(12.3798248074302,1.12090633023741,-4.78697107824486));
#6065=CARTESIAN_POINT('Ctrl Pts',(11.0475979010257,1.67600087457265,-5.43));
#6066=CARTESIAN_POINT('Ctrl Pts',(10.15,2.05000000000001,-5.43));
#6067=CARTESIAN_POINT('Origin',(10.15,2.05,-2.43));
#6068=CARTESIAN_POINT('',(13.15,0.800000000000001,-2.43));
#6069=CARTESIAN_POINT('Origin',(10.15,2.05000000000001,-2.43));
#6070=CARTESIAN_POINT('Origin',(11.4,0.800000000000002,-2.43));
#6071=CARTESIAN_POINT('Ctrl Pts',(13.15,8.6,-2.43));
#6072=CARTESIAN_POINT('Ctrl Pts',(13.15,8.6,-2.65439947525641));
#6073=CARTESIAN_POINT('Ctrl Pts',(13.0735642576437,8.5681517740182,-3.32502887983722));
#6074=CARTESIAN_POINT('Ctrl Pts',(12.379653520449,8.27902230018708,-4.78657364656543));
#6075=CARTESIAN_POINT('Ctrl Pts',(11.0475979010257,7.72399912542736,-5.43));
#6076=CARTESIAN_POINT('Ctrl Pts',(10.15,7.35,-5.43));
#6077=CARTESIAN_POINT('Ctrl Pts',(13.15,9.1235987755983,-2.43));
#6078=CARTESIAN_POINT('Ctrl Pts',(13.15,9.1235987755983,-2.69416506934472));
#6079=CARTESIAN_POINT('Ctrl Pts',(13.0475222975544,9.06030532192659,-3.49248393025777));
#6080=CARTESIAN_POINT('Ctrl Pts',(12.1620198487031,8.53814778315447,-4.97880339641555));
#6081=CARTESIAN_POINT('Ctrl Pts',(10.9478648009117,7.82373222554132,-5.43));
#6082=CARTESIAN_POINT('Ctrl Pts',(10.15,7.35,-5.43));
#6083=CARTESIAN_POINT('Ctrl Pts',(12.7112117743368,10.0305705697242,-2.43));
#6084=CARTESIAN_POINT('Ctrl Pts',(12.7112117743368,10.0305705697242,-2.72833263863211));
#6085=CARTESIAN_POINT('Ctrl Pts',(12.5999347416415,9.91421571791752,-3.63856398781102));
#6086=CARTESIAN_POINT('Ctrl Pts',(11.7308096381037,8.99743543881183,-5.12939691507548));
#6087=CARTESIAN_POINT('Ctrl Pts',(10.7733318757123,7.99826515074075,-5.43));
#6088=CARTESIAN_POINT('Ctrl Pts',(10.15,7.35,-5.43));
#6089=CARTESIAN_POINT('Ctrl Pts',(11.7926990816987,10.35,-2.43));
#6090=CARTESIAN_POINT('Ctrl Pts',(11.7926990816987,10.35,-2.68380075816656));
#6091=CARTESIAN_POINT('Ctrl Pts',(11.7371053712663,10.2538546166057,-3.44930199160163));
#6092=CARTESIAN_POINT('Ctrl Pts',(11.2748355899078,9.41800082688833,-4.93095761099582));
#6093=CARTESIAN_POINT('Ctrl Pts',(10.5987989505128,8.17279807594018,-5.43));
#6094=CARTESIAN_POINT('Ctrl Pts',(10.15,7.35,-5.43));
#6095=CARTESIAN_POINT('Ctrl Pts',(11.4,10.35,-2.43));
#6096=CARTESIAN_POINT('Ctrl Pts',(11.4,10.35,-2.65439947525641));
#6097=CARTESIAN_POINT('Ctrl Pts',(11.3681517740182,10.2735642576437,-3.32502887983722));
#6098=CARTESIAN_POINT('Ctrl Pts',(11.0790223001871,9.579653520449,-4.78657364656543));
#6099=CARTESIAN_POINT('Ctrl Pts',(10.5239991254274,8.24759790102565,-5.43));
#6100=CARTESIAN_POINT('Ctrl Pts',(10.15,7.35,-5.43));
#6101=CARTESIAN_POINT('',(13.15,8.6,-2.43));
#6102=CARTESIAN_POINT('',(10.15,7.35,-5.43));
#6103=CARTESIAN_POINT('Origin',(10.15,7.35,-2.43));
#6104=CARTESIAN_POINT('',(11.4,10.35,-2.43));
#6105=CARTESIAN_POINT('Origin',(10.15,7.35,-2.43));
#6106=CARTESIAN_POINT('Origin',(11.4,8.6,-2.43));
#6107=CARTESIAN_POINT('Origin',(-5.7,2.05,-2.43));
#6108=CARTESIAN_POINT('Origin',(2.45749523325557,-1.27043112055518,-5.43));
#6109=CARTESIAN_POINT('',(4.69009514426241,-3.27430178438863,-10.43));
#6110=CARTESIAN_POINT('',(5.33991351367026,-0.438767212037303,-10.43));
#6111=CARTESIAN_POINT('Origin',(2.45749523325557,-1.27043112055518,-10.43));
#6112=CARTESIAN_POINT('',(5.33991351367026,-0.438767212037303,-5.43));
#6113=CARTESIAN_POINT('',(4.69009514426241,-3.27430178438863,-5.43));
#6114=CARTESIAN_POINT('Ctrl Pts',(7.80801894862575,7.57115915909875,-5.43));
#6115=CARTESIAN_POINT('Ctrl Pts',(7.35278540593118,7.63586440711615,-5.43));
#6116=CARTESIAN_POINT('Ctrl Pts',(6.72310444585389,7.92779611589468,-5.59179755546191));
#6117=CARTESIAN_POINT('Ctrl Pts',(5.95576419325428,8.672515838713,-6.19598054658243));
#6118=CARTESIAN_POINT('Ctrl Pts',(5.46650834250554,9.50151748023433,-7.06987573263986));
#6119=CARTESIAN_POINT('Ctrl Pts',(5.33991351367027,9.83876721203728,-7.97354699276102));
#6120=CARTESIAN_POINT('Ctrl Pts',(5.33991351367027,9.83876721203728,-8.43));
#6121=CARTESIAN_POINT('Ctrl Pts',(7.99574939431193,8.44890586042444,-5.43));
#6122=CARTESIAN_POINT('Ctrl Pts',(7.62354717927097,8.50210230891382,-5.43982299514342));
#6123=CARTESIAN_POINT('Ctrl Pts',(7.10020057618237,8.72008442456396,-5.54944353473118));
#6124=CARTESIAN_POINT('Ctrl Pts',(6.31623028875171,9.33510142947213,-6.04698347741789));
#6125=CARTESIAN_POINT('Ctrl Pts',(5.69340569180528,10.0774791378364,-6.90644757681238));
#6126=CARTESIAN_POINT('Ctrl Pts',(5.50028379779849,10.3945857751276,-7.91875824942291));
#6127=CARTESIAN_POINT('Ctrl Pts',(5.50028379779849,10.3945857751276,-8.43));
#6128=CARTESIAN_POINT('Ctrl Pts',(8.32095222275084,9.96941420887433,-4.67788500594252));
#6129=CARTESIAN_POINT('Ctrl Pts',(7.97782227550309,10.0348523349115,-4.69311866362886));
#6130=CARTESIAN_POINT('Ctrl Pts',(7.47449802311752,10.1733033201156,-4.80913056554006));
#6131=CARTESIAN_POINT('Ctrl Pts',(6.56604673273339,10.6000278352448,-5.40667491835832));
#6132=CARTESIAN_POINT('Ctrl Pts',(5.7580925306333,11.1808798918883,-6.48535776329243));
#6133=CARTESIAN_POINT('Ctrl Pts',(5.49104842068563,11.44907379301,-7.77660400200012));
#6134=CARTESIAN_POINT('Ctrl Pts',(5.49104842068563,11.44907379301,-8.43));
#6135=CARTESIAN_POINT('Ctrl Pts',(8.43546174502153,10.5048114113691,-3.10319842576924));
#6136=CARTESIAN_POINT('Ctrl Pts',(7.91010098259601,10.6172556886983,-3.1076945500035));
#6137=CARTESIAN_POINT('Ctrl Pts',(7.14591680706643,10.8758291454009,-3.36905791852912));
#6138=CARTESIAN_POINT('Ctrl Pts',(6.05673086622931,11.4502266107684,-4.39523733568408));
#6139=CARTESIAN_POINT('Ctrl Pts',(5.23138618910166,12.086730992065,-5.94260166500762));
#6140=CARTESIAN_POINT('Ctrl Pts',(4.97990089189417,12.3514165313383,-7.59487884435385));
#6141=CARTESIAN_POINT('Ctrl Pts',(4.97990089189417,12.3514165313383,-8.43));
#6142=CARTESIAN_POINT('Ctrl Pts',(8.43546174502153,10.5048114113691,-2.43));
#6143=CARTESIAN_POINT('Ctrl Pts',(7.81056036174196,10.6384638819689,-2.43));
#6144=CARTESIAN_POINT('Ctrl Pts',(6.90845101589533,10.9759243564024,-2.75359511092383));
#6145=CARTESIAN_POINT('Ctrl Pts',(5.7366022645445,11.6803611520522,-3.96196109316488));
#6146=CARTESIAN_POINT('Ctrl Pts',(4.92339751263387,12.3964807358982,-5.70975146527974));
#6147=CARTESIAN_POINT('Ctrl Pts',(4.69009514426241,12.6743017843886,-7.51709398552213));
#6148=CARTESIAN_POINT('Ctrl Pts',(4.69009514426241,12.6743017843886,-8.43));
#6149=CARTESIAN_POINT('',(5.33991351367027,9.83876721203729,-8.43));
#6150=CARTESIAN_POINT('Ctrl Pts',(7.1170459005218,7.77577323339397,-5.51891247086263));
#6151=CARTESIAN_POINT('Ctrl Pts',(6.92710848233399,7.86261856468111,-5.57014506490406));
#6152=CARTESIAN_POINT('Ctrl Pts',(6.55968661481148,8.0863965300202,-5.72046834215287));
#6153=CARTESIAN_POINT('Ctrl Pts',(5.95576419325428,8.672515838713,-6.19598054658243));
#6154=CARTESIAN_POINT('Ctrl Pts',(5.46650834250554,9.50151748023433,-7.06987573263986));
#6155=CARTESIAN_POINT('Ctrl Pts',(5.33991351367027,9.83876721203728,-7.97354699276102));
#6156=CARTESIAN_POINT('Ctrl Pts',(5.33991351367027,9.83876721203728,-8.43));
#6157=CARTESIAN_POINT('',(4.69009514426241,12.6743017843886,-8.43));
#6158=CARTESIAN_POINT('Origin',(2.45749523325559,10.6704311205552,-8.43));
#6159=CARTESIAN_POINT('',(8.43546174502153,10.5048114113691,-2.43));
#6160=CARTESIAN_POINT('Ctrl Pts',(4.69009514426241,12.6743017843886,-8.43));
#6161=CARTESIAN_POINT('Ctrl Pts',(4.69009514426241,12.6743017843886,-7.51709398552213));
#6162=CARTESIAN_POINT('Ctrl Pts',(4.92339751263387,12.3964807358982,-5.70975146527974));
#6163=CARTESIAN_POINT('Ctrl Pts',(5.7366022645445,11.6803611520522,-3.96196109316488));
#6164=CARTESIAN_POINT('Ctrl Pts',(6.90845101589533,10.9759243564024,-2.75359511092383));
#6165=CARTESIAN_POINT('Ctrl Pts',(7.81056036174196,10.6384638819689,-2.43));
#6166=CARTESIAN_POINT('Ctrl Pts',(8.43546174502153,10.5048114113691,-2.43));
#6167=CARTESIAN_POINT('Origin',(7.80801894862576,7.57115915909874,-2.43));
#6168=CARTESIAN_POINT('Ctrl Pts',(7.53573209677858,7.80073387745865,-5.44297916173817));
#6169=CARTESIAN_POINT('Ctrl Pts',(7.52399972604108,7.80077940422582,-5.44441636768469));
#6170=CARTESIAN_POINT('Ctrl Pts',(7.51227597688273,7.80082964976941,-5.44591734488225));
#6171=CARTESIAN_POINT('Ctrl Pts',(7.50056059922598,7.80087727140657,-5.44748133910891));
#6172=CARTESIAN_POINT('Origin',(9.89949493661167,17.35,-2.43));
#6173=CARTESIAN_POINT('',(9.89949493661167,10.35,-2.43));
#6174=CARTESIAN_POINT('Origin',(9.89949493661167,17.35,-2.43));
#6175=CARTESIAN_POINT('',(9.89949493661167,7.35,-5.43));
#6176=CARTESIAN_POINT('Origin',(9.89949493661167,7.35,-2.43));
#6177=CARTESIAN_POINT('Origin',(9.89949493661167,17.35,-5.43));
#6178=CARTESIAN_POINT('Origin',(5.7,7.35,-2.43));
#6179=CARTESIAN_POINT('',(5.7,7.35,-5.43));
#6180=CARTESIAN_POINT('',(5.7,10.35,-2.43));
#6181=CARTESIAN_POINT('Origin',(7.59183545267692,6.82190064942341,-8.43));
#6182=CARTESIAN_POINT('',(4.52922879910359,7.02905956813566,-8.43));
#6183=CARTESIAN_POINT('Origin',(7.41164707951828,6.19739565961779,-8.43));
#6184=CARTESIAN_POINT('',(4.70941717226223,7.65356455794128,-8.43));
#6185=CARTESIAN_POINT('Origin',(2.45749523325559,10.6704311205552,-5.43));
#6186=CARTESIAN_POINT('',(5.33991351367027,9.83876721203729,-10.43));
#6187=CARTESIAN_POINT('',(4.69009514426241,12.6743017843886,-10.43));
#6188=CARTESIAN_POINT('Origin',(2.45749523325559,10.6704311205552,-10.43));
#6189=CARTESIAN_POINT('',(4.69009514426241,12.6743017843886,-5.43));
#6190=CARTESIAN_POINT('',(5.33991351367027,9.83876721203729,-5.43));
#6191=CARTESIAN_POINT('Origin',(7.59183545267692,6.82190064942341,-8.43));
#6192=CARTESIAN_POINT('',(4.70941717226223,7.65356455794128,-8.43));
#6193=CARTESIAN_POINT('Origin',(10.15,2.75,-2.43));
#6194=CARTESIAN_POINT('',(10.15,2.75,-5.43));
#6195=CARTESIAN_POINT('',(13.15,2.75,-2.43));
#6196=CARTESIAN_POINT('Origin',(11.4,0.8,-5.43));
#6197=CARTESIAN_POINT('',(13.15,0.8,10.47));
#6198=CARTESIAN_POINT('',(13.15,0.8,-5.43));
#6199=CARTESIAN_POINT('Origin',(11.4,0.8,10.47));
#6200=CARTESIAN_POINT('Origin',(13.15,0.8,-5.43));
#6201=CARTESIAN_POINT('',(13.15,8.6,10.47));
#6202=CARTESIAN_POINT('',(13.15,8.6,-0.58));
#6203=CARTESIAN_POINT('',(13.15,2.75,10.47));
#6204=CARTESIAN_POINT('Origin',(11.4,8.6,-5.43));
#6205=CARTESIAN_POINT('',(11.4,10.35,10.47));
#6206=CARTESIAN_POINT('',(11.4,10.35,-5.43));
#6207=CARTESIAN_POINT('Origin',(11.4,8.6,10.47));
#6208=CARTESIAN_POINT('Origin',(11.4,10.35,-5.43));
#6209=CARTESIAN_POINT('',(-7.,10.35,10.47));
#6210=CARTESIAN_POINT('',(5.7,10.35,10.47));
#6211=CARTESIAN_POINT('',(-6.4,10.35,9.87));
#6212=CARTESIAN_POINT('Origin',(-7.,10.35,9.87));
#6213=CARTESIAN_POINT('',(-6.4,10.35,7.63431457505076));
#6214=CARTESIAN_POINT('',(-6.4,10.35,2.72));
#6215=CARTESIAN_POINT('',(-1.16568542494924,10.35,2.4));
#6216=CARTESIAN_POINT('',(2.62465728752538,10.35,-1.39034271247462));
#6217=CARTESIAN_POINT('',(1.16568542494924,10.35,2.4));
#6218=CARTESIAN_POINT('',(5.7,10.35,2.4));
#6219=CARTESIAN_POINT('',(6.4,10.35,7.63431457505076));
#6220=CARTESIAN_POINT('',(3.07534271247462,10.35,4.30965728752538));
#6221=CARTESIAN_POINT('',(6.4,10.35,9.87));
#6222=CARTESIAN_POINT('',(6.4,10.35,2.72));
#6223=CARTESIAN_POINT('',(7.,10.35,10.47));
#6224=CARTESIAN_POINT('Origin',(7.,10.35,9.87));
#6225=CARTESIAN_POINT('',(5.7,10.35,10.47));
#6226=CARTESIAN_POINT('',(9.89949493661166,10.35,-0.93));
#6227=CARTESIAN_POINT('',(9.89949493661167,10.35,-5.43));
#6228=CARTESIAN_POINT('',(-9.89949493661167,10.35,-0.93));
#6229=CARTESIAN_POINT('',(5.7,10.35,-0.93));
#6230=CARTESIAN_POINT('',(-9.89949493661167,10.35,-5.43));
#6231=CARTESIAN_POINT('Origin',(9.89949493661167,17.35,-5.43));
#6232=CARTESIAN_POINT('',(3.29983164553722,15.0166666666667,-10.43));
#6233=CARTESIAN_POINT('Origin',(9.89949493661166,17.35,-10.43));
#6234=CARTESIAN_POINT('',(3.29983164553722,15.0166666666667,-1.43));
#6235=CARTESIAN_POINT('',(3.29983164553722,15.0166666666667,-5.43));
#6236=CARTESIAN_POINT('',(7.30141872525834,10.85,-1.43));
#6237=CARTESIAN_POINT('Origin',(9.89949493661167,17.35,-1.43));
#6238=CARTESIAN_POINT('Ctrl Pts',(7.30141872525835,10.85,-1.43));
#6239=CARTESIAN_POINT('Ctrl Pts',(7.69949425857641,10.6908876040869,-1.43));
#6240=CARTESIAN_POINT('Ctrl Pts',(8.13999842057046,10.5595054561402,-1.35696724887716));
#6241=CARTESIAN_POINT('Ctrl Pts',(9.03299813536489,10.3889797509984,-1.16274899655434));
#6242=CARTESIAN_POINT('Ctrl Pts',(9.4853345500756,10.35,-1.04068901925656));
#6243=CARTESIAN_POINT('Ctrl Pts',(9.89949493661167,10.35,-0.93));
#6244=CARTESIAN_POINT('Origin',(5.85804305228428,11.6345239335059,-5.43));
#6245=CARTESIAN_POINT('',(4.13717867284953,5.67027455993748,-10.43));
#6246=CARTESIAN_POINT('',(4.13717867284953,5.67027455993748,-5.43));
#6247=CARTESIAN_POINT('',(5.85804305228428,11.6345239335059,-10.43));
#6248=CARTESIAN_POINT('Origin',(-1.11022302462516E-15,4.7,-5.43));
#6249=CARTESIAN_POINT('',(1.2,5.75830052442591,-5.43));
#6250=CARTESIAN_POINT('',(-1.2,5.75830052442591,-5.43));
#6251=CARTESIAN_POINT('Origin',(-2.77555756156289E-16,4.7,-5.43));
#6252=CARTESIAN_POINT('',(-1.2,3.64169947557408,-5.43));
#6253=CARTESIAN_POINT('',(-1.2,3.9788897449072,-5.43));
#6254=CARTESIAN_POINT('',(1.2,3.64169947557409,-5.43));
#6255=CARTESIAN_POINT('Origin',(0.,4.7,-5.43));
#6256=CARTESIAN_POINT('',(1.2,3.9788897449072,-5.43));
#6257=CARTESIAN_POINT('Origin',(-4.13717867284953,5.67027455993747,-5.43));
#6258=CARTESIAN_POINT('',(-4.13717867284953,5.67027455993748,-10.43));
#6259=CARTESIAN_POINT('',(-5.85804305228428,11.6345239335059,-10.43));
#6260=CARTESIAN_POINT('',(-4.13717867284953,5.67027455993747,-5.43));
#6261=CARTESIAN_POINT('Origin',(-7.5,4.69999999999995,-5.43));
#6262=CARTESIAN_POINT('Origin',(-7.5,4.69999999999995,-10.43));
#6263=CARTESIAN_POINT('Origin',(4.13717867284953,3.72972544006243,-5.43));
#6264=CARTESIAN_POINT('',(4.13717867284953,3.72972544006243,-10.43));
#6265=CARTESIAN_POINT('',(5.85804305228427,-2.23452393350591,-10.43));
#6266=CARTESIAN_POINT('',(4.13717867284953,3.72972544006243,-5.43));
#6267=CARTESIAN_POINT('Origin',(7.5,4.69999999999995,-5.43));
#6268=CARTESIAN_POINT('Origin',(7.5,4.69999999999995,-10.43));
#6269=CARTESIAN_POINT('Origin',(-1.11022302462516E-15,4.7,-10.43));
#6270=CARTESIAN_POINT('',(-3.29983164553722,15.0166666666667,-10.43));
#6271=CARTESIAN_POINT('Origin',(-9.89949493661167,17.35,-10.43));
#6272=CARTESIAN_POINT('Origin',(0.,13.85,-10.43));
#6273=CARTESIAN_POINT('',(3.29983164553723,-5.61666666666667,-10.43));
#6274=CARTESIAN_POINT('Origin',(9.89949493661168,-7.95,-10.43));
#6275=CARTESIAN_POINT('Origin',(1.58206781009085E-14,-4.45,-10.43));
#6276=CARTESIAN_POINT('',(-1.74999999999998,-4.45,-10.43));
#6277=CARTESIAN_POINT('Origin',(1.58206781009085E-14,-4.45,-10.43));
#6278=CARTESIAN_POINT('',(-1.75,13.85,-10.43));
#6279=CARTESIAN_POINT('Origin',(0.,13.85,-10.43));
#6280=CARTESIAN_POINT('Origin',(0.,4.7,-5.43));
#6281=CARTESIAN_POINT('Origin',(0.,4.7,-5.43));
#6282=CARTESIAN_POINT('Origin',(9.89949493661168,-7.95,-5.43));
#6283=CARTESIAN_POINT('',(7.30141872525836,-1.45,-1.43));
#6284=CARTESIAN_POINT('Ctrl Pts',(9.89949493661168,-0.949999999999996,-0.93));
#6285=CARTESIAN_POINT('Ctrl Pts',(9.48533455007562,-0.949999999999996,-1.04068901925656));
#6286=CARTESIAN_POINT('Ctrl Pts',(9.0329981353649,-0.988979750998416,-1.16274899655434));
#6287=CARTESIAN_POINT('Ctrl Pts',(8.13999842057047,-1.15950545614015,-1.35696724887716));
#6288=CARTESIAN_POINT('Ctrl Pts',(7.69949425857643,-1.29088760408685,-1.43));
#6289=CARTESIAN_POINT('Ctrl Pts',(7.30141872525836,-1.45,-1.43));
#6290=CARTESIAN_POINT('',(3.29983164553724,-5.61666666666667,-1.43));
#6291=CARTESIAN_POINT('Origin',(9.89949493661168,-7.95,-1.43));
#6292=CARTESIAN_POINT('',(3.29983164553724,-5.61666666666667,-5.43));
#6293=CARTESIAN_POINT('Origin',(-5.69999999999999,-1.45,-0.93));
#6294=CARTESIAN_POINT('',(-5.69999999999999,-1.45,-1.43));
#6295=CARTESIAN_POINT('Origin',(1.55431223447522E-14,-4.45,-1.43));
#6296=CARTESIAN_POINT('Origin',(1.52655665885959E-14,-4.45,-1.43));
#6297=CARTESIAN_POINT('',(-1.74999999999999,-4.45,-1.43));
#6298=CARTESIAN_POINT('Origin',(1.51259748620627E-14,-4.45,-1.43));
#6299=CARTESIAN_POINT('Origin',(-9.89949493661167,17.35,-5.43));
#6300=CARTESIAN_POINT('',(-7.30141872525836,10.85,-1.43));
#6301=CARTESIAN_POINT('Ctrl Pts',(-9.89949493661167,10.35,-0.93));
#6302=CARTESIAN_POINT('Ctrl Pts',(-9.4853345500756,10.35,-1.04068901925656));
#6303=CARTESIAN_POINT('Ctrl Pts',(-9.03299813536489,10.3889797509984,-1.16274899655434));
#6304=CARTESIAN_POINT('Ctrl Pts',(-8.13999842057046,10.5595054561402,-1.35696724887716));
#6305=CARTESIAN_POINT('Ctrl Pts',(-7.69949425857641,10.6908876040869,-1.43));
#6306=CARTESIAN_POINT('Ctrl Pts',(-7.30141872525834,10.85,-1.43));
#6307=CARTESIAN_POINT('',(-3.29983164553722,15.0166666666667,-1.43));
#6308=CARTESIAN_POINT('Origin',(-9.89949493661167,17.35,-1.43));
#6309=CARTESIAN_POINT('',(-3.29983164553722,15.0166666666667,-5.43));
#6310=CARTESIAN_POINT('Origin',(5.7,10.85,-0.93));
#6311=CARTESIAN_POINT('',(5.7,10.85,-1.43));
#6312=CARTESIAN_POINT('Origin',(-5.55111512312578E-16,13.85,-1.43));
#6313=CARTESIAN_POINT('Origin',(-9.71445146547012E-16,13.85,-1.43));
#6314=CARTESIAN_POINT('',(-1.75,13.85,-1.43));
#6315=CARTESIAN_POINT('Origin',(-1.11022302462516E-15,13.85,-1.43));
#6316=CARTESIAN_POINT('Origin',(-5.55111512312578E-16,13.85,-5.43));
#6317=CARTESIAN_POINT('Origin',(1.55431223447522E-14,-4.45,-5.43));
#6318=CARTESIAN_POINT('Origin',(1.51259748620627E-14,-4.45,-5.43));
#6319=CARTESIAN_POINT('',(-1.74999999999999,-4.45,-5.43));
#6320=CARTESIAN_POINT('Origin',(-1.11022302462516E-15,13.85,-5.43));
#6321=CARTESIAN_POINT('',(-1.75,13.85,-5.43));
#6322=CARTESIAN_POINT('Origin',(6.3,-0.449999999999997,5.145));
#6323=CARTESIAN_POINT('',(6.,-0.449999999999997,7.8));
#6324=CARTESIAN_POINT('',(6.,-0.449999999999997,9.87));
#6325=CARTESIAN_POINT('',(6.,-0.449999999999997,5.145));
#6326=CARTESIAN_POINT('',(6.02020410288673,-0.341767583605557,10.07));
#6327=CARTESIAN_POINT('Ctrl Pts',(6.,-0.449999999999997,9.87));
#6328=CARTESIAN_POINT('Ctrl Pts',(6.,-0.415461044055448,9.93305921761169));
#6329=CARTESIAN_POINT('Ctrl Pts',(6.00628148134765,-0.377759502787134,10.0017933626947));
#6330=CARTESIAN_POINT('Ctrl Pts',(6.02020410288673,-0.341767583605557,10.07));
#6331=CARTESIAN_POINT('',(6.3,-0.149999999999997,10.07));
#6332=CARTESIAN_POINT('Origin',(6.3,-0.449999999999997,10.07));
#6333=CARTESIAN_POINT('',(6.3,-0.149999999999997,7.67573593128807));
#6334=CARTESIAN_POINT('',(6.3,-0.149999999999997,5.145));
#6335=CARTESIAN_POINT('Origin',(6.3,-0.449999999999997,7.67573593128807));
#6336=CARTESIAN_POINT('Origin',(4.21713203435597,-0.449999999999997,5.59286796564403));
#6337=CARTESIAN_POINT('',(1.12426406871193,-0.149999999999997,2.5));
#6338=CARTESIAN_POINT('',(4.21713203435597,-0.149999999999997,5.59286796564403));
#6339=CARTESIAN_POINT('',(1.,-0.449999999999997,2.8));
#6340=CARTESIAN_POINT('Origin',(1.12426406871193,-0.449999999999997,2.5));
#6341=CARTESIAN_POINT('',(4.005,-0.449999999999997,5.805));
#6342=CARTESIAN_POINT('Origin',(5.7,-0.449999999999997,2.5));
#6343=CARTESIAN_POINT('',(-1.12426406871193,-0.149999999999997,2.5));
#6344=CARTESIAN_POINT('',(5.7,-0.149999999999997,2.5));
#6345=CARTESIAN_POINT('',(-1.,-0.449999999999997,2.8));
#6346=CARTESIAN_POINT('Origin',(-1.12426406871193,-0.449999999999997,2.5));
#6347=CARTESIAN_POINT('',(5.7,-0.449999999999997,2.8));
#6348=CARTESIAN_POINT('Origin',(1.48286796564404,-0.449999999999997,-0.107132034355964));
#6349=CARTESIAN_POINT('',(-6.3,-0.149999999999998,7.67573593128807));
#6350=CARTESIAN_POINT('',(1.48286796564404,-0.149999999999997,-0.107132034355964));
#6351=CARTESIAN_POINT('',(-6.,-0.449999999999998,7.8));
#6352=CARTESIAN_POINT('Origin',(-6.3,-0.449999999999998,7.67573593128807));
#6353=CARTESIAN_POINT('',(1.695,-0.449999999999997,0.105));
#6354=CARTESIAN_POINT('Origin',(-6.3,-0.449999999999998,5.145));
#6355=CARTESIAN_POINT('',(-6.3,-0.149999999999998,10.07));
#6356=CARTESIAN_POINT('',(-6.3,-0.149999999999998,5.145));
#6357=CARTESIAN_POINT('',(-6.02020410288673,-0.341767583605558,10.07));
#6358=CARTESIAN_POINT('Origin',(-6.3,-0.449999999999998,10.07));
#6359=CARTESIAN_POINT('',(-6.,-0.449999999999998,9.87));
#6360=CARTESIAN_POINT('Ctrl Pts',(-6.02020410288673,-0.341767583605558,
10.07));
#6361=CARTESIAN_POINT('Ctrl Pts',(-6.00628148134765,-0.377759502787135,
10.0017933626947));
#6362=CARTESIAN_POINT('Ctrl Pts',(-6.,-0.415461044055449,9.93305921761169));
#6363=CARTESIAN_POINT('Ctrl Pts',(-6.,-0.449999999999998,9.87));
#6364=CARTESIAN_POINT('',(-6.,-0.449999999999998,5.145));
#6365=CARTESIAN_POINT('Origin',(7.,2.45,9.87));
#6366=CARTESIAN_POINT('',(6.02020410288673,0.0500000000000034,10.07));
#6367=CARTESIAN_POINT('',(6.02020410288673,2.45,10.07));
#6368=CARTESIAN_POINT('',(6.,-0.549999999999996,9.87));
#6369=CARTESIAN_POINT('',(6.,2.45,9.87));
#6370=CARTESIAN_POINT('',(7.,-0.549999999999996,10.87));
#6371=CARTESIAN_POINT('Origin',(7.,-0.549999999999996,9.87));
#6372=CARTESIAN_POINT('',(7.,-0.324264068711925,10.87));
#6373=CARTESIAN_POINT('',(7.,2.45,10.87));
#6374=CARTESIAN_POINT('',(6.59010348635095,-0.112132034355961,10.782132034356));
#6375=CARTESIAN_POINT('Ctrl Pts',(7.,-0.324264068711925,10.87));
#6376=CARTESIAN_POINT('Ctrl Pts',(6.86960839528483,-0.252845645500129,10.87));
#6377=CARTESIAN_POINT('Ctrl Pts',(6.71557778492262,-0.168518035066266,10.8385180350663));
#6378=CARTESIAN_POINT('Ctrl Pts',(6.59010348635095,-0.112132034355961,10.782132034356));
#6379=CARTESIAN_POINT('',(6.2,0.200000000000004,10.47));
#6380=CARTESIAN_POINT('Origin',(7.,0.800000000000004,9.87));
#6381=CARTESIAN_POINT('',(6.06325030024024,0.200000000000004,10.22));
#6382=CARTESIAN_POINT('Origin',(7.,0.200000000000004,9.87));
#6383=CARTESIAN_POINT('Origin',(7.,-0.149999999999997,9.87));
#6384=CARTESIAN_POINT('Origin',(6.,0.200000000000004,10.87));
#6385=CARTESIAN_POINT('',(6.,-0.549999999999996,7.8));
#6386=CARTESIAN_POINT('',(6.,2.45,7.8));
#6387=CARTESIAN_POINT('',(6.,-0.549999999999996,2.72));
#6388=CARTESIAN_POINT('Origin',(3.5,2.45,5.3));
#6389=CARTESIAN_POINT('',(1.,-0.549999999999998,2.8));
#6390=CARTESIAN_POINT('',(1.,2.45,2.8));
#6391=CARTESIAN_POINT('',(-2.9075,-0.549999999999998,-1.1075));
#6392=CARTESIAN_POINT('Origin',(0.,4.7,2.8));
#6393=CARTESIAN_POINT('',(-1.,-0.549999999999998,2.8));
#6394=CARTESIAN_POINT('',(-1.,1.875,2.8));
#6395=CARTESIAN_POINT('',(-5.7,-0.549999999999999,2.8));
#6396=CARTESIAN_POINT('Origin',(-3.5,1.875,5.3));
#6397=CARTESIAN_POINT('',(-6.,-0.549999999999999,7.8));
#6398=CARTESIAN_POINT('',(-6.,1.875,7.8));
#6399=CARTESIAN_POINT('',(-2.7925,-0.549999999999998,4.5925));
#6400=CARTESIAN_POINT('Origin',(-6.,-0.95,10.87));
#6401=CARTESIAN_POINT('',(-6.,-0.549999999999999,9.87));
#6402=CARTESIAN_POINT('',(-6.,1.875,9.87));
#6403=CARTESIAN_POINT('',(-6.,-0.549999999999999,2.72));
#6404=CARTESIAN_POINT('Origin',(-7.,1.875,9.87));
#6405=CARTESIAN_POINT('',(-6.02020410288673,0.0500000000000023,10.07));
#6406=CARTESIAN_POINT('',(-6.02020410288673,1.875,10.07));
#6407=CARTESIAN_POINT('',(-6.06325030024024,0.200000000000002,10.22));
#6408=CARTESIAN_POINT('Origin',(-7.,-0.149999999999998,9.87));
#6409=CARTESIAN_POINT('',(-6.2,0.200000000000002,10.47));
#6410=CARTESIAN_POINT('Origin',(-7.,0.200000000000004,9.87));
#6411=CARTESIAN_POINT('',(-6.59010348635095,-0.112132034355962,10.782132034356));
#6412=CARTESIAN_POINT('Origin',(-7.,0.800000000000003,9.87));
#6413=CARTESIAN_POINT('',(-7.,-0.324264068711926,10.87));
#6414=CARTESIAN_POINT('Ctrl Pts',(-6.59010348635095,-0.112132034355963,
10.782132034356));
#6415=CARTESIAN_POINT('Ctrl Pts',(-6.71557778492262,-0.168518035066267,
10.8385180350663));
#6416=CARTESIAN_POINT('Ctrl Pts',(-6.86960839528483,-0.25284564550013,10.87));
#6417=CARTESIAN_POINT('Ctrl Pts',(-7.,-0.324264068711926,10.87));
#6418=CARTESIAN_POINT('',(-7.,-0.549999999999999,10.87));
#6419=CARTESIAN_POINT('',(-7.,1.875,10.87));
#6420=CARTESIAN_POINT('Origin',(-7.,-0.549999999999999,9.87));
#6421=CARTESIAN_POINT('Origin',(-6.3,9.85,5.145));
#6422=CARTESIAN_POINT('',(-6.,9.85,7.8));
#6423=CARTESIAN_POINT('',(-6.,9.85,9.87));
#6424=CARTESIAN_POINT('',(-6.,9.85,5.145));
#6425=CARTESIAN_POINT('',(-6.02020410288673,9.74176758360556,10.07));
#6426=CARTESIAN_POINT('Ctrl Pts',(-6.,9.85,9.87));
#6427=CARTESIAN_POINT('Ctrl Pts',(-6.,9.81441101470252,9.93497630015384));
#6428=CARTESIAN_POINT('Ctrl Pts',(-6.00643085225435,9.77737335815289,10.0025251277024));
#6429=CARTESIAN_POINT('Ctrl Pts',(-6.02020410288673,9.74176758360556,10.07));
#6430=CARTESIAN_POINT('',(-6.3,9.55,10.07));
#6431=CARTESIAN_POINT('Origin',(-6.3,9.85,10.07));
#6432=CARTESIAN_POINT('',(-6.3,9.55,7.67573593128807));
#6433=CARTESIAN_POINT('',(-6.3,9.55,5.145));
#6434=CARTESIAN_POINT('Origin',(-6.3,9.85,7.67573593128807));
#6435=CARTESIAN_POINT('Origin',(-4.21713203435597,9.85,5.59286796564403));
#6436=CARTESIAN_POINT('',(-1.,9.85,2.8));
#6437=CARTESIAN_POINT('',(-4.005,9.85,5.805));
#6438=CARTESIAN_POINT('',(-1.12426406871193,9.55,2.5));
#6439=CARTESIAN_POINT('',(-4.21713203435597,9.55,5.59286796564403));
#6440=CARTESIAN_POINT('Origin',(-1.12426406871193,9.85,2.5));
#6441=CARTESIAN_POINT('Origin',(-5.7,9.85,2.5));
#6442=CARTESIAN_POINT('',(1.,9.85,2.8));
#6443=CARTESIAN_POINT('',(-5.7,9.85,2.8));
#6444=CARTESIAN_POINT('',(1.12426406871193,9.55,2.5));
#6445=CARTESIAN_POINT('',(-5.7,9.55,2.5));
#6446=CARTESIAN_POINT('Origin',(1.12426406871193,9.85,2.5));
#6447=CARTESIAN_POINT('Origin',(-1.48286796564404,9.85,-0.107132034355964));
#6448=CARTESIAN_POINT('',(6.,9.85,7.8));
#6449=CARTESIAN_POINT('',(-1.695,9.85,0.104999999999999));
#6450=CARTESIAN_POINT('',(6.3,9.55,7.67573593128807));
#6451=CARTESIAN_POINT('',(-1.48286796564404,9.55,-0.107132034355964));
#6452=CARTESIAN_POINT('Origin',(6.3,9.85,7.67573593128807));
#6453=CARTESIAN_POINT('Origin',(6.3,9.85,5.145));
#6454=CARTESIAN_POINT('',(6.3,9.55,10.07));
#6455=CARTESIAN_POINT('',(6.3,9.55,5.145));
#6456=CARTESIAN_POINT('',(6.02020410288673,9.74176758360556,10.07));
#6457=CARTESIAN_POINT('Origin',(6.3,9.85,10.07));
#6458=CARTESIAN_POINT('',(6.,9.85,9.87));
#6459=CARTESIAN_POINT('Ctrl Pts',(6.02020410288673,9.74176758360556,10.07));
#6460=CARTESIAN_POINT('Ctrl Pts',(6.00643085225435,9.77737335815289,10.0025251277024));
#6461=CARTESIAN_POINT('Ctrl Pts',(6.,9.81441101470252,9.93497630015384));
#6462=CARTESIAN_POINT('Ctrl Pts',(6.,9.85,9.87));
#6463=CARTESIAN_POINT('',(6.,9.85,5.145));
#6464=CARTESIAN_POINT('Origin',(-7.,6.95,9.87));
#6465=CARTESIAN_POINT('',(-6.02020410288673,9.35,10.07));
#6466=CARTESIAN_POINT('',(-6.02020410288673,6.95,10.07));
#6467=CARTESIAN_POINT('',(-6.,9.95,9.87));
#6468=CARTESIAN_POINT('',(-6.,6.95,9.87));
#6469=CARTESIAN_POINT('',(-7.,9.95,10.87));
#6470=CARTESIAN_POINT('Origin',(-7.,9.95,9.87));
#6471=CARTESIAN_POINT('',(-7.,9.72426406871193,10.87));
#6472=CARTESIAN_POINT('',(-7.,6.95,10.87));
#6473=CARTESIAN_POINT('',(-6.59010348635095,9.51213203435596,10.782132034356));
#6474=CARTESIAN_POINT('Ctrl Pts',(-7.,9.72426406871193,10.87));
#6475=CARTESIAN_POINT('Ctrl Pts',(-6.8774808465525,9.6571575646423,10.87));
#6476=CARTESIAN_POINT('Ctrl Pts',(-6.74607777177615,9.58469201371131,10.8463858939307));
#6477=CARTESIAN_POINT('Ctrl Pts',(-6.6116417709315,9.52191278521727,10.7915832420372));
#6478=CARTESIAN_POINT('Ctrl Pts',(-6.60083899514094,9.51695638813318,10.7869563881332));
#6479=CARTESIAN_POINT('Ctrl Pts',(-6.59010348635095,9.51213203435597,10.782132034356));
#6480=CARTESIAN_POINT('',(-6.2,9.2,10.47));
#6481=CARTESIAN_POINT('Origin',(-7.,8.6,9.87));
#6482=CARTESIAN_POINT('',(-6.06325030024024,9.2,10.22));
#6483=CARTESIAN_POINT('Origin',(-7.,9.2,9.87));
#6484=CARTESIAN_POINT('Origin',(-7.,9.55,9.87));
#6485=CARTESIAN_POINT('Origin',(-6.,9.2,10.87));
#6486=CARTESIAN_POINT('',(-6.,9.95,7.8));
#6487=CARTESIAN_POINT('',(-6.,6.95,7.8));
#6488=CARTESIAN_POINT('',(-6.,9.95,2.72));
#6489=CARTESIAN_POINT('Origin',(-3.5,6.95,5.3));
#6490=CARTESIAN_POINT('',(-1.,9.95,2.8));
#6491=CARTESIAN_POINT('',(-1.,6.95,2.8));
#6492=CARTESIAN_POINT('',(2.9075,9.95,-1.1075));
#6493=CARTESIAN_POINT('Origin',(0.,4.7,2.8));
#6494=CARTESIAN_POINT('',(1.,9.95,2.8));
#6495=CARTESIAN_POINT('',(1.,7.525,2.8));
#6496=CARTESIAN_POINT('',(5.7,9.95,2.8));
#6497=CARTESIAN_POINT('Origin',(3.5,7.525,5.3));
#6498=CARTESIAN_POINT('',(6.,9.95,7.8));
#6499=CARTESIAN_POINT('',(6.,7.525,7.8));
#6500=CARTESIAN_POINT('',(2.7925,9.95,4.5925));
#6501=CARTESIAN_POINT('Origin',(6.,10.35,10.87));
#6502=CARTESIAN_POINT('',(6.,9.95,9.87));
#6503=CARTESIAN_POINT('',(6.,7.525,9.87));
#6504=CARTESIAN_POINT('',(6.,9.95,2.72));
#6505=CARTESIAN_POINT('Origin',(7.,7.525,9.87));
#6506=CARTESIAN_POINT('',(6.02020410288673,9.35,10.07));
#6507=CARTESIAN_POINT('',(6.02020410288673,7.525,10.07));
#6508=CARTESIAN_POINT('',(6.06325030024024,9.2,10.22));
#6509=CARTESIAN_POINT('Origin',(7.,9.55,9.87));
#6510=CARTESIAN_POINT('',(6.2,9.2,10.47));
#6511=CARTESIAN_POINT('Origin',(7.,9.2,9.87));
#6512=CARTESIAN_POINT('',(6.59010348635095,9.51213203435596,10.782132034356));
#6513=CARTESIAN_POINT('Origin',(7.,8.6,9.87));
#6514=CARTESIAN_POINT('',(7.,9.72426406871193,10.87));
#6515=CARTESIAN_POINT('Ctrl Pts',(6.59010348635095,9.51213203435596,10.782132034356));
#6516=CARTESIAN_POINT('Ctrl Pts',(6.60083899514094,9.51695638813318,10.7869563881332));
#6517=CARTESIAN_POINT('Ctrl Pts',(6.6116417709315,9.52191278521727,10.7915832420372));
#6518=CARTESIAN_POINT('Ctrl Pts',(6.74607777177615,9.5846920137113,10.8463858939307));
#6519=CARTESIAN_POINT('Ctrl Pts',(6.8774808465525,9.6571575646423,10.87));
#6520=CARTESIAN_POINT('Ctrl Pts',(7.,9.72426406871193,10.87));
#6521=CARTESIAN_POINT('',(7.,9.95,10.87));
#6522=CARTESIAN_POINT('',(7.,7.525,10.87));
#6523=CARTESIAN_POINT('Origin',(7.,9.95,9.87));
#6524=CARTESIAN_POINT('Origin',(-7.,9.95,9.87));
#6525=CARTESIAN_POINT('Origin',(-7.,9.95,10.47));
#6526=CARTESIAN_POINT('Origin',(-6.4,9.95,9.87));
#6527=CARTESIAN_POINT('Origin',(-7.,-0.549999999999999,9.87));
#6528=CARTESIAN_POINT('Origin',(-6.4,-0.549999999999999,9.87));
#6529=CARTESIAN_POINT('Origin',(-7.,-0.549999999999999,10.47));
#6530=CARTESIAN_POINT('Origin',(5.7,9.95,10.47));
#6531=CARTESIAN_POINT('',(-11.4,9.95,10.87));
#6532=CARTESIAN_POINT('Origin',(-11.4,9.95,10.47));
#6533=CARTESIAN_POINT('',(5.7,9.95,10.87));
#6534=CARTESIAN_POINT('Origin',(-11.4,8.6,10.47));
#6535=CARTESIAN_POINT('',(-12.75,8.6,10.87));
#6536=CARTESIAN_POINT('Origin',(-12.75,8.6,10.47));
#6537=CARTESIAN_POINT('Origin',(-11.4,8.6,10.87));
#6538=CARTESIAN_POINT('Origin',(-12.75,6.65,10.47));
#6539=CARTESIAN_POINT('',(-12.75,0.8,10.87));
#6540=CARTESIAN_POINT('Origin',(-12.75,0.8,10.47));
#6541=CARTESIAN_POINT('',(-12.75,6.65,10.87));
#6542=CARTESIAN_POINT('Origin',(-11.4,0.8,10.47));
#6543=CARTESIAN_POINT('',(-11.4,-0.55,10.87));
#6544=CARTESIAN_POINT('Origin',(-11.4,-0.55,10.47));
#6545=CARTESIAN_POINT('Origin',(-11.4,0.8,10.87));
#6546=CARTESIAN_POINT('Origin',(-5.7,-0.549999999999998,10.47));
#6547=CARTESIAN_POINT('',(-5.7,-0.549999999999998,10.87));
#6548=CARTESIAN_POINT('Origin',(-6.4,-0.549999999999999,2.72));
#6549=CARTESIAN_POINT('Origin',(-6.4,-0.549999999999999,7.63431457505076));
#6550=CARTESIAN_POINT('Origin',(-3.07534271247462,-0.549999999999998,4.30965728752538));
#6551=CARTESIAN_POINT('Origin',(-1.16568542494924,-0.549999999999998,2.4));
#6552=CARTESIAN_POINT('Origin',(-5.7,-0.549999999999999,2.4));
#6553=CARTESIAN_POINT('Origin',(1.16568542494924,-0.549999999999998,2.4));
#6554=CARTESIAN_POINT('Origin',(-2.62465728752538,-0.549999999999998,-1.39034271247462));
#6555=CARTESIAN_POINT('Origin',(6.4,-0.549999999999996,7.63431457505076));
#6556=CARTESIAN_POINT('Origin',(7.,9.95,9.87));
#6557=CARTESIAN_POINT('Origin',(6.4,9.95,9.87));
#6558=CARTESIAN_POINT('Origin',(7.,9.95,10.47));
#6559=CARTESIAN_POINT('Origin',(7.,-0.549999999999996,9.87));
#6560=CARTESIAN_POINT('Origin',(7.,-0.549999999999996,10.47));
#6561=CARTESIAN_POINT('Origin',(6.4,-0.549999999999996,9.87));
#6562=CARTESIAN_POINT('Origin',(-5.7,-0.549999999999998,10.47));
#6563=CARTESIAN_POINT('',(11.4,-0.549999999999995,10.87));
#6564=CARTESIAN_POINT('Origin',(11.4,-0.549999999999995,10.47));
#6565=CARTESIAN_POINT('',(-5.7,-0.549999999999998,10.87));
#6566=CARTESIAN_POINT('Origin',(11.4,0.8,10.47));
#6567=CARTESIAN_POINT('',(12.75,0.8,10.87));
#6568=CARTESIAN_POINT('Origin',(12.75,0.8,10.47));
#6569=CARTESIAN_POINT('Origin',(11.4,0.8,10.87));
#6570=CARTESIAN_POINT('Origin',(12.75,2.75,10.47));
#6571=CARTESIAN_POINT('',(12.75,8.6,10.87));
#6572=CARTESIAN_POINT('Origin',(12.75,8.6,10.47));
#6573=CARTESIAN_POINT('',(12.75,2.75,10.87));
#6574=CARTESIAN_POINT('Origin',(11.4,8.6,10.47));
#6575=CARTESIAN_POINT('',(11.4,9.95,10.87));
#6576=CARTESIAN_POINT('Origin',(11.4,9.95,10.47));
#6577=CARTESIAN_POINT('Origin',(11.4,8.6,10.87));
#6578=CARTESIAN_POINT('Origin',(5.7,9.95,10.47));
#6579=CARTESIAN_POINT('',(5.7,9.95,10.87));
#6580=CARTESIAN_POINT('Origin',(6.4,-0.549999999999996,2.72));
#6581=CARTESIAN_POINT('Origin',(6.4,9.95,2.72));
#6582=CARTESIAN_POINT('Origin',(6.4,9.95,7.63431457505076));
#6583=CARTESIAN_POINT('Origin',(3.07534271247462,9.95,4.30965728752538));
#6584=CARTESIAN_POINT('Origin',(1.16568542494924,9.95,2.4));
#6585=CARTESIAN_POINT('Origin',(5.7,9.95,2.4));
#6586=CARTESIAN_POINT('Origin',(-1.16568542494924,9.95,2.4));
#6587=CARTESIAN_POINT('Origin',(2.62465728752538,9.95,-1.39034271247462));
#6588=CARTESIAN_POINT('Origin',(-6.4,9.95,7.63431457505076));
#6589=CARTESIAN_POINT('Origin',(-6.4,9.95,2.72));
#6590=CARTESIAN_POINT('Origin',(0.,4.7,10.87));
#6591=CARTESIAN_POINT('',(11.4,9.72426406871193,10.87));
#6592=CARTESIAN_POINT('',(-2.85,9.72426406871193,10.87));
#6593=CARTESIAN_POINT('',(12.5242640687119,8.6,10.87));
#6594=CARTESIAN_POINT('Origin',(11.4,8.6,10.87));
#6595=CARTESIAN_POINT('',(12.5242640687119,0.799999999999999,10.87));
#6596=CARTESIAN_POINT('',(12.5242640687119,5.67499999999999,10.87));
#6597=CARTESIAN_POINT('',(11.4,-0.324264068711925,10.87));
#6598=CARTESIAN_POINT('Origin',(11.4,0.799999999999999,10.87));
#6599=CARTESIAN_POINT('',(2.85,-0.324264068711926,10.87));
#6600=CARTESIAN_POINT('Origin',(-2.85,9.72426406871193,10.57));
#6601=CARTESIAN_POINT('',(11.4,9.51213203435596,10.782132034356));
#6602=CARTESIAN_POINT('',(-2.85,9.51213203435596,10.782132034356));
#6603=CARTESIAN_POINT('Origin',(11.4,9.72426406871193,10.57));
#6604=CARTESIAN_POINT('Origin',(-5.7,9.4,10.67));
#6605=CARTESIAN_POINT('',(11.4,9.2,10.47));
#6606=CARTESIAN_POINT('',(-5.7,9.2,10.47));
#6607=CARTESIAN_POINT('',(11.4,9.2,10.47));
#6608=CARTESIAN_POINT('Origin',(-11.4,9.2,10.07));
#6609=CARTESIAN_POINT('',(11.4,9.2,10.22));
#6610=CARTESIAN_POINT('',(-5.7,9.2,10.22));
#6611=CARTESIAN_POINT('',(11.4,9.2,10.07));
#6612=CARTESIAN_POINT('Origin',(-5.7,9.275,10.145));
#6613=CARTESIAN_POINT('',(11.4,9.35,10.07));
#6614=CARTESIAN_POINT('',(-5.7,9.35,10.07));
#6615=CARTESIAN_POINT('',(11.4,9.35,10.07));
#6616=CARTESIAN_POINT('Origin',(-11.4,9.55,-0.58));
#6617=CARTESIAN_POINT('',(-11.4,9.55,10.07));
#6618=CARTESIAN_POINT('',(-11.4,9.55,10.07));
#6619=CARTESIAN_POINT('',(-11.4,9.55,-0.58));
#6620=CARTESIAN_POINT('',(-11.4,9.55,-0.58));
#6621=CARTESIAN_POINT('',(11.4,9.55,-0.58));
#6622=CARTESIAN_POINT('',(-5.7,9.55,-0.58));
#6623=CARTESIAN_POINT('',(11.4,9.55,10.07));
#6624=CARTESIAN_POINT('',(11.4,9.55,-0.58));
#6625=CARTESIAN_POINT('',(-11.4,9.55,10.07));
#6626=CARTESIAN_POINT('Origin',(-5.7,9.275,10.145));
#6627=CARTESIAN_POINT('',(-11.4,9.2,10.22));
#6628=CARTESIAN_POINT('',(-5.7,9.2,10.22));
#6629=CARTESIAN_POINT('',(-11.4,9.35,10.07));
#6630=CARTESIAN_POINT('',(-11.4,9.35,10.07));
#6631=CARTESIAN_POINT('',(-5.7,9.35,10.07));
#6632=CARTESIAN_POINT('Origin',(-11.4,9.2,10.07));
#6633=CARTESIAN_POINT('',(-11.4,9.2,10.47));
#6634=CARTESIAN_POINT('',(-5.7,9.2,10.47));
#6635=CARTESIAN_POINT('',(-11.4,9.2,10.07));
#6636=CARTESIAN_POINT('Origin',(-5.7,9.4,10.67));
#6637=CARTESIAN_POINT('',(-11.4,9.51213203435597,10.782132034356));
#6638=CARTESIAN_POINT('',(-2.85,9.51213203435596,10.782132034356));
#6639=CARTESIAN_POINT('',(-11.4,9.2,10.47));
#6640=CARTESIAN_POINT('Origin',(-2.85,9.72426406871193,10.57));
#6641=CARTESIAN_POINT('',(-11.4,9.72426406871193,10.87));
#6642=CARTESIAN_POINT('',(-2.85,9.72426406871193,10.87));
#6643=CARTESIAN_POINT('Origin',(-11.4,9.72426406871193,10.57));
#6644=CARTESIAN_POINT('Origin',(-11.4,8.6,10.57));
#6645=CARTESIAN_POINT('',(-12.5242640687119,8.6,10.87));
#6646=CARTESIAN_POINT('',(-12.312132034356,8.6,10.782132034356));
#6647=CARTESIAN_POINT('Origin',(-12.5242640687119,8.6,10.57));
#6648=CARTESIAN_POINT('Origin',(-11.4,8.6,10.782132034356));
#6649=CARTESIAN_POINT('Origin',(-11.4,8.6,10.87));
#6650=CARTESIAN_POINT('Origin',(-12.5242640687119,3.725,10.57));
#6651=CARTESIAN_POINT('',(-12.5242640687119,0.8,10.87));
#6652=CARTESIAN_POINT('',(-12.312132034356,0.799999999999999,10.782132034356));
#6653=CARTESIAN_POINT('Origin',(-12.5242640687119,0.8,10.57));
#6654=CARTESIAN_POINT('',(-12.312132034356,3.725,10.782132034356));
#6655=CARTESIAN_POINT('',(-12.5242640687119,3.725,10.87));
#6656=CARTESIAN_POINT('Origin',(-11.4,0.800000000000002,10.57));
#6657=CARTESIAN_POINT('',(-11.4,-0.324264068711927,10.87));
#6658=CARTESIAN_POINT('',(-11.4,-0.112132034355963,10.782132034356));
#6659=CARTESIAN_POINT('Origin',(-11.4,-0.324264068711927,10.57));
#6660=CARTESIAN_POINT('Origin',(-11.4,0.800000000000002,10.782132034356));
#6661=CARTESIAN_POINT('Origin',(-11.4,0.800000000000002,10.87));
#6662=CARTESIAN_POINT('Origin',(2.85,-0.324264068711926,10.57));
#6663=CARTESIAN_POINT('',(2.85,-0.112132034355961,10.782132034356));
#6664=CARTESIAN_POINT('',(2.85,-0.324264068711926,10.87));
#6665=CARTESIAN_POINT('Origin',(0.,4.7,10.87));
#6666=CARTESIAN_POINT('Origin',(2.85,-0.324264068711926,10.57));
#6667=CARTESIAN_POINT('',(11.4,-0.112132034355961,10.782132034356));
#6668=CARTESIAN_POINT('Origin',(11.4,-0.324264068711925,10.57));
#6669=CARTESIAN_POINT('',(2.85,-0.112132034355961,10.782132034356));
#6670=CARTESIAN_POINT('Origin',(11.4,0.799999999999999,10.57));
#6671=CARTESIAN_POINT('',(12.312132034356,0.8,10.782132034356));
#6672=CARTESIAN_POINT('Origin',(12.5242640687119,0.799999999999999,10.57));
#6673=CARTESIAN_POINT('Origin',(11.4,0.799999999999999,10.782132034356));
#6674=CARTESIAN_POINT('Origin',(12.5242640687119,5.67499999999999,10.57));
#6675=CARTESIAN_POINT('',(12.312132034356,8.6,10.782132034356));
#6676=CARTESIAN_POINT('Origin',(12.5242640687119,8.6,10.57));
#6677=CARTESIAN_POINT('',(12.312132034356,5.67499999999999,10.782132034356));
#6678=CARTESIAN_POINT('Origin',(11.4,8.6,10.57));
#6679=CARTESIAN_POINT('Origin',(11.4,8.6,10.782132034356));
#6680=CARTESIAN_POINT('Origin',(5.7,3.2612801348364E-15,10.67));
#6681=CARTESIAN_POINT('',(11.4,0.200000000000004,10.47));
#6682=CARTESIAN_POINT('',(11.4,0.200000000000004,10.47));
#6683=CARTESIAN_POINT('',(5.7,0.200000000000003,10.47));
#6684=CARTESIAN_POINT('Origin',(11.4,8.6,10.67));
#6685=CARTESIAN_POINT('',(12.,8.6,10.47));
#6686=CARTESIAN_POINT('Origin',(11.4,8.6,10.47));
#6687=CARTESIAN_POINT('',(12.,8.6,10.47));
#6688=CARTESIAN_POINT('Origin',(12.2,6.65,10.67));
#6689=CARTESIAN_POINT('',(12.,0.8,10.47));
#6690=CARTESIAN_POINT('',(12.,6.65,10.47));
#6691=CARTESIAN_POINT('',(12.,0.8,10.47));
#6692=CARTESIAN_POINT('Origin',(11.4,0.799999999999999,10.67));
#6693=CARTESIAN_POINT('Origin',(11.4,0.799999999999999,10.47));
#6694=CARTESIAN_POINT('Origin',(11.4,0.200000000000004,10.07));
#6695=CARTESIAN_POINT('',(11.4,0.200000000000004,10.22));
#6696=CARTESIAN_POINT('',(11.4,0.200000000000004,10.07));
#6697=CARTESIAN_POINT('',(5.7,0.200000000000003,10.22));
#6698=CARTESIAN_POINT('Origin',(11.4,0.799999999999999,10.07));
#6699=CARTESIAN_POINT('',(12.,0.8,10.22));
#6700=CARTESIAN_POINT('',(12.,0.8,10.07));
#6701=CARTESIAN_POINT('Origin',(11.4,0.799999999999999,10.22));
#6702=CARTESIAN_POINT('Origin',(12.,8.6,10.07));
#6703=CARTESIAN_POINT('',(12.,8.6,10.22));
#6704=CARTESIAN_POINT('',(12.,8.6,10.07));
#6705=CARTESIAN_POINT('',(12.,6.65,10.22));
#6706=CARTESIAN_POINT('Origin',(11.4,8.6,10.07));
#6707=CARTESIAN_POINT('Origin',(11.4,8.6,10.22));
#6708=CARTESIAN_POINT('Origin',(5.7,3.2612801348364E-15,10.67));
#6709=CARTESIAN_POINT('',(-11.4,0.200000000000002,10.47));
#6710=CARTESIAN_POINT('',(5.7,0.200000000000003,10.47));
#6711=CARTESIAN_POINT('',(-11.4,0.200000000000002,10.47));
#6712=CARTESIAN_POINT('Origin',(-11.4,0.800000000000002,10.67));
#6713=CARTESIAN_POINT('',(-12.,0.8,10.47));
#6714=CARTESIAN_POINT('Origin',(-11.4,0.800000000000002,10.47));
#6715=CARTESIAN_POINT('',(-12.,0.8,10.47));
#6716=CARTESIAN_POINT('Origin',(-12.2,2.75,10.67));
#6717=CARTESIAN_POINT('',(-12.,8.6,10.47));
#6718=CARTESIAN_POINT('',(-12.,2.75,10.47));
#6719=CARTESIAN_POINT('',(-12.,8.6,10.47));
#6720=CARTESIAN_POINT('Origin',(-11.4,8.6,10.67));
#6721=CARTESIAN_POINT('Origin',(-11.4,8.6,10.47));
#6722=CARTESIAN_POINT('Origin',(-11.4,8.6,10.07));
#6723=CARTESIAN_POINT('',(-12.,8.6,10.22));
#6724=CARTESIAN_POINT('',(-12.,8.6,10.07));
#6725=CARTESIAN_POINT('Origin',(-11.4,8.6,10.22));
#6726=CARTESIAN_POINT('Origin',(-12.,0.8,10.07));
#6727=CARTESIAN_POINT('',(-12.,0.8,10.22));
#6728=CARTESIAN_POINT('',(-12.,0.8,10.07));
#6729=CARTESIAN_POINT('',(-12.,2.75,10.22));
#6730=CARTESIAN_POINT('Origin',(-11.4,0.800000000000002,10.07));
#6731=CARTESIAN_POINT('',(-11.4,0.200000000000002,10.22));
#6732=CARTESIAN_POINT('',(-11.4,0.200000000000002,10.07));
#6733=CARTESIAN_POINT('Origin',(-11.4,0.800000000000002,10.22));
#6734=CARTESIAN_POINT('Origin',(11.4,0.200000000000004,10.07));
#6735=CARTESIAN_POINT('',(5.7,0.200000000000003,10.22));
#6736=CARTESIAN_POINT('Origin',(11.4,8.6,10.145));
#6737=CARTESIAN_POINT('',(12.15,8.6,10.07));
#6738=CARTESIAN_POINT('',(12.15,8.6,10.07));
#6739=CARTESIAN_POINT('Origin',(11.4,8.6,10.07));
#6740=CARTESIAN_POINT('Origin',(12.075,6.65,10.145));
#6741=CARTESIAN_POINT('',(12.15,0.8,10.07));
#6742=CARTESIAN_POINT('',(12.15,0.8,10.07));
#6743=CARTESIAN_POINT('',(12.15,6.65,10.07));
#6744=CARTESIAN_POINT('Origin',(11.4,0.799999999999999,10.145));
#6745=CARTESIAN_POINT('',(11.4,0.0500000000000045,10.07));
#6746=CARTESIAN_POINT('',(11.4,0.0500000000000045,10.07));
#6747=CARTESIAN_POINT('Origin',(11.4,0.799999999999999,10.07));
#6748=CARTESIAN_POINT('Origin',(5.7,0.125000000000003,10.145));
#6749=CARTESIAN_POINT('',(5.7,0.0500000000000034,10.07));
#6750=CARTESIAN_POINT('Origin',(5.7,0.125000000000003,10.145));
#6751=CARTESIAN_POINT('',(-11.4,0.0500000000000019,10.07));
#6752=CARTESIAN_POINT('',(5.7,0.0500000000000034,10.07));
#6753=CARTESIAN_POINT('',(-11.4,0.0500000000000019,10.07));
#6754=CARTESIAN_POINT('Origin',(-11.4,0.800000000000002,10.145));
#6755=CARTESIAN_POINT('',(-12.15,0.8,10.07));
#6756=CARTESIAN_POINT('',(-12.15,0.8,10.07));
#6757=CARTESIAN_POINT('Origin',(-11.4,0.800000000000002,10.07));
#6758=CARTESIAN_POINT('Origin',(-12.075,2.75,10.145));
#6759=CARTESIAN_POINT('',(-12.15,8.6,10.07));
#6760=CARTESIAN_POINT('',(-12.15,8.6,10.07));
#6761=CARTESIAN_POINT('',(-12.15,2.75,10.07));
#6762=CARTESIAN_POINT('Origin',(-11.4,8.6,10.145));
#6763=CARTESIAN_POINT('Origin',(-11.4,8.6,10.07));
#6764=CARTESIAN_POINT('Origin',(11.4,-0.149999999999996,-0.58));
#6765=CARTESIAN_POINT('',(11.4,-0.149999999999996,10.07));
#6766=CARTESIAN_POINT('',(11.4,-0.149999999999996,10.07));
#6767=CARTESIAN_POINT('',(11.4,-0.149999999999996,-0.58));
#6768=CARTESIAN_POINT('',(11.4,-0.149999999999996,-0.58));
#6769=CARTESIAN_POINT('',(-11.4,-0.149999999999999,-0.58));
#6770=CARTESIAN_POINT('',(5.7,-0.149999999999997,-0.58));
#6771=CARTESIAN_POINT('',(-11.4,-0.149999999999999,10.07));
#6772=CARTESIAN_POINT('',(-11.4,-0.149999999999999,-0.58));
#6773=CARTESIAN_POINT('',(11.4,-0.149999999999996,10.07));
#6774=CARTESIAN_POINT('Origin',(0.,4.7,10.07));
#6775=CARTESIAN_POINT('',(12.35,8.6,10.07));
#6776=CARTESIAN_POINT('Origin',(11.4,8.6,10.07));
#6777=CARTESIAN_POINT('',(12.35,0.8,10.07));
#6778=CARTESIAN_POINT('',(12.35,8.6,10.07));
#6779=CARTESIAN_POINT('Origin',(11.4,0.799999999999999,10.07));
#6780=CARTESIAN_POINT('Origin',(0.,4.7,10.07));
#6781=CARTESIAN_POINT('',(-12.35,0.8,10.07));
#6782=CARTESIAN_POINT('Origin',(-11.4,0.800000000000001,10.07));
#6783=CARTESIAN_POINT('',(-12.35,8.6,10.07));
#6784=CARTESIAN_POINT('',(-12.35,0.8,10.07));
#6785=CARTESIAN_POINT('Origin',(-11.4,8.6,10.07));
#6786=CARTESIAN_POINT('Origin',(12.35,8.6,-0.58));
#6787=CARTESIAN_POINT('',(12.35,0.8,-0.58));
#6788=CARTESIAN_POINT('',(12.35,8.6,-0.58));
#6789=CARTESIAN_POINT('',(12.35,6.65,-0.58));
#6790=CARTESIAN_POINT('',(12.35,0.8,-0.58));
#6791=CARTESIAN_POINT('',(12.35,8.6,-0.58));
#6792=CARTESIAN_POINT('Origin',(11.4,8.6,-0.58));
#6793=CARTESIAN_POINT('Origin',(11.4,8.6,-0.58));
#6794=CARTESIAN_POINT('Origin',(-11.4,8.6,-0.58));
#6795=CARTESIAN_POINT('',(-12.35,8.6,-0.58));
#6796=CARTESIAN_POINT('Origin',(-11.4,8.6,-0.58));
#6797=CARTESIAN_POINT('',(-12.35,8.6,-0.58));
#6798=CARTESIAN_POINT('Origin',(-12.35,0.8,-0.58));
#6799=CARTESIAN_POINT('',(-12.35,0.8,-0.58));
#6800=CARTESIAN_POINT('',(-12.35,2.75,-0.58));
#6801=CARTESIAN_POINT('',(-12.35,0.8,-0.58));
#6802=CARTESIAN_POINT('Origin',(-11.4,0.800000000000001,-0.58));
#6803=CARTESIAN_POINT('Origin',(-11.4,0.800000000000001,-0.58));
#6804=CARTESIAN_POINT('Origin',(11.4,0.799999999999999,-0.58));
#6805=CARTESIAN_POINT('Origin',(11.4,0.799999999999999,-0.58));
#6806=CARTESIAN_POINT('Origin',(0.,4.7,-0.58));
#6807=CARTESIAN_POINT('',(7.8,1.1,-0.58));
#6808=CARTESIAN_POINT('',(7.8,-2.0643209364124E-15,-0.58));
#6809=CARTESIAN_POINT('',(7.8,1.1,-0.58));
#6810=CARTESIAN_POINT('',(10.5,1.1,-0.58));
#6811=CARTESIAN_POINT('',(10.5,1.1,-0.58));
#6812=CARTESIAN_POINT('',(10.5,-2.39391839684799E-15,-0.58));
#6813=CARTESIAN_POINT('',(10.5,0.1,-0.58));
#6814=CARTESIAN_POINT('',(5.7,3.05311331771918E-15,-0.58));
#6815=CARTESIAN_POINT('',(10.5,8.3,-0.58));
#6816=CARTESIAN_POINT('',(10.5,9.4,-0.58));
#6817=CARTESIAN_POINT('',(10.5,8.3,-0.58));
#6818=CARTESIAN_POINT('',(7.8,8.3,-0.58));
#6819=CARTESIAN_POINT('',(7.8,8.3,-0.58));
#6820=CARTESIAN_POINT('',(7.8,9.4,-0.58));
#6821=CARTESIAN_POINT('',(7.8,9.3,-0.58));
#6822=CARTESIAN_POINT('',(-5.7,9.4,-0.58));
#6823=CARTESIAN_POINT('',(-7.8,8.3,-0.58));
#6824=CARTESIAN_POINT('',(-7.8,9.4,-0.58));
#6825=CARTESIAN_POINT('',(-7.8,8.3,-0.58));
#6826=CARTESIAN_POINT('',(-10.5,8.3,-0.58));
#6827=CARTESIAN_POINT('',(-10.5,8.3,-0.58));
#6828=CARTESIAN_POINT('',(-10.5,9.4,-0.58));
#6829=CARTESIAN_POINT('',(-10.5,9.3,-0.58));
#6830=CARTESIAN_POINT('',(-5.7,9.4,-0.58));
#6831=CARTESIAN_POINT('',(-1.2,3.9788897449072,-0.58));
#6832=CARTESIAN_POINT('',(1.2,3.9788897449072,-0.58));
#6833=CARTESIAN_POINT('Origin',(0.,4.7,-0.58));
#6834=CARTESIAN_POINT('',(-1.2,5.4211102550928,-0.58));
#6835=CARTESIAN_POINT('',(-1.2,4.4,-0.58));
#6836=CARTESIAN_POINT('',(1.2,5.4211102550928,-0.58));
#6837=CARTESIAN_POINT('Origin',(0.,4.7,-0.58));
#6838=CARTESIAN_POINT('',(1.2,5.,-0.58));
#6839=CARTESIAN_POINT('',(-10.5,2.39391839684799E-15,-0.58));
#6840=CARTESIAN_POINT('',(-7.8,2.0643209364124E-15,-0.58));
#6841=CARTESIAN_POINT('',(5.7,3.05311331771918E-15,-0.58));
#6842=CARTESIAN_POINT('',(-10.5,1.1,-0.58));
#6843=CARTESIAN_POINT('',(-10.5,1.1,-0.58));
#6844=CARTESIAN_POINT('',(-7.8,1.1,-0.58));
#6845=CARTESIAN_POINT('',(-7.8,1.1,-0.58));
#6846=CARTESIAN_POINT('',(-7.8,0.1,-0.58));
#6847=CARTESIAN_POINT('',(8.7,7.8,-0.58));
#6848=CARTESIAN_POINT('',(8.7,1.6,-0.58));
#6849=CARTESIAN_POINT('',(6.3,7.8,-0.58));
#6850=CARTESIAN_POINT('',(-6.3,7.8,-0.58));
#6851=CARTESIAN_POINT('',(-6.3,1.6,-0.58));
#6852=CARTESIAN_POINT('',(-8.7,7.8,-0.58));
#6853=CARTESIAN_POINT('Origin',(11.4,3.88578058618805E-15,-5.43));
#6854=CARTESIAN_POINT('',(-7.8,1.66533453693773E-15,-1.58));
#6855=CARTESIAN_POINT('',(-7.8,2.0643209364124E-15,-0.58));
#6856=CARTESIAN_POINT('',(-10.5,2.22044604925031E-15,-1.58));
#6857=CARTESIAN_POINT('',(-7.8,1.66533453693773E-15,-1.58));
#6858=CARTESIAN_POINT('',(-10.5,2.39391839684799E-15,-0.58));
#6859=CARTESIAN_POINT('Origin',(-11.4,9.4,-5.43));
#6860=CARTESIAN_POINT('',(-7.8,9.4,-1.58));
#6861=CARTESIAN_POINT('',(-7.8,9.4,-0.58));
#6862=CARTESIAN_POINT('',(-10.5,9.4,-1.58));
#6863=CARTESIAN_POINT('',(-10.5,9.4,-0.58));
#6864=CARTESIAN_POINT('',(-10.5,9.4,-1.58));
#6865=CARTESIAN_POINT('Origin',(11.4,3.88578058618805E-15,-5.43));
#6866=CARTESIAN_POINT('',(7.8,-2.22044604925031E-15,-1.58));
#6867=CARTESIAN_POINT('',(7.8,-2.0643209364124E-15,-0.58));
#6868=CARTESIAN_POINT('',(10.5,-2.22044604925031E-15,-1.58));
#6869=CARTESIAN_POINT('',(10.5,-2.39391839684799E-15,-0.58));
#6870=CARTESIAN_POINT('',(10.5,-2.22044604925031E-15,-1.58));
#6871=CARTESIAN_POINT('Origin',(-11.4,9.4,-5.43));
#6872=CARTESIAN_POINT('',(10.5,9.4,-1.58));
#6873=CARTESIAN_POINT('',(10.5,9.4,-0.58));
#6874=CARTESIAN_POINT('',(7.8,9.4,-1.58));
#6875=CARTESIAN_POINT('',(7.8,9.4,-0.58));
#6876=CARTESIAN_POINT('',(7.8,9.4,-1.58));
#6877=CARTESIAN_POINT('Origin',(0.,4.7,-2.93));
#6878=CARTESIAN_POINT('',(1.2,3.64169947557409,-2.93));
#6879=CARTESIAN_POINT('',(-1.2,3.64169947557408,-2.93));
#6880=CARTESIAN_POINT('Origin',(0.,4.7,-2.93));
#6881=CARTESIAN_POINT('',(1.2,3.64169947557409,-2.93));
#6882=CARTESIAN_POINT('',(-1.2,3.64169947557408,-2.93));
#6883=CARTESIAN_POINT('Origin',(-2.77555756156289E-16,4.7,-2.93));
#6884=CARTESIAN_POINT('',(-1.2,5.75830052442591,-2.93));
#6885=CARTESIAN_POINT('',(1.2,5.75830052442591,-2.93));
#6886=CARTESIAN_POINT('Origin',(-2.77555756156289E-16,4.7,-2.93));
#6887=CARTESIAN_POINT('',(-1.2,5.75830052442591,-2.93));
#6888=CARTESIAN_POINT('',(1.2,5.75830052442591,-2.93));
#6889=CARTESIAN_POINT('Origin',(0.,4.7,-2.93));
#6890=CARTESIAN_POINT('',(-1.2,3.9788897449072,-2.93));
#6891=CARTESIAN_POINT('',(-1.2,5.22915026221296,-2.93));
#6892=CARTESIAN_POINT('',(1.2,3.9788897449072,-2.93));
#6893=CARTESIAN_POINT('Origin',(-3.46944695195361E-16,4.7,-2.93));
#6894=CARTESIAN_POINT('',(1.2,4.17084973778704,-2.93));
#6895=CARTESIAN_POINT('Origin',(0.,4.7,-2.93));
#6896=CARTESIAN_POINT('',(-1.2,5.4211102550928,-2.93));
#6897=CARTESIAN_POINT('',(-1.2,5.22915026221296,-2.93));
#6898=CARTESIAN_POINT('',(1.2,5.4211102550928,-2.93));
#6899=CARTESIAN_POINT('',(1.2,4.17084973778704,-2.93));
#6900=CARTESIAN_POINT('Origin',(-3.46944695195361E-16,4.7,-2.93));
#6901=CARTESIAN_POINT('Origin',(9.15,8.85,-1.58));
#6902=CARTESIAN_POINT('',(7.8,8.3,-1.58));
#6903=CARTESIAN_POINT('',(7.8,9.125,-1.58));
#6904=CARTESIAN_POINT('',(10.5,8.3,-1.58));
#6905=CARTESIAN_POINT('',(8.475,8.3,-1.58));
#6906=CARTESIAN_POINT('',(10.5,8.575,-1.58));
#6907=CARTESIAN_POINT('Origin',(10.5,8.3,-0.58));
#6908=CARTESIAN_POINT('',(10.5,8.3,-0.58));
#6909=CARTESIAN_POINT('Origin',(7.8,8.3,-0.58));
#6910=CARTESIAN_POINT('',(7.8,8.3,-0.58));
#6911=CARTESIAN_POINT('Origin',(7.8,9.4,-0.58));
#6912=CARTESIAN_POINT('Origin',(9.15,0.549999999999999,-1.58));
#6913=CARTESIAN_POINT('',(10.5,1.1,-1.58));
#6914=CARTESIAN_POINT('',(10.5,0.274999999999998,-1.58));
#6915=CARTESIAN_POINT('',(7.8,1.1,-1.58));
#6916=CARTESIAN_POINT('',(9.825,1.1,-1.58));
#6917=CARTESIAN_POINT('',(7.8,0.825,-1.58));
#6918=CARTESIAN_POINT('Origin',(7.8,1.1,-0.58));
#6919=CARTESIAN_POINT('',(7.8,1.1,-0.58));
#6920=CARTESIAN_POINT('Origin',(10.5,1.1,-0.58));
#6921=CARTESIAN_POINT('',(10.5,1.1,-0.58));
#6922=CARTESIAN_POINT('Origin',(10.5,-2.39391839684799E-15,-0.58));
#6923=CARTESIAN_POINT('Origin',(-9.15,8.85,-1.58));
#6924=CARTESIAN_POINT('',(-10.5,8.3,-1.58));
#6925=CARTESIAN_POINT('',(-10.5,9.125,-1.58));
#6926=CARTESIAN_POINT('',(-7.8,8.3,-1.58));
#6927=CARTESIAN_POINT('',(-9.825,8.3,-1.58));
#6928=CARTESIAN_POINT('',(-7.8,8.575,-1.58));
#6929=CARTESIAN_POINT('Origin',(-7.8,8.3,-0.58));
#6930=CARTESIAN_POINT('',(-7.8,8.3,-0.58));
#6931=CARTESIAN_POINT('Origin',(-10.5,8.3,-0.58));
#6932=CARTESIAN_POINT('',(-10.5,8.3,-0.58));
#6933=CARTESIAN_POINT('Origin',(-10.5,9.4,-0.58));
#6934=CARTESIAN_POINT('Origin',(-9.15,0.550000000000001,-1.58));
#6935=CARTESIAN_POINT('',(-7.8,1.1,-1.58));
#6936=CARTESIAN_POINT('',(-7.8,0.275000000000001,-1.58));
#6937=CARTESIAN_POINT('',(-10.5,1.1,-1.58));
#6938=CARTESIAN_POINT('',(-8.475,1.1,-1.58));
#6939=CARTESIAN_POINT('',(-10.5,0.825,-1.58));
#6940=CARTESIAN_POINT('Origin',(-10.5,1.1,-0.58));
#6941=CARTESIAN_POINT('',(-10.5,1.1,-0.58));
#6942=CARTESIAN_POINT('Origin',(-7.8,1.1,-0.58));
#6943=CARTESIAN_POINT('',(-7.8,1.1,-0.58));
#6944=CARTESIAN_POINT('Origin',(-7.8,2.0643209364124E-15,-0.58));
#6945=CARTESIAN_POINT('Origin',(0.,4.7,-0.78));
#6946=CARTESIAN_POINT('',(6.3,7.8,-0.78));
#6947=CARTESIAN_POINT('Origin',(0.,4.7,-0.78));
#6948=CARTESIAN_POINT('',(-8.7,7.8,-0.78));
#6949=CARTESIAN_POINT('Origin',(-8.7,7.8,-0.58));
#6950=CARTESIAN_POINT('Origin',(-6.3,7.8,-0.58));
#6951=CARTESIAN_POINT('Origin',(-6.3,1.6,-0.58));
#6952=CARTESIAN_POINT('Origin',(-1.2,5.4211102550928,-0.58));
#6953=CARTESIAN_POINT('',(-1.2,3.9788897449072,-0.58));
#6954=CARTESIAN_POINT('',(-1.2,5.4211102550928,-0.58));
#6955=CARTESIAN_POINT('Origin',(0.,4.7,-0.58));
#6956=CARTESIAN_POINT('',(1.2,5.4211102550928,-0.58));
#6957=CARTESIAN_POINT('Origin',(1.2,3.9788897449072,-0.58));
#6958=CARTESIAN_POINT('',(1.2,3.9788897449072,-0.58));
#6959=CARTESIAN_POINT('Origin',(0.,4.7,-0.58));
#6960=CARTESIAN_POINT('Origin',(8.7,1.6,-0.58));
#6961=CARTESIAN_POINT('Origin',(6.3,7.8,-0.58));
#6962=CARTESIAN_POINT('Origin',(8.7,7.8,-0.58));
#6963=UNCERTAINTY_MEASURE_WITH_UNIT(LENGTH_MEASURE(0.01),#6967,
'DISTANCE_ACCURACY_VALUE',
'Maximum model space distance between geometric entities at asserted c
onnectivities');
#6964=UNCERTAINTY_MEASURE_WITH_UNIT(LENGTH_MEASURE(0.01),#6967,
'DISTANCE_ACCURACY_VALUE',
'Maximum model space distance between geometric entities at asserted c
onnectivities');
#6965=(
GEOMETRIC_REPRESENTATION_CONTEXT(3)
GLOBAL_UNCERTAINTY_ASSIGNED_CONTEXT((#6963))
GLOBAL_UNIT_ASSIGNED_CONTEXT((#6967,#6968,#6969))
REPRESENTATION_CONTEXT('','3D')
);
#6966=(
GEOMETRIC_REPRESENTATION_CONTEXT(3)
GLOBAL_UNCERTAINTY_ASSIGNED_CONTEXT((#6964))
GLOBAL_UNIT_ASSIGNED_CONTEXT((#6967,#6968,#6969))
REPRESENTATION_CONTEXT('','3D')
);
#6967=(
LENGTH_UNIT()
NAMED_UNIT(*)
SI_UNIT(.MILLI.,.METRE.)
);
#6968=(
NAMED_UNIT(*)
PLANE_ANGLE_UNIT()
SI_UNIT($,.RADIAN.)
);
#6969=(
NAMED_UNIT(*)
SI_UNIT($,.STERADIAN.)
SOLID_ANGLE_UNIT()
);
#6970=SHAPE_DEFINITION_REPRESENTATION(#6971,#6972);
#6971=PRODUCT_DEFINITION_SHAPE('',$,#6974);
#6972=SHAPE_REPRESENTATION('',(#3794),#6965);
#6973=PRODUCT_DEFINITION_CONTEXT('part definition',#6978,'design');
#6974=PRODUCT_DEFINITION('696105003002 (rev1)','696105003002 (rev1) v7',
#6975,#6973);
#6975=PRODUCT_DEFINITION_FORMATION('',$,#6980);
#6976=PRODUCT_RELATED_PRODUCT_CATEGORY('696105003002 (rev1) v7',
'696105003002 (rev1) v7',(#6980));
#6977=APPLICATION_PROTOCOL_DEFINITION('international standard',
'automotive_design',2009,#6978);
#6978=APPLICATION_CONTEXT(
'Core Data for Automotive Mechanical Design Process');
#6979=PRODUCT_CONTEXT('part definition',#6978,'mechanical');
#6980=PRODUCT('696105003002 (rev1)','696105003002 (rev1) v7','Unknown',
(#6979));
#6981=PRESENTATION_STYLE_ASSIGNMENT((#6982));
#6982=SURFACE_STYLE_USAGE(.BOTH.,#6983);
#6983=SURFACE_SIDE_STYLE('',(#6984));
#6984=SURFACE_STYLE_FILL_AREA(#6985);
#6985=FILL_AREA_STYLE('Steel - Satin',(#6986));
#6986=FILL_AREA_STYLE_COLOUR('Steel - Satin',#6987);
#6987=COLOUR_RGB('Steel - Satin',0.627450980392157,0.627450980392157,0.627450980392157);
ENDSEC;
END-ISO-10303-21;
